restaurant_name,category,pricing_for_2,locality,dining_rating,dining_review_count,delivery_rating,delivery_rating_count,website,address,phone_no,latitude,longitude,known_for2,known_for22
Rustom's,"Parsi, Street Food, North Indian, Desserts, Beverages",2100,"ito, new delhi",4.9,1885,4.4,1844,https://www.zomato.com/ncr/rustoms-ito-new-delhi,"Delhi Parsi Anjuman, LNJP Colony, Bahadur Shah Zafar Road, Near Maulana Azad Medical College Campus, ITO, New Delhi",9.1991E+11,28.638167,77.240472,not specified,not specified
Cafe Lota,"Cafe, South Indian, North Indian, Beverages",1200,"pragati maidan, new delhi",4.9,3748,3.9,37,https://www.zomato.com/ncr/cafe-lota-pragati-maidan-new-delhi,"National Crafts Museum, Gate 2, Bhairon Marg, Pragati Maidan, New Delhi",9.17839E+11,28.613429,77.242471,"pondicherry fish curry, coconut rabdi, sabudana pop corn, chicken pasanda, majestic chicken, bhapa doi","artistic decor, the service, natural ambience, fusion menu, serene ambience, fusion food"
Dum-Pukht - ITC Maurya,"Mughlai, North Indian, Desserts",5000,"itc maurya, chanakyapuri, new delhi",4.9,1371,0.0,0,https://www.zomato.com/ncr/dum-pukht-itc-maurya-chanakyapuri-new-delhi,"ITC Maurya, Chanakyapuri, New Delhi",9.11146E+11,28.5982003,77.17366073,"royal ambiance and mughlai cuisine, also received the ""times food award 2015"" for culinary heritage",not specified
Burma Burma,"Asian, Burmese, Bubble Tea, Desserts, Salad",1600,"cyber hub, dlf cyber city, gurgaon",4.9,2636,4.4,1238,https://www.zomato.com/ncr/burma-burma-dlf-cyber-city,"Shop 6, Ground Floor, Building 8, Tower C, Cyber Hub, DLF Cyber City, Gurgaon",9.11244E+11,28.49446439,77.08853245,"coconut milk dessert, honey caviar, kaffir lime cooler, samosa curry, samosa soup, corn curry","knowledgeable staff, authentic, soothing ambience, dessert menu, pure veg, cozy"
The Big Chill,"Continental, American, Italian",1500,"khan market, new delhi",4.9,6487,0.0,0,https://www.zomato.com/ncr/the-big-chill-khan-market-new-delhi,"68-A, Khan Market, New Delhi",9.11142E+11,28.60035007,77.22749334,"irish cream tiramisu, penne vodka, mississippi mudpie, iced tea pitcher, tuna melt, banofi pie","retro ambience, yummy desserts, big portions, big menu, happy place, great decor"
Carnatic Cafe,South Indian,600,"lodhi colony, new delhi",4.9,2518,4.2,931,https://www.zomato.com/ncr/carnatic-cafe-lodhi-colony-new-delhi,"84-85, Meharchand Market, Lodhi Road, Near Lodhi Colony, New Delhi",9.19667E+11,28.584296,77.226613,"malleshwari dosa, benne khali dosa, obbattu, raagi masala dosa, bombat dosa, puliyogare","cosy ambience, live kitchen, quiet place, calm, cosy place, nice decor"
"Cocktails & Dreams, Speakeasy","Nepalese, Tibetan, Beverages",2500,"sector 15, gurgaon",4.9,1299,3.8,25,https://www.zomato.com/ncr/cocktails-dreams-speakeasy-sector-15,"SCO 23, Sector 15, Gurgaon",9.11244E+11,28.45797541,77.0446267,"classic martini, coktails, bloody mary, calamari, bacon, pork","jazz music, band playing, bartender, live band, live performances, bar counter"
Natural Ice Cream,"Ice Cream, Desserts",400,"connaught place, new delhi",4.9,4014,4.5,6969,https://www.zomato.com/NaturalsCP,"L-8, L Block, Outer Circle, Connaught Place, New Delhi",9.11144E+11,28.63444917,77.22203437,"watermelon ice cream, choco bite, chocobite, choco almond, roasted almond ice cream, tender coconut ice cream","bank for the buck, totally worth it, coffee date, table service, happy place, great flavour"
Kuremal Mohan Lal Kulfi Wale,"Ice Cream, Desserts",200,"chawri bazar, new delhi",4.9,1120,0.0,5,https://www.zomato.com/ncr/kuremal-mohan-lal-kulfi-wale-chawri-bazar-new-delhi,"526, Kucha Pati Ram, Bazar Sita Ram, Near Chawri Bazar Metro Station, Chawri Bazar, New Delhi",9.19811E+11,28.64766195,77.22699109,"orange kulfi, jamun kulfi, mixed fruit, fruit cream, ice creams, dessert","bank for the buck, totally worth it, table service, authenticity, concept, owner"
Juggernaut,"South Indian, North Indian, Fast Food, Desserts, Beverages",700,"kailash colony, new delhi",4.8,2480,4.2,573,https://www.zomato.com/ncr/juggernaut-kailash-colony-new-delhi,"HS-16, Main Market, Kailash Colony, New Delhi",9.11141E+11,28.55293914,77.24094898,"podi ghee idli, chettinad idli, ganne ka ras, pesarattu, appalam, chettinad curry","everything was very good, calm, lovely ambience, soothing music, warm welcome, ambience was super cool"
Comorin,"North Indian, Desserts, Beverages",2500,"two horizon center, golf course road, gurgaon",4.8,803,4.4,217,https://www.zomato.com/ncr/comorin-golf-course-road,"101, 1st Floor, Plaza Level, Two Horizon Center, Golf Course Road, Gurgaon",9.11245E+11,28.45154524,77.0971011,"champaran style mutton, gunpowder idli, coktails, sev puri, haleem, chocolate dessert","bar games, vintage decor, soft music, fancy crowd, great recommendations, courteous staff"
Viet:Nom,"Vietnamese, Beverages",2000,"cyber hub, dlf cyber city, gurgaon",4.8,1381,4.0,75,https://www.zomato.com/ncr/vietnom-dlf-cyber-city,"17-18, DLF Phase 2, DLF Cyber Hub, Near DLF Cyber City, Gurgaon",9.18512E+11,28.49569519,77.08890092,not specified,not specified
Cafeteria & Co.,"Cafe, Continental, Italian, Fast Food, Oriental, Beverages",1300,"vijay nagar, new delhi",4.8,5228,4.1,2037,https://www.zomato.com/ncr/cafeteria-co-vijay-nagar-new-delhi,"G 14, Hudson Lane, Vijay Nagar, New Delhi",9.17043E+11,28.69448281,77.2042758,"peri peri chicken skewer, tropical heaven sundae, chicken cannelloni, banana nutella crepe, chipotle pizza, blueberry ice cream","highly recommended, amazing atmosphere, ambience is very nice, classy place, affordable, cordial staff"
Sana-Di-Ge,"Mangalorean, Seafood, Goan, South Indian, North Indian, Kerala",2200,"chanakyapuri, new delhi",4.8,2038,4.3,172,https://www.zomato.com/ncr/sana-di-ge-chanakyapuri-new-delhi,"22/48, Ground Floor, First Floor And Second Floor, Commercial Complex, Malcha Marg, Chanakayapuri, New Delhi",9.11141E+11,28.60191756,77.18709189,"interiors and the outdoor seating , along with seafood and authentic south indian delicacies",not specified
Pa Pa Ya,"Asian, Chinese, Thai, Japanese, Sushi, Malaysian, Momos, Beverages",2500,"select citywalk mall, saket, new delhi",4.8,4077,4.3,125,https://www.zomato.com/ncr/pa-pa-ya-saket-new-delhi,"A-3, Select Citywalk, District Centre, Saket, New Delhi",9.188E+11,28.52842842,77.21840534,not specified,not specified
Yum Yum Cha,"Asian, Japanese, Sushi, Desserts, Beverages, Rolls",1800,"cyber hub, dlf cyber city, gurgaon",4.8,1742,4.2,643,https://www.zomato.com/ncr/yum-yum-cha-dlf-cyber-city,"2E, Ground Floor, Tower-A, Building 10, DLF Cyber City, Gurgaon",9.1981E+11,28.4950508,77.0876302,"spicy basil noodle, takoyaki, crispy corn cakes, chilli bowl, sashimi platter, mochi ice cream","gastronomical experience, happy place, themed decor, comfortable seating, decoration, fancy crowd"
Coast Cafe,"Continental, Kerala",1400,"hauz khas village, new delhi",4.8,1472,4.3,2115,https://www.zomato.com/ncr/coast-cafe-hauz-khas-village-new-delhi,"H-2, 2nd & 3rd Floor, Hauz Khas Village, New Delhi",9.11142E+11,28.55481538,77.19520323,"garam curry chicken, aubergine curry, masala fish curry, kerala fish fry, kokum curry, avial","balcony seating, classy decor, perfect setting, calm, beautiful cafe, perfect ambience"
PizzaExpress,"Fast Food, Italian, Beverages, Desserts",1000,"ambience mall, dlf phase 3, gurgaon",4.8,3077,4.3,1831,https://www.zomato.com/ncr/pizzaexpress-dlf-phase-3,"T-317, 3rd Floor, Ambience Mall, DLF Phase 3, Gurgaon",9.11245E+11,28.50264536,77.09726773,not specified,not specified
The Big Chill Cakery,"Bakery, Desserts",400,"dlf mall of india, sector 18,  noida, noida",4.8,884,0.0,0,https://www.zomato.com/ncr/the-big-chill-cakery-sector-18-noida,"Ground Floor, DLF Mall Of India, Sector 18, Noida",9.11206E+11,28.56788211,77.32097134,"triple chocolate cheesecake, irish tiramisu, mushroom tart, irish cream coffee, flaky pastry, mississippi mud","pretty decor, behavior, more variety, packed on weekends, good options, favorite place"
Music & Mountains - Hillside Cafe,"Cafe, Italian, Continental, Fast Food, Salad, Beverages",2100,"m block market, greater kailash 1 (gk1), new delhi",4.7,3731,4.3,348,https://www.zomato.com/ncr/music-mountains-hillside-cafe-greater-kailash-gk-1-new-delhi,"M-23, M Block Market, Greater Kailash (GK) 1, New Delhi",9.17828E+11,28.5497806,77.2358045,not specified,not specified
Gulati,"North Indian, Biryani, Hyderabadi, Mughlai, Kebab",2500,"pandara road market, new delhi",4.7,6509,4.3,10500,https://www.zomato.com/ncr/gulati-pandara-road-new-delhi,"6, Pandara Road Market, New Delhi",9.11123E+11,28.608007,77.23014,"paneer gilafi, neza kebab, shahi veg platter, handi gosht, methi paneer, hyderabadi veg biryani","perfect family restaurant, worth waiting, classy place, efficient service, good for large groups, comfortable seating area"
Olive Bar & Kitchen,"Italian, Pizza, Mediterranean, Continental, European, Beverages, Desserts",4000,"mehrauli, new delhi",4.7,2734,3.2,21,https://www.zomato.com/ncr/olive-bar-kitchen-mehrauli-new-delhi,"6-8, Kalka Das Marg, Mehrauli, New Delhi",9.1981E+11,28.52577788,77.18435403,"cheese souffle, fettucine, scallops, gnocchi, sunday brunches, date night","romantic vibe, romantic setting, valet service, sophisticated, perfect setting, romantic place"
The Grammar Room,"Continental, Desserts, Beverages",1200,"mehrauli, new delhi",4.7,1068,3.9,20,https://www.zomato.com/ncr/the-grammar-room-mehrauli-new-delhi,"6-8, Kalka Das Marg, Mehrauli, New Delhi",9.17429E+11,28.52594107,77.1843309,"mushroom melt, spicy fries, french toast, dessert counter, cookie, mocha","valet service, romantic seating, classy place, outdoor, brunch, cozy"
Chaina Ram Sindhi Confectioners,"Mithai, Street Food",350,"chandni chowk, new delhi",4.7,1155,0.0,0,https://www.zomato.com/ncr/chaina-ram-sindhi-confectioners-chandni-chowk-delhi,"6499, Fathepuri Chowk, Chandni Chowk, New Delhi",9.11124E+11,28.65659478,77.22325142,"sev badam, sohan halwa, pinni, malai ghewar, poori chole, kaju barfi","sweetshop+restaurant, breakfast, owner, amazing place, good taste, best place"
Sevilla - The Claridges,"Spanish, Italian, Desserts",4500,"the claridges, aurangzeb road, new delhi",4.7,1630,0.0,0,https://www.zomato.com/ncr/sevilla-the-claridges-dr-apj-abdul-kalam-road,"The Claridges, 12, Dr. A.P.J. Abdul Kalam Road, Dr APJ Abdul Kalam Road, Delhi NCR",9.1114E+11,28.6003355,77.2169236,"patata bravas, corn fed chicken, date night, duck, risotto, sangria","romantic getaway, romantic setting, candle light dinner, romantic place, sophisticated, perfect setting"
Bo Tai,"Thai, Japanese, Asian, Beverages",2500,"mehrauli, new delhi",4.7,1194,3.9,46,https://www.zomato.com/ncr/bo-tai-1-mehrauli-new-delhi,"6/4, Kalka Das Marg, Near Qutub Minar, Mehrauli, New Delhi",9.19871E+11,28.52563884,77.18419746,the restaurant uses bamboo and copper straws as eco-friendly alternatives.,not specified
Cafe Wink,"Cafe, Continental, Italian",800,"anand vihar, new delhi",4.7,3291,4.3,6149,https://www.zomato.com/ncr/cafe-wink-anand-vihar-new-delhi,"G-1, Plot 9, Sikka Galaxy, Shreshtha Vihar, Anand Vihar, New Delhi",9.1813E+11,28.6573105,77.3171005,"bbq spaghetti, bbq lasagna, veg omelette, spaghetti arrabiata, pasta al forno, exotica garlic bread","pretty cafe, good food good quality, peaceful ambience, affordable, awesome cafe, cute ambience"
Spezia Bistro,"Pizza, Chinese, Momos, Fast Food, Italian, Beverages, Continental",900,"delhi university-gtb nagar, new delhi",4.7,3829,0.0,0,https://www.zomato.com/ncr/spezia-bistro-delhi-university-gtb-nagar-new-delhi,"2525, 1st Floor, Hudson Lane, Delhi University-GTB Nagar, New Delhi",9.1999E+11,28.69486926,77.20431905,"baked chicken toscana, spicy mango mojito, classic chicken steak, choco ball, mushroom melt, blueberry pie","variety of pasta, great for birthdays, quiet, sit and read, cozy environment, reasonable cost"
Evoo - Eatery And Pizzeria,"Cafe, Italian, Desserts, Beverages",1500,"geetanjali enclave, new delhi",4.7,782,0.0,0,https://www.zomato.com/ncr/evoo-eatery-and-pizzeria-geetanjali-enclave-new-delhi,"B-2, Ground Floor, Shivalik, Geetanjali Pancheel Road, Near Sri Aurobindo College, Geetanjali Enclave, New Delhi",9.18368E+11,28.53327099,77.20625997,"grilled chicken stuffed, chocolate orange, lamb shank, gnocchi, pepperoni pizza, tiramisu","authentic, themed decor, gastronomical experience, cozy, packed on weekends, courteous staff"
Oh! Calcutta,"Bengali, Desserts",1500,"greater kailash 2 (gk2), new delhi",4.7,2337,4.4,2669,https://www.zomato.com/ncr/oh-calcutta-greater-kailash-gk-2-new-delhi,"Plot 4, Local Shopping Centre, Masjid Moth, Greater Kailash 2 (GK 2), New Delhi",9.1931E+11,28.53725711,77.23862182,not specified,not specified
Greenr Cafe,"Cafe, Italian, Mexican, Salad, Healthy Food, Desserts, Mediterranean",1200,"32nd avenue, nh8, gurgaon, gurgaon",4.7,954,4.3,619,https://www.zomato.com/ncr/greenr-cafe-sector-15,"EL-01, 1st Floor, 32nd Milestone, NH 8, Part 2, Sector 15, Gurgaon",9.17043E+11,28.4615361,77.04978224,"a conscious and community oriented space, focussed on nutritive and processed-food-free vegetarianism. engaging art and lifestyle workshops are an integral part of our experiential cafe.",not specified
Downtown - Diners & Living Beer Cafe,"Bar Food, North Indian, Fast Food, Italian, Chinese, Beverages",2200,"sector 29, gurgaon",4.7,5344,0.0,0,https://www.zomato.com/ncr/downtown-diners-living-beer-cafe-sector-29,"SCO 34, Main Market, Sector 29, Gurgaon",9.19582E+11,28.46814663,77.06374515,"american fried chicken, veg farm pizza, strawberry margarita, vegetable seekh, dark beer, fattoush","nice ambience with music, xbox, bowling, best pub, rock music, wooden interiors"
Chili's Grill & Bar,"Mexican, Italian, American, Tex-Mex, Beverages, Desserts",1200,"pacific mall, tagore garden, new delhi",4.7,3956,4.3,3545,https://www.zomato.com/ncr/chilis-grill-bar-tagore-garden-new-delhi,"S 8 & 9, 2nd Floor, Pacific Mall, Tagore Garden, New Delhi",9.19711E+11,28.64220025,77.10657667,"molten chocolate chunk, cajun pasta, smoked chicken leg, santa fe salad, tripple dipper, grilled chicken fajita","variety of selection, good server, relaxed atmosphere, courteous service, family place, warm service"
Theos,"Cafe, Desserts, Salad",1500,"sector 41, noida",4.7,2696,4.3,3613,https://www.zomato.com/ncr/theos-sector-41-noida,"Near HP Petrol Pump, Dynamic House, Main Dadri Road, Sector 41, Noida",9.1875E+11,28.56147307,77.36089703,not specified,not specified
Kuuraku,"Japanese, Sushi",1700,"global foyer mall, golf course road, gurgaon",4.7,1169,4.2,188,https://www.zomato.com/ncr/kuuraku-golf-course-road,"Ground Floor, Global Foyer Mall, Golf Course Road, Gurgaon",9.19818E+11,28.45988429,77.09414564,not specified,not specified
Threesixtyone Degrees - The Oberoi,"Asian, Continental, North Indian, Mughlai, Desserts, Beverages",5500,"the oberoi, udyog vihar, gurgaon",4.7,1019,0.0,1,https://www.zomato.com/ncr/threesixtyone-degrees-the-oberoi-udyog-vihar,"443, Phase 5, Udyog Vihar, Gurgaon",9.11242E+11,28.50198271,77.08698515,"buffet, chocolate cake, thai curry, salads, virgin mojito, dimsums","outside deck, poolside view, sophisticated, amazing view, beautiful view, luxury"
Jom Jom Malay,"Asian, Malaysian, Thai, Chinese, Salad, Momos",1800,"saket, new delhi",4.7,935,4.1,427,https://www.zomato.com/ncr/jom-jom-malay-saket-new-delhi,"S12-A, 2nd Floor, Select City Walk, Saket, New Delhi",9.188E+11,28.52869059,77.21953724,not specified,not specified
Andrea's Eatery,"Asian, Italian, Beverages, Continental, Fast Food, Desserts",2000,"select citywalk mall, saket, new delhi",4.7,1380,4.1,1527,https://www.zomato.com/ncr/andreas-eatery-saket-new-delhi,"Shop 48A-51, 1st Floor, Select Citywalk Mall, Saket, New Delhi",9.18589E+11,28.52836598,77.21856024,"katsu chicken curry, spinach ricotta ravioli, mushroom lasagna, butter garlic prawns, jasmine rice, sauteed vegetables","efficient service, relaxed atmosphere, themed decor, courteous service, live kitchen, good for large groups"
The Ivy,"Mediterranean, Lebanese, Continental, Desserts",1300,"baani square, sector 50, gurgaon",4.7,1249,4.2,5757,https://www.zomato.com/theivy,"89/90, Ground Floor, Baani Square, Sector 50, Gurgaon",9.19871E+11,28.42523183,77.05690317,not specified,not specified
The Saffron Boutique,"North Indian, Mughlai, Chinese",1600,"hajipur, noida",4.7,1714,4.1,5163,https://www.zomato.com/ncr/the-saffron-boutique-hajipur,"26 And 27, Ashirwaad Complex, Sector 104, Near Hajipur, Noida",9.1991E+11,28.53913421,77.36620814,not specified,not specified
Master Koii's,"Asian, Chinese, Thai, Malaysian, Korean",1900,"sushant lok, gurgaon",4.7,833,4.3,3351,https://www.zomato.com/ncr/master-koiis-sushant-lok,"Shop 19, Flavor Town, Bestech Chambers, Sushant Lok, Gurgaon",9.1932E+11,28.46133832,77.0780021,"balinese chicken satay, cantonese chilli chicken, general tsos chicken, korean bibimbap, burmese chicken curry, korean sushi","good food good quality, delivery on time, cozy ambience, relaxed atmosphere, perfect packaging, cosy place"
Kunzum Travel Cafe,Cafe,500,"hauz khas village, new delhi",4.7,642,0.0,0,https://www.zomato.com/ncr/kunzum-travel-cafe-hauz-khas-village-new-delhi,"T-49, First Floor, Hauz Khas Village, New Delhi",9.11127E+11,28.55358321,77.19443243,"brewed coffee, chocolate cookies, green tea, hot coffee","unique cafe, free wifi, bookshelf, cozy environment, sit and read, warm place"
Echoes Living Room,"Cafe, Continental, Chinese, Fast Food, Desserts, Beverages",800,"subhash nagar, new delhi",4.7,3,3.9,1,https://www.zomato.com/ncr/echoes-living-room-subhash-nagar-new-delhi,"Subhash Nagar, New Delhi",9.19899E+11,28.63420463,77.11627018,"cafe, continental, american, italian, mexican, beverages",not specified
AMA Cafe,"Cafe, Continental, Desserts, Beverages",550,"majnu ka tila, new delhi",4.6,5229,4.3,1684,https://www.zomato.com/ncr/ama-cafe-majnu-ka-tila-new-delhi,"House 6, New Colony, Majnu ka Tilla, New Delhi",9.18449E+11,28.702644,77.228294,"carrot cinnamon, pancakes and maple syrup, pancake breakfast, choco walnut brownie, banana muffin, apple cinnamon cake","budget friendly food, price vs portion ratio, aesthetic ambience, pretty cafe, cozy vibe, soothing ambience"
Bukhara - ITC Maurya,"North Indian, Kebab",6500,"itc maurya, chanakyapuri, new delhi",4.6,4657,0.0,0,https://www.zomato.com/ncr/bukhara-itc-maurya-chanakyapuri-new-delhi,"ITC Maurya, Chanakyapuri, New Delhi",9.11146E+11,28.5982159,77.17364732,"sikanderi raan, meat masala, chicken khurchan, onion kulcha, jumbo prawns, firni","modern vibe, jazz music, sophisticated, safe place, efficient service, worth the price"
Leo's,"Pizza, Italian, Beverages",1700,"vasant vihar, new delhi",4.6,1179,0.0,0,https://www.zomato.com/ncr/leos-vasant-vihar-new-delhi,"28, Basant Lok Market, Vasant Vihar, New Delhi",9.19821E+11,28.55856774,77.16385525,"pancetta pizza, pepperoni pizza pie, parsley butter, prosciutto, quattro formaggio pizza, neapolitan pizza","intimate seating, quaint little place, service and quality of food, good food and good service, sit and read, good portion size"
Pirates of Grill,"North Indian, Mughlai",1500,"ambience mall, vasant kunj, new delhi",4.6,952,3.9,27,https://www.zomato.com/ncr/pirates-of-grill-vasant-kunj-new-delhi,"T 312 & 313, 3rd Floor, Ambience Mall, Vasant Kunj, New Delhi",9.17428E+11,28.54102895,77.15504117,not specified,not specified
Roadhouse Cafe,"Cafe, Pizza, Italian, Wraps, Asian, Chinese, Thai, Beverages",900,"greater kailash 1 (gk1), new delhi",4.6,1162,4.2,1486,https://www.zomato.com/ncr/roadhouse-cafe-greater-kailash-gk-1-new-delhi,"M 22, Second Floor, Main Market, Greater Kailash 1 (GK 1), New Delhi",9.1965E+11,28.54984981,77.23574918,not specified,not specified
Plum By Bent Chair,"Chinese, Japanese, Thai, Asian, Beverages",2200,"aerocity, new delhi",4.6,2402,0.0,1,https://www.zomato.com/ncr/plum-by-bent-chair-aerocity-new-delhi,"Ground Floor, Worldmark 2, Aerocity, New Delhi",9.17303E+11,28.55154,77.122704,"elderflower cocktail, thai mojito, cappuccino frappe, turnip cake, honey ice cream, peach mocktail","great taste value for money, good quality with good taste, decor is excellent, awesome interiors, themed decor, best decor"
Kiyan - The Roseate,"Thai, European, North Indian, Pizza, Salad",5500,"the roseate, kapashera, new delhi",4.6,1124,0.0,2,https://www.zomato.com/ncr/kiyan-the-roseate-kapashera-new-delhi,"The Roseate, 21st Milestone, Samalkha, NH 8, Kapashera, New Delhi",9.1113E+11,28.52511803,77.10022621,not specified,not specified
Dragonfly Experience,"Modern Indian, North Indian, Beverages, European, Asian, Desserts",3000,"worldmark 1, aerocity, new delhi",4.6,1021,0.0,0,https://www.zomato.com/ncr/dragonfly-experience-aerocity-new-delhi,"Worldmark 1, Aerocity, New Delhi",9.17304E+11,28.55059,77.12299,not specified,not specified
AB's - Absolute Barbecues,"North Indian, Continental, Desserts, Salad",1100,"mgf metropolis mall, mg road, gurgaon",4.6,8002,3.7,53,https://www.zomato.com/ncr/abs-absolute-barbecues-mg-road,"Shop LG-01-02-03, Lower Ground Floor, Metropolis Mall, Sector 28, Near MG Road Metro Station, MG Road, Gurgaon, Gurgaon",9.17337E+11,28.47954578,77.08169919,"smoked cottage cheese, chilli chicken wing, chilli ice cream, pineapple grill, masala corn, rabbit","value for money experience, budget food, live grill, excellent service food, tasty and awesome food, courteous service"
Qureshi Kabab Corner,"Mughlai, Kebab",400,"jama masjid, new delhi",4.6,1453,0.0,0,https://www.zomato.com/ncr/qureshi-kabab-corner-jama-masjid-new-delhi,"Opposite Gate 1, Jama Masjid, New Delhi",9.19712E+11,28.64987044,77.2359309,"beef kabab, seekh kebab roll, chicken kabab, kababs, chicken seekh, rumali roti","very cheap, great seating capacity, desi vibes, pocket friendly, cleanliness, family crowd"
Clock Tower,"North Indian, Asian, Beverages, Fast Food",2500,"golf course road, gurgaon",4.6,1300,0.0,9,https://www.zomato.com/ncr/clock-tower-golf-course-road,"Near Rapid Metro Pillar 141, Golf Course Road, Gurgaon",9.19599E+11,28.44812955,77.10074488,not specified,not specified
Saravana Bhavan,"South Indian, Beverages",600,"connaught place, new delhi",4.6,8305,0.0,10,https://www.zomato.com/ncr/saravana-bhavan-connaught-place-new-delhi,"P-13, Connaught Circle, Connaught Place, New Delhi",9.11129E+11,28.6323048,77.21651338,"kara dosa, rava khichdi, ghee idli, ghee roast paper masala dosa, sweet dahi vada, mini idlies","worth waiting, big restaurant, south indian food, ample seating area, pure veg, authenticity"
C.I.A Call It Asiian,"Thai, Chinese, Sushi, Momos",700,"greater kailash 2 (gk2), new delhi",4.6,1373,4.2,10800,https://www.zomato.com/ncr/c-i-a-call-it-asiian-greater-kailash-gk-2-new-delhi,"13- 16, Narmada Shopping Complex, Alaknanda Road, Near Don Bosco School, Greater Kailash 2 (GK 2), New Delhi",9.11142E+11,28.52776565,77.24686693,not specified,not specified
Open Tap,"Finger Food, North Indian, Continental, Italian",1800,"south point mall, golf course road, gurgaon",4.6,936,0.0,0,https://www.zomato.com/ncr/open-tap-golf-course-road,"Upper Ground Floor, DLF South Point Mall, Golf Course Road, Gurgaon",9.18801E+11,28.44796211,77.09911142,"kamikaze, chicken bbq wings, chicken slider, craft beer, hummus pita, tawa mutton","chill with friends, wooden interiors, amazing music, packed on weekends, fancy crowd, dj"
Hamoni: Cafe By The Greens,"Cafe, North Indian, Italian, Desserts, Beverages",1200,"sector 23, gurgaon",4.6,959,3.4,74,https://www.zomato.com/ncr/hamoni-cafe-by-the-greens-sector-23,"CK Farm, Carterpuri Village, Sector 23A, Near Sector 23, Gurgaon",9.1729E+11,28.500857,77.053714,"sizzler brownie, coffee hazelnut, cheese balls, hot chocolate, mezze platter, sunday brunch","peaceful ambience, soothing ambience, beautiful view, peaceful place, fancy crowd, cleanliness"
Indian Grill Room,"North Indian, Mughlai, Beverages, Kebab",1800,"suncity business tower, golf course road, gurgaon",4.6,3438,4.1,12400,https://www.zomato.com/ncr/indian-grill-room-golf-course-road,"315, 3rd Floor, Suncity Business Tower, Golf Course Road, Gurgaon",9.1991E+11,28.43348273,77.1054012,"pineapple jalebi, ajwain paneer tikka, gulkand ki kheer, triffle pudding, tandoori ananas, blue ocean mocktail","buffet variety and quality, classy decor, attentive service, good food good quality, live kitchen, complimentary drinks"
Noida Social,"North Indian, Chinese, Burger, Rolls, Pizza, Momos, Continental, Beverages",1300,"dlf mall of india, sector 18,  noida, noida",4.6,944,4.2,465,https://www.zomato.com/ncr/noida-social-sector-18-noida,"C 412, 3rd Floor, DLF Mall Of India, Sector 18, Noida",9.17838E+11,28.56683885,77.32093547,"cheesecake, cocktails, oreo shake, drink, platter, dessert","hospitality was amazing, ambience was lovely, variety of selection, service is great and fast, service and quality of food, ambience was super cool"
K3 - JW Marriott New Delhi,"North Indian, Chinese, Italian, Momos",3500,"jw marriott new delhi, new delhi",4.6,1608,0.0,0,https://www.zomato.com/ncr/k3-jw-marriott-new-delhi-aerocity-new-delhi,"Asset Area 4, Hospitality District, Aerocity, New Delhi",9.11145E+11,28.5532552,77.1219546,"dinner buffet, dessert counter, duck, sunday brunch, dim sums, tiramisu","cooking stations, good food and good ambience, sophisticated, worth the price, live kitchen, luxury"
Barbeque Nation,"North Indian, BBQ, Beverages, Desserts",1500,"unity one mall, janakpuri, new delhi",4.6,2881,3.5,1280,https://www.zomato.com/ncr/barbeque-nation-vikaspuri-new-delhi,"Second Floor, Unity One Mall, Near Janakpuri West Metro Station, Vikaspuri, New Delhi",9.18035E+11,28.62861127,77.07575843,"grilled shrimp, cajun potatoes, matka phirni, pan kulfi, grilled pineapple, barbeque","live grill, complimentary drinks, service is great and fast, themed decor, courteous service, comfortable seating area"
Di Ghent Cafe,"European, Belgian",1700,"cross point mall, dlf phase 4, gurgaon",4.6,2346,4.2,2886,https://www.zomato.com/ncr/di-ghent-cafe-dlf-phase-4,"207, Level 2, Cross Point Mall, DLF Phase 4, Gurgaon",9.11244E+11,28.4683763,77.0831096,"yogurt smoothie, lamb lasagna, egg benedict, chicken panini, baguette, smoked salmon","breakfast joint, attentive service, warm place, cosy ambience, warm ambience, beautiful cafe"
Vapour Bar Exchange,"Continental, Italian, American, North Indian",1600,"sohna road, gurgaon",4.6,1208,3.5,198,https://www.zomato.com/ncr/vapour-bar-exchange-sohna-road,"Shop 1, Vipul Trade Centre, Sohna Road, Gurgaon",9.19583E+11,28.40647828,77.04205077,not specified,not specified
Kiara Soul Kitchen,"Asian, North Indian, Oriental, Desserts, Juices, Beverages",1800,"m block market, greater kailash 2 (gk2), new delhi",4.6,595,3.8,118,https://www.zomato.com/ncr/kiara-soul-kitchen-greater-kailash-gk-2-new-delhi,"M 30, 1st Floor, M Block Market, Greater Kailash 2 (GK 2), New Delhi",080 47483507,28.53320796,77.24157427,not specified,not specified
The Yellow Chilli,"North Indian, Mughlai, Chinese, Beverages, Desserts, Kebab",1600,"sector 110, noida",4.6,2575,3.9,1207,https://www.zomato.com/ncr/the-yellow-chilli-sector-110-noida,"GT 1 - 2, 1st Floor, Sector 104, Near Sector 110, Noida",9.19312E+11,28.54035801,77.36824997,"shyam savera, lalla mussa dal, kurkuri bhindi, paneer taka tak, dahi kabab, chilli garlic noodles","food and service, ambience is beautiful, buffet variety and quality, keto options, taste of food, extensive bar menu"
Mahabelly,"Kerala, South Indian, Seafood, Biryani",700,"dlf avenue, saket, new delhi",4.6,2323,4.3,11600,https://www.zomato.com/mahabelly,"MA-A05, Ground Floor, Restaurant Block, DLF Avenue, Saket, New Delhi",9.1114E+11,28.52724131,77.21680172,"chicken varattiyathu, sweet coconut dosa, mango prawn curry, kothu porotta, pork roast, egg appam","dinner menu, simple decor, taste of food, warm hospitality, ample seating area, fantastic service"
The Piano Man Jazz Club,"Finger Food, Mexican, American, Italian, Asian, Beverages",1800,"safdarjung, new delhi",4.6,1277,3.9,55,https://www.zomato.com/ncr/the-piano-man-jazz-club-safdarjung-new-delhi,"Shop B 6, 7/22, Safdarjung Enclave Market, Opposite Deer Park, Safdarjung, New Delhi",9.11141E+11,28.55963877,77.19705764,balcony seating arrangement with live band perfomances,not specified
You Mee,"Japanese, Sushi, Asian, Chinese, Thai, Beverages",1000,"greater kailash 2 (gk2), new delhi",4.6,1010,4.3,1665,https://www.zomato.com/ncr/you-mee-greater-kailash-gk-2-new-delhi,"M 27, Ground Floor, Greater Kailash 2 (GK 2), New Delhi",9.1114E+11,28.53336231,77.24182505,"matcha cheesecake, spider roll, new zealand lamb chops, chicken sushi, chicken gyoza, sushi platter","sushi place, japanese cuisine, quality of food, relaxed atmosphere, cashless payments, large servings"
Delhi Club House,"North Indian, Continental, Asian",1700,"sangam courtyard, rk puram, new delhi",4.6,1221,4.3,123,https://www.zomato.com/ncr/delhi-club-house-r-k-puram-new-delhi,"Ground Floor, Sangam Courtyard, Major Somnath Marg, R K Puram, New Delhi",9.19718E+11,28.5724776,77.17350684,"dak bunglow chicken roast, trifle pudding, amritsari chhole, chicken cutlets, apple crumble, galouti kebab","booking, family place, venue, fancy crowd, comfort food, excellent place"
Wenger's Deli,"Fast Food, Desserts, Beverages, North Indian, Pizza",500,"connaught place, new delhi",4.6,2290,0.0,0,https://www.zomato.com/ncr/wengers-deli-connaught-place-new-delhi,"A 18, Radial Road, Connaught Place, New Delhi",9.11123E+11,28.63369024,77.21834097,"peri peri veg panini, mocha smoothie, veg bbq burger, crunchy chocolate, blueberry blast, continental breakfast","coffee date, pretty decor, live kitchen, cozy place, cute little place, good stuff"
Farmer's Basket At Pluck,"Chinese, European, North Indian",3000,"pullman new delhi aerocity, aerocity, new delhi",4.6,913,0.0,0,https://www.zomato.com/ncr/farmers-basket-at-pluck-aerocity-new-delhi,"Pullman Aerocity, Asset 2, Hospitality District, Aerocity, New Delhi",9.19872E+11,28.55452428,77.12400684,not specified,not specified
The Pasta Bowl Company,"Italian, Fast Food, Pizza, Pasta",1300,"cross point mall, dlf phase 4, gurgaon",4.6,1479,4.2,692,https://www.zomato.com/ncr/the-pasta-bowl-company-dlf-phase-4,"GL 201, Floor 2, Cross Point Mall, DLF Phase 4, Gurgaon",9.11244E+11,28.4682825,77.0833374,"tortellini puttanesca, parma ham salad, chicken breast sandwich, spinach ravioli, ravioli pasta, orange mojito","cozy ambience, quality of food, live kitchen, cozy place, new menu, more variety"
Chor Bizarre,"North Indian, Mughlai, Beverages",1600,"pandara road market, new delhi",4.6,550,0.0,0,https://www.zomato.com/ncr/chor-bizarre-pandara-road-new-delhi,"Near India Gate, Bikaner House, Pandara Road Market, New Delhi",9.19911E+11,28.60874005,77.23006457,"khatte baigan, kashmiri phirni, tabakh maaz, dahi batata puri, palak patta chat, kulfi","attentive service, classy ambience, peaceful ambience, themed decor, parking, theme"
Honk - Pullman New Delhi Aerocity,"Japanese, Chinese, Thai, Beverages",2500,"pullman new delhi aerocity, aerocity, new delhi",4.6,835,0.0,5,https://www.zomato.com/ncr/honk-pullman-new-delhi-aerocity-aerocity-new-delhi,"Near IGI Airport, Asset 2, GMR Hospitality District, Aerocity, New Delhi",9.19643E+11,28.55391,77.1228483,not specified,not specified
Sakley's The Mountain Cafe,"Cafe, Italian, Fast Food",1300,"dlf galleria, dlf phase 4, gurgaon",4.6,1471,3.8,213,https://www.zomato.com/ncr/sakleys-the-mountain-cafe-dlf-phase-4,"SF-93, 1st Floor, DLF Galleria, DLF Phase 4, Gurgaon",9.199E+11,28.46760019,77.08134178,not specified,not specified
Cafe Diaries,"Cafe, Continental, Italian, Chinese, Mexican, Fast Food, Desserts, Beverages",800,"satyaniketan, new delhi",4.6,1003,3.8,250,https://www.zomato.com/ncr/cafe-diaries-satyaniketan-new-delhi,"House 10, 1st Floor, Satyaniketan, New Delhi",9.19999E+11,28.58779727,77.16726098,not specified,not specified
Nando's,"Portuguese, Roast Chicken, Burger, Wraps, Salad",800,"ambience mall, dlf phase 3, gurgaon",4.6,969,4.0,269,https://www.zomato.com/ncr/nandos-1-dlf-phase-3,"3rd Floor, Ambience Mall, Gurgaon - Delhi Expressway, DLF Phase 3, Gurgaon",9.18883E+11,28.50239226,77.09723622,"grill chicken, peri peri chicken, hummus pita, peri peri sauce, cheesecake, chocolate cake","service is great and fast, polite behaviour, customizable dishes, art, seating arrangement, weekend brunch"
Cafe Parmesan,"Italian, Pizza, Beverages",1800,"sector 15, faridabad",4.6,1477,4.1,1257,https://www.zomato.com/ncr/cafe-parmesan-sector-15-faridabad,"SCF-42, 1st Floor, HUDA Market, Sector 15, Faridabad",9.19971E+11,28.39523789,77.32358616,"bacon panini, chocolate torte, belgian choco shake, veg panini, ravioli, chicken lasagna","relaxed atmosphere, attentive staff, cozy place, friendly service, new menu, fresh ingredients"
Nona's Kitchen,"North Indian, Mughlai, Rolls, Chinese, Kebab",800,"supermart 1, dlf phase 4, gurgaon",4.6,1063,3.7,4853,https://www.zomato.com/ncr/nonas-kitchen-dlf-phase-4,"A 224, Ground Floor, Supermart 1, DLF Phase 4, Gurgaon",9.18288E+11,28.46255565,77.08716184,not specified,not specified
The Great Kabab Factory - Radisson Blu Plaza Delhi Airport,"North Indian, Mughlai, Kebab, Biryani, Desserts, Beverages",2500,"radisson blu plaza delhi airport, mahipalpur, new delhi",4.6,791,0.0,6,https://www.zomato.com/ncr/the-great-kabab-factory-radisson-blu-plaza-delhi-airport-mahipalpur-new-delhi,"Radisson Blu Plaza Delhi Airport, National Highway 8, Near IGI Airport, Mahipalpur, New Delhi",9.1729E+11,28.54387704,77.11945999,"set menu, dals, galouti kebab, jalebi, kababs, kulfi","clean bathrooms, pool, worth the price, great hospitality, decoration, more variety"
Wafflesome,"Desserts, Beverages",500,"greater kailash 1 (gk1), new delhi",4.6,1500,4.2,2615,https://www.zomato.com/ncr/wafflesome-greater-kailash-gk-1-new-delhi,"M-33, Near M Block Market, Greater Kailash (GK) 1, New Delhi",9.11149E+11,28.55138919,77.23450698,"brownie nutella waffles, choco waffle, mango waffle, banana toffee, ice cream strawberry, strawberry waffle","great fragrance, totally worth it, cosy place, pocket friendly, serving size, fancy crowd"
Green House - The Beer Garden,"Continental, Tex-Mex, Mediterranean, North Indian, Asian",1500,"eros city square mall, sector 49, gurgaon, gurgaon",4.6,1452,3.6,116,https://www.zomato.com/ncr/green-house-the-beer-garden-sector-49,"Food Court 3, Eros City Square Mall, Sector 49, Gurgaon, Gurgaon",9.19818E+11,28.41299641,77.05507357,"herbed potato wedges, veg ceaser salad, cheese corn nuggets, spaghetti bolognese, wheat beer, chocolate lava cake","kid friendly, good bartenders, rooftop ambience, wooden interiors, live performances, service and quality of food"
Big Wong,"Asian, Thai, Sushi, Poké, Chinese",1000,"sector 110, noida",4.6,952,4.2,4540,https://www.zomato.com/ncr/big-wong-sector-110-noida,"The Starling Retail, Sector 104, Sector 110, Noida",9.19818E+11,28.54200385,77.37022039,assorted range of authentic pan asian food served in a cozy setting,not specified
La Pino'z Pizza,"Italian, Fast Food, Beverages, Desserts",500,"raheja mall, sohna road, gurgaon",4.6,1384,4.0,13600,https://www.zomato.com/ncr/la-pinoz-pizza-sohna-road,"Shop 234, 2nd Floor, Raheja Mall, Sohna Road, Gurgaon",9.188E+11,28.42346947,77.0395989,not specified,not specified
The Hook,"Seafood, Continental, North Indian",1800,"sector 29, gurgaon",4.6,2285,3.8,332,https://www.zomato.com/ncr/the-hook-sector-29,"SCO 30, Leisure Valley Road, Sector 29, Gurgaon",9.19999E+11,28.46873698,77.06324726,"rusty nail, liit cocktail, soya masala chaap, butter garlic prawns, brewed beer, sea food","best rooftop, great lighting, live entertainment, lovely music, amazing view, rooftop seating"
Rahul Eggs,"Fast Food, Healthy Food, Street Food, North Indian",350,"lawrence road, new delhi",4.6,1081,4.1,639,https://www.zomato.com/ncr/rahul-eggs-lawrence-road-new-delhi,"B-4/300 A, Main Road, Near Keshavpuram Metro Station, Lawrence Road, New Delhi",9.199E+11,28.68817914,77.16166724,"tandoori jalandhari, chicken jalandhari, eggs, omelette","street food, concept, awesome place, amazing taste, chef, best place"
"Colocal ""The Cacao Artisans""","Cafe, Desserts, Continental, Coffee, Italian, Beverages",1000,"chhatarpur, new delhi",4.5,571,4.3,207,https://www.zomato.com/ncr/colocal-the-cacao-artisans-chhatarpur-new-delhi,"100 Feet Road, The Dhan Mill Compound, Chhatarpur, New Delhi",9.19311E+11,28.50464918,77.18510471,"zucchini fries, garden salad, veg tacos, hot chocolate, bruschetta, sangria","aesthetic interiors, portion size is big, staff very polite, best staff, ambience was super cool, pretty place"
Farzi Cafe,"Mughlai, Finger Food, North Indian, Beverages",2200,"connaught place, new delhi",4.5,4355,3.9,70,https://www.zomato.com/ncr/farzi-cafe-connaught-place-new-delhi,"38/39, Block E, Inner Circle, Connaught Place, New Delhi",9.196E+11,28.63248048,77.22119015,modernized presentation of dishes with an elegant decor,not specified
The Drunken Botanist,"Continental, Italian, North Indian, Chinese",2000,"cyber hub, dlf cyber city, gurgaon",4.5,6302,0.0,0,https://www.zomato.com/ncr/the-drunken-botanist-dlf-cyber-city,"Unit 1B & 1C, Upper Ground Floor-C, Building 10C, Cyber Hub, DLF Cyber City, Gurgaon",+91 8068974406,28.49406895,77.08867595,not specified,not specified
Jamun,"North Indian, Mughlai, Fast Food, Beverages",1500,"lodhi colony, new delhi",4.5,924,4.2,268,https://www.zomato.com/ncr/jamun-lodhi-colony-new-delhi,"17, Near Yamuna Chemist, Lodhi Colony, New Delhi",9.1999E+11,28.58535166,77.22304154,not specified,not specified
Anardana: Modern Kitchen & Bar,"North Indian, Italian, Chinese, Beverages, Biryani, Mughlai, Kebab",1200,"karkardooma, new delhi",4.5,1165,4.2,996,https://www.zomato.com/ncr/anardana-modern-kitchen-bar-karkardooma-new-delhi,"3, Hargovind Enclave, Karkardooma, New Delhi",9.17303E+11,28.64605248,77.30086785,not specified,not specified
38 Barracks,"Finger Food, North Indian, Italian, Chinese, Continental, Pizza, Desserts, Beverages",1500,"connaught place, new delhi",4.5,3888,3.9,165,https://www.zomato.com/ncr/38-barracks-connaught-place-new-delhi,"M-38, Outer Circle, Opposite Shankar Market, Connaught Place, New Delhi",9.19717E+11,28.63303431,77.22274851,not specified,not specified
Rooh,"Modern Indian, Continental, Desserts",4000,"mehrauli, new delhi",4.5,247,0.0,0,https://www.zomato.com/ncr/rooh-mehrauli-new-delhi,"H-5/1, Ambawatta One Complex, Kalkadas Marg, Mehrauli, New Delhi",9.17304E+11,28.52658943,77.18516909,not specified,not specified
Sly Granny,"Continental, American, Italian, European, Mexican, Desserts",1800,"khan market, new delhi",4.5,992,4.2,431,https://www.zomato.com/ncr/sly-granny-khan-market-new-delhi,"Flat 4, 1st - 2nd Floor, Khan Market, New Delhi",9.11149E+11,28.5998944,77.22585484,"biscuits and gravy, barley salad, tamarind chicken, lamb bolognaise, babaganush, apple crumble","efficient service, good for large groups, lovely ambience, cozy place, good vibe, packed on weekends"
Tamra - Shangri-La's - Eros Hotel,"North Indian, Continental, European, Asian, American, Desserts, Beverages",3800,"shangri-la's - eros hotel, connaught place, new delhi",4.5,1004,3.9,31,https://www.zomato.com/ncr/tamra-shangri-las-eros-hotel-connaught-place-new-delhi,"19, Level 1, Ashoka Road, Connaught Place, New Delhi",9.196E+11,28.62119823,77.21670818,not specified,not specified
Padmanabham,"South Indian, North Indian, Beverages, Desserts",800,"janpath, new delhi",4.5,848,4.3,224,https://www.zomato.com/ncr/padmanabham-2-janpath-new-delhi,"52, Atul Grove Road, Opposite Metro Gate 2, Janpath, New Delhi",9.11144E+11,28.62716514,77.21955501,not specified,not specified
Manhattan Bar & Brewery,"Finger Food, American, Continental, North Indian, Italian, Beverages",1400,"global foyer mall, golf course road, gurgaon",4.5,4637,0.0,0,https://www.zomato.com/ncr/manhattan-bar-brewery-golf-course-road,"1st Floor, Global Foyer Mall, Golf Course Road, Gurgaon",9.18801E+11,28.46058315,77.09547669,"kiwi blast, brewed wheat beer, chocolate pan, draft beer, garlic bread with cheese, sev puri","music is good too, xbox, service by staff, bowling, best pub, best party place"
Brewocrat - Brewery Skybar & Kitchen,"Finger Food, Continental, Mediterranean, Italian, Asian",2000,"elements one mall, sector 49, gurgaon",4.5,634,3.9,34,https://www.zomato.com/ncr/brewocrat-brewery-skybar-kitchen-south-city-2,"Element One, Block A, Lower Terrace, Sector 47, South City 2, Gurgaon",9.17303E+11,28.42047719,77.05020335,not specified,not specified
Monkey Bar,"Pizza, Burger, Continental, Chinese, Fast Food, Beverages",2200,"vasant kunj, new delhi",4.5,4581,4.3,1806,https://www.zomato.com/ncr/monkey-bar-vasant-kunj-new-delhi,"Plot 11, Upper Ground Floor, Pocket C-6 & 7, LSC, Vasant Kunj, New Delhi",9.11141E+11,28.53656552,77.1476547,terrace seating ambiance and good range of alcohol - below 25 years of age not allowed after 6 pm,not specified
Station Bar,"Chinese, Continental, North Indian, Mughlai, Fast Food, Beverages",1700,"connaught place, new delhi",4.5,1533,0.0,0,https://www.zomato.com/ncr/station-bar-connaught-place-new-delhi,"F-60, 2nd Floor, Connaught Place, New Delhi",9.1875E+11,28.63100203,77.21969146,not specified,not specified
Rajinder Da Dhaba,"North Indian, Chinese, Mughlai",800,"safdarjung, new delhi",4.5,5936,4.1,13600,https://www.zomato.com/ncr/rajinder-da-dhaba-safdarjung-new-delhi,"AB 14, Safdarjung Enclave Market, Safdarjung, New Delhi",9.1999E+11,28.56552997,77.19925504,"makhmali fish, veg malai tikka, gaulauti kebab, satay chicken, chicken kalmi, paneer malai","dhaba feel, super fast service, office crowd, casual seating area, elegantly decorated, inexpensive"
The Imperial Spice,"North Indian, Continental, Mughlai, Street Food, Fast Food, Beverages",3000,"connaught place, new delhi",4.5,940,3.1,17,https://www.zomato.com/theimperialspice,"89/90, M Block, Outer Circle, Connaught Place, New Delhi",9.1114E+11,28.6331735,77.22290743,not specified,not specified
The Turkey Project,"Cafe, Italian, American, Beverages",1400,"defence colony, new delhi",4.5,723,4.3,1105,https://www.zomato.com/ncr/the-turkey-project-defence-colony-new-delhi,"C-27, DDA Commercial Complex, Defence Colony, New Delhi",9.1114E+11,28.56679674,77.23378714,not specified,not specified
ABB - Andrea's Bar & Brasserie,"Italian, Asian, European, Sushi, Thai, Salad, Pizza, Beverages",2000,"khan market, new delhi",4.5,643,4.3,750,https://www.zomato.com/ncr/abb-andreas-bar-brasserie-khan-market-new-delhi,"Shop 12, Middle Lane, Khan Market, New Delhi",9.18589E+11,28.59990352,77.22647242,"avocado roll, chocolate dome, new zealand lamb chops, roasted vegetables, kafir lime, new york cheesecake","classy decor, gastronomical experience, comfortable seating, serving size, fancy crowd, generous portions"
Spectra - The Leela Ambience,"North Indian, Continental, Oriental, Desserts, Beverages",4000,"the leela ambience, dlf phase 3, gurgaon",4.5,968,0.0,7,https://www.zomato.com/ncr/spectra-the-leela-ambience-dlf-phase-3,"Ambience Island, DLF Phase 3, Gurgaon",9.11245E+11,28.50485955,77.09532581,not specified,not specified
Perch Wine & Coffee Bar,"Beverages, European, Continental",2000,"khan market, new delhi",4.5,1424,4.3,151,https://www.zomato.com/ncr/perch-wine-coffee-bar-khan-market-new-delhi,"71, 1st Floor, Khan Market, New Delhi",9.18374E+11,28.5998317,77.22619817,"double chocolate mousse, coffee bar, potato gnocchi, mango sorbet, mulled wine, chicken sub","wooden interiors, pretty place, calm, light music, friendly service, cosy place"
Andhra Bhavan,"South Indian, Andhra",450,"feroze shah road, new delhi",4.5,4379,0.0,0,https://www.zomato.com/ncr/andhra-bhavan-feroze-shah-road-new-delhi,"1, Feroze Shah Road, New Delhi",9.11123E+11,28.6168554,77.2257428,"breakfast thali, unlimited veg thali, sweet pan, south indian meals, gun powder, chicken fry","efficient staff, unlimited refills, fancy place, chirpy crowd, unique experience, cheap prices"
BlackJack,"Fast Food, Beverages",800,"punjabi bagh, new delhi",4.5,2361,0.0,3,https://www.zomato.com/ncr/blackjack-punjabi-bagh-new-delhi,"Shop 1, Plot 23, North West Avenue, Club Road, Punjabi Bagh West, Near Punjabi Bagh, New Delhi",9.18449E+11,28.66650824,77.12495551,"spicy cheesy fries, chocolate ice cream shake, chicken juicy burger, nuttela shake, feta cheese salad, cheesecake shake","serving style, themed decor, comfortable seating area, pocket friendly place, gastronomical experience, cheap"
Jamie's Italian,"Italian, Pizza, Pasta, Desserts, Beverages",1000,"ambience mall, vasant kunj, new delhi",4.5,2848,4.1,1154,https://www.zomato.com/ncr/jamies-italian-vasant-kunj-new-delhi,"3rd Floor,  Ambience Mall, Vasant Kunj, New Delhi",9.188E+11,28.5413441,77.15527553,not specified,not specified
Moonshine,"Finger Food, Continental, North Indian, Chinese",1700,"hauz khas, new delhi",4.5,451,0.0,3,https://www.zomato.com/ncr/moonshine-hauz-khas-new-delhi,"Shop 214, 216, 2nd Floor, DDA Commercial Complex, Aurobindo Place, Hauz Khas, New Delhi",9.18861E+11,28.552233,77.203865,not specified,not specified
Bell Pepperz,"Chinese, Italian, North Indian, Kebab",1300,"ashok vihar phase 2, new delhi",4.5,955,3.8,735,https://www.zomato.com/ncr/bell-pepperz-ashok-vihar-phase-2-new-delhi,"4, LSC, Shakti Tower, Ashok Vihar Phase 2, New Delhi",9.19811E+11,28.69659708,77.17956796,not specified,not specified
Doodle's Garden,"North Indian, Continental, Asian, Beverages",1800,"punjabi bagh, new delhi",4.5,570,0.0,15,https://www.zomato.com/ncr/doodles-garden-punjabi-bagh-new-delhi,"Plot 1, 2nd Floor, NWA Club Road, Punjabi Bagh, New Delhi",9.18652E+11,28.66668534,77.12346017,not specified,not specified
Triveni Terrace Cafe,"Street Food, Desserts, Beverages",400,"mandi house, new delhi",4.5,2004,4.2,454,https://www.zomato.com/ncr/triveni-terrace-cafe-mandi-house-new-delhi,"205 Tansenmarg, Mandi House, New Delhi",9.19972E+11,28.627275,77.232382,"masala cheese toast, coconut curry chicken, pohaa, ragi idli, paalak patta chaat, gun powder idli","beautiful environment, serene ambience, soothing ambience, open seating, peaceful environment, positive vibe"
Mamagoto,"Asian, Chinese, Sushi, Desserts",1000,"select citywalk mall, saket, new delhi",4.5,2422,4.1,3107,https://www.zomato.com/ncr/mamagoto-saket-new-delhi,"S-9, 2nd Floor, Select Citywalk Mall, Saket, New Delhi",9.11147E+11,28.52873919,77.21961133,"spicy calamari, spicy bangkok bowl, kiwi mint cooler, nutella crunch, spicy ramen, rock shrimp tempura","food service, family place, exceptional service, comfortable seating, good value, excellent experience"
Lakhori - Haveli Dharampura,"Mughlai, Street Food, Kebab",2500,"chandni chowk, new delhi",4.5,804,0.0,0,https://www.zomato.com/ncr/lakhori-haveli-dharampura-chandni-chowk-new-delhi,"Haveli Dharampura, 2293, Gali Guliyan, Near Jama Masjid, Chandni Chowk, New Delhi",9.11123E+11,28.65325458,77.23226566,fly kites at the rooftop of haveli dharampura along with a lavish 3 course high tea. it is breathtakingly beautiful to look at the sky covered with colorful kites from the haveli rooftop...read more,"banarasi paan, tomato dhaniya shorba, dahi puri, palak patta chat, smoothies, chaat"
The Potbelly,"Bihari, Fast Food, Beverages",1000,"chanakyapuri, new delhi",4.5,1183,4.2,395,https://www.zomato.com/ncr/the-potbelly-chanakyapuri-new-delhi,"Plot 15, Bihar Niwas, Behind Yashwant Place, Chanakyapuri, New Delhi",9.2E+11,28.58379835,77.18785398,"dalpitti, maithili thali, pudina chicken pulao, tomato chokha, bhojpuri thali, madhubani thali","comfortable seating area, quality of food, beautiful decor, cozy ambience, family place, helpful staff"
SodaBottleOpenerWala,"Parsi, North Indian, Rolls, Street Food, Desserts, Beverages",1300,"khan market, new delhi",4.5,3075,4.1,1432,https://www.zomato.com/ncr/sodabottleopenerwala-khan-market-new-delhi,"73, Khan Market, New Delhi",9.19811E+11,28.60012989,77.22603355,"parsi delicacies, bombay street food, and parsi themed ambiance",not specified
Al Nawaz Restaurant,"Mughlai, North Indian, Biryani, Kebab",800,"jasola, new delhi",4.5,772,4.2,689,https://www.zomato.com/ncr/al-nawaz-restaurant-jasola-new-delhi,"50 A, Near Jamia Nagar Thana, Abul Fazal Enclave, Jasola, New Delhi",9.11127E+11,28.56134851,77.29251109,not specified,not specified
Open Tap,"Finger Food, North Indian, Chinese, Italian, Bar Food",2000,"sector 49, gurgaon",4.5,1446,0.0,0,https://www.zomato.com/ncr/open-tap-sector-49,"Vatika Business Park, Sector 49, Delhi NCR, Near Sohna Road, Delhi NCR",9.18801E+11,28.40528154,77.0444366,"hunan spicy chicken, tawa mutton, tandoori non veg platter, wheat beer, brewed beer, beers","xbox, best pub, music and ambience, wooden interiors, awesome music, great music"
64/6 -  Country Inn & Suites,"North Indian, Chinese, Thai, Continental",3000,"country inn & suites by carlson, sahibabad, ghaziabad",4.5,630,0.0,0,https://www.zomato.com/ncr/64-6-country-inn-and-suites-sahibabad-ghaziabad,"Country Inn & Suites by Radisson, Sahibabad, Ghaziabad",9.18801E+11,28.65370562,77.34419994,not specified,not specified
Punjab Grill,"North Indian, Mughlai, Biryani, Kebab, Desserts",2500,"pacific mall, tagore garden, new delhi",4.5,2764,4.1,2786,https://www.zomato.com/ncr/punjab-grill-tagore-garden-new-delhi,"Pacific Mall, Tagore Garden, New Delhi",9.18131E+11,28.64279257,77.10638221,"veg kurkuri, meat punjab grill, saag gosht, pan shots, murg lababdar, authentic punjabi food","good service good quality, peaceful ambience, elegant ambience, good server, ambience was super cool, cordial staff"
Getafix,"American, Cafe, Healthy Food, Salad, Beverages, Italian, Desserts",1900,"cross point mall, dlf phase 4, gurgaon",4.5,943,4.1,1342,https://www.zomato.com/ncr/getafix-dlf-phase-4,"Shop 14 - 15, Ground Floor, Cross Point Mall, DLF Phase 4, Gurgaon",9.11244E+11,28.46831733,77.08336966,not specified,not specified
Ziu,"Asian, Thai, Chinese, Sushi, Japanese, Momos",2900,"sangam courtyard, rk puram, new delhi",4.5,808,4.3,327,https://www.zomato.com/ncr/ziu-r-k-puram-new-delhi,"Ground Floor, Sangam Courtyard, Major Somnath Marg, Sector 9, R K Puram, New Delhi",9.19959E+11,28.57252706,77.17340626,not specified,not specified
AnnaMaya - Andaz Delhi,"North Indian, European, Beverages, Desserts",2500,"andaz delhi, aerocity, new delhi",4.5,1218,3.9,13,https://www.zomato.com/ncr/annamaya-andaz-delhi-aerocity-new-delhi,"Asset 1, Aerocity, New Delhi",9.18589E+11,28.5549028,77.1223142,not specified,not specified
Open Tap,"Bar Food, Oriental, Continental, Fast Food, North Indian, Beverages",1600,"sector 29, gurgaon",4.5,1911,0.0,0,https://www.zomato.com/ncr/open-tap-sector-29,"SCO 38, Main Market, Sector 29, Gurgaon",9.19971E+11,28.46847644,77.06372738,"craft beer, brewed beer, dark beer, hot wings, beers, mixed sauce pasta","xbox, good bartenders, rock music, rooftop ambience, roof top, good offers"
Ricos,"Cafe, American, Italian, Mexican",900,"delhi university-gtb nagar, new delhi",4.5,6273,0.0,17,https://www.zomato.com/ncr/ricos-delhi-university-gtb-nagar-new-delhi,"2526, 1st Floor, Hudson Lane, Kingsway Camp, Delhi University-GTB Nagar, New Delhi",9.19016E+11,28.69420929,77.20410448,"virgin sangria pitcher, roller coaster shake, waffle sunday, apple pie shake, chicken chips, cottage cheese fingers","chic ambience, bookshelf, efficient staff, worth waiting, affordable, warm ambience"
The Reader's Cafe,"Cafe, Italian, Fast Food, Beverages, Desserts",1000,"indirapuram habitat centre, indirapuram, ghaziabad",4.5,1961,4.2,1277,https://www.zomato.com/ncr/the-readers-cafe-indirapuram-ghaziabad,"208-212, Indirapuram Habitat Centre, Ahinsa Khand 1, Indirapuram, Ghaziabad",9.17292E+11,28.63979739,77.36950926,not specified,not specified
Pinch Of Spice,"North Indian, Chinese, Kebab, Mughlai, Italian",1600,"rajouri garden, new delhi",4.5,1407,4.0,3684,https://www.zomato.com/ncr/pinch-of-spice-rajouri-garden-new-delhi,"F 90, Vishal Enclave, Opposite TDI Paragon Mall, Rajouri Garden, New Delhi",9.19991E+11,28.65234957,77.12052081,not specified,not specified
Phonebooth Reloaded,"North Indian, Italian, Mexican, Continental",1300,"delhi university-gtb nagar, new delhi",4.5,1552,0.0,0,https://www.zomato.com/ncr/phonebooth-reloaded-delhi-university-gtb-nagar-new-delhi,"G14b, Ground Floor, Vijay Nagar, Hudson Lane, Delhi University-GTB Nagar, New Delhi",9.2E+11,28.69442281,77.20422082,"basil roll, volcano pizza, iced lemon tea, blueberry mojito, stroganoff, changezi chicken","cozy ambience, gastronomical experience, comfortable seating area, new menu, beautiful interiors, fancy crowd"
Kofuku,"Japanese, Asian, Sushi, Korean",1400,"ansal plaza mall, khel gaon marg, new delhi",4.5,646,4.3,1778,https://www.zomato.com/ncr/kofuku-khel-gaon-marg-new-delhi,"Shop BG 09, Ansal Plaza Mall, August Kranti Marg, Khel Gaon Marg, New Delhi",9.1801E+11,28.56265744,77.22472865,"we are happy to announce the amelioration of delectable japanese sunday brunch with a wide spread of authentic japanese delicacies including soups, salads, sushi, appetisers, main course &...read more","super crunchy roll, kakuni pork, okonomiyaki, spicy edamame, sushi boat, authentic japanese food"
Tama Brewery & World Kitchen,"Fast Food, Chinese, Mughlai, North Indian, Beverages",1500,"sector 16, faridabad",4.5,1591,0.0,0,https://www.zomato.com/ncr/tama-brewery-world-kitchen-sector-16-faridabad,"SCO 14-15, 2nd Floor, Huda Market, Sector 16, Faridabad",9.19599E+11,28.4089652,77.3188477,"hefeweizen, brewed wheat beer, thai spring roll, fried chicken wings, iced peach tea, blueberry cheese cake","nice foods and great service, classy ambience, amazing interiors, huge place, live band, nice interiors"
Theobroma,"Desserts, Bakery, Beverages",900,"connaught place, new delhi",4.5,913,4.3,6160,https://www.zomato.com/ncr/theobroma-connaught-place-new-delhi,"D-28, Ground Floor, Mezzanine, Connaught Place, New Delhi",9.18183E+11,28.63376646,77.22161092,"devils mousse cake, opium pastry, millionaire brownie, cookie brownie, overload brownie, cake in a jar","fluffy cakes, goodie baskets, good pricing, coffee date, pretty decor, affordable"
Tonino,"Italian, Pizza, Pasta, Salad, Beverages",3500,"mg road, new delhi",4.5,1516,0.0,0,https://www.zomato.com/ncr/tonino-mg-road-new-delhi,"76/27, Near Metro Pillar 38, MG Road, New Delhi",9.11127E+11,28.50379886,77.17081256,"chocolate lasagne, calamari, ravioli, date night, risotto, tiramisu","romantic setting, sophisticated, cozy ambience, live band, worth the price, outdoor sitting"
Varq - The Taj Mahal Hotel,"Seafood, North Indian, Kebab",4500,"the taj mahal hotel, mansingh road, new delhi",4.5,791,0.0,0,https://www.zomato.com/ncr/varq-the-taj-mahal-hotel-mansingh-road-delhi,"The Taj Mahal Hotel, 1, Mansingh Road, New Delhi",9.11123E+11,28.6050701,77.2240377,"get a complimentary night, earn up to 50% of spends as points at 250+ restaurants & much more. know more",not specified
Feel Alive,"North Indian, Fast Food, Italian, Asian, Continental, Bar Food",2000,"sector 29, gurgaon",4.5,2467,0.0,0,https://www.zomato.com/ncr/feel-alive-sector-29,"SCO 53, 2nd Floor, Main Market, Sector 29, Gurgaon",9.19999E+11,28.46814427,77.06402142,not specified,not specified
Punjabi Angithi,"North Indian, Chinese, Rolls, Fast Food, Momos",400,"paschim vihar, new delhi",4.5,3125,4.1,87700,https://www.zomato.com/ncr/punjabi-angithi-paschim-vihar-new-delhi,"32-22, A 4, DDA Market, Paschim Vihar, New Delhi",9.1847E+11,28.67267878,77.10898831,"bhuna chaap masala, paneer tikka tandoori, paneer kurkure, tawa tikka masala, handi paneer, butter garlic noodles","very good food, tasty stuff, serving size, relaxed atmosphere, comfortable seating area, pure veg"
Saundhee Potli,"Biryani, North Indian, Mughlai, Lucknowi, Kebab, Chinese, Rolls, Momos",550,"indirapuram, ghaziabad",4.5,1123,3.9,1700,https://www.zomato.com/ncr/saundhee-potli-indirapuram-ghaziabad,"Shop 52, 1st Floor, Nipun Wonder Mall, Shakti Khand 2, Indirapuram, Ghaziabad",9.17304E+11,28.64742009,77.36895237,not specified,not specified
Raise The Bar Rooftop - Clarens Hotel,"European, Continental, Italian",2800,"clarens hotel, sector 29, gurgaon, gurgaon",4.5,818,0.0,0,https://www.zomato.com/ncr/raise-the-bar-rooftop-clarens-hotel-sector-29,"Plot 363, Sector 29, Gurgaon",9.19912E+11,28.46193873,77.06712574,not specified,not specified
Dana Choga,"North Indian, Chinese, Mughlai",600,"sector 14, gurgaon",4.5,5686,4.2,8001,https://www.zomato.com/ncr/dana-choga-sector-14,"5 & 6, Atul Kataria Chowk, Sector 14, Gurgaon",9.19214E+11,28.4825862,77.0494513,not specified,not specified
Ji Memsaab - Indian Terrace Restaurant & Bar,"North Indian, Chinese, Mughlai, Continental, Asian, Italian, Beverages",1200,"eros city square mall, sector 49, gurgaon, gurgaon",4.5,466,4.2,249,https://www.zomato.com/ncr/ji-memsaab-indian-terrace-restaurant-bar-sector-49,"Second Floor, Eros City Square Mall, Sector 49, Gurgaon, Gurgaon",9.11244E+11,28.41290382,77.05516409,"paneer tikka pudina, paneer fritters, tandoori stuffed mushroom, dak makhani, rabri faluda, chicken 65","everything was very good, rooftop ambience, themed decor, amazing hospitality, indoor seating, ambience was super cool"
Karnataka Food Centre,"South Indian, Beverages",450,"r k puram, new delhi",4.5,1932,4.3,3519,https://www.zomato.com/ncr/karnataka-food-centre-r-k-puram-new-delhi,"Delhi Karnataka Sangha Building, Rao Tula Ram Marg, Sector 12, R K Puram, New Delhi",9.11126E+11,28.57786284,77.17531264,"plain masala dosa, mysore pak, sweet pan, filtered coffee, rava kesari, potato filling","super fast service, unlimited refills, office crowd, bang for the buck, elegantly decorated, parking space"
Kake Di Hatti,"North Indian, Beverages",500,"chandni chowk, new delhi",4.5,2888,0.0,0,https://www.zomato.com/ncr/kake-di-hatti-chandni-chowk-new-delhi,"654 666, Fatehpuri, Church Mission Road, Chandni Chowk, New Delhi",9.11144E+11,28.65800197,77.22337145,legendary north indian restaurant in the heart of old delhi,not specified
Hawa Bar,"Fast Food, Italian, Chinese",1900,"sector 63, noida",4.5,840,0.0,0,https://www.zomato.com/ncr/hawa-bar-sector-63-noida,"A 31, H Block, Commercial Market, Sector 63, Noida",9.19312E+11,28.62704301,77.37557106,not specified,not specified
Berco's,"Chinese, Thai, Asian, Beverages",900,"hajipur, noida",4.5,2455,4.0,6853,https://www.zomato.com/ncr/bercos-hajipur,"104, Sector 104, Near Hajipur, Noida",9.19667E+11,28.539399,77.36581285,"shanghai rice, stir fried asian greens, black pepper paneer, chilli garlic prawn, chicken honey, spice chicken","excellent hospitality, great host, courteous service, warm hospitality, lovely ambience, employee"
Crepe-fe,"Desserts, Fast Food, American, Beverages, Pizza, Ice Cream",700,"ardee city, gurgaon",4.5,747,4.1,11800,https://www.zomato.com/ncr/crepe-fe-ardee-city,"Plot 102, D Block, Sector 52, Ardee City, Gurgaon",9.19999E+11,28.4377836,77.0723426,not specified,not specified
Mr. Crust Bakers,"Bakery, Burger, Fast Food, Beverages",400,"vijay nagar, new delhi",4.5,1791,4.3,10400,https://www.zomato.com/ncr/mr-crust-bakers-vijay-nagar-new-delhi,"B 29/B, Opposite Mother Dairy, Vijay Nagar, New Delhi",9.11142E+11,28.69058089,77.20151916,"peach pie, veg pattice, fruit pudding, choco chip pastry, makhani pasta, hazelnut cold coffee","coffee date, reasonable rates, cleanliness, friendly place, great quality, great ambiance"
The China Kitchen,"Chinese, Desserts",4500,"hyatt regency, bhikaji cama place, new delhi",4.5,621,3.7,33,https://www.zomato.com/ncr/the-china-kitchen-bhikaji-cama-place-new-delhi,"Ring Road, Bhikaji Cama Place, New Delhi",9.11167E+11,28.56826962,77.18741979,"peking duck, set menu, kung pao chicken, dumplings, dimsums, soups","impressive decor, new menu, excellent food, main course, great service, courteous staff"
PCO,"Italian, Beverages, Fast Food, North Indian",2200,"vasant vihar, new delhi",4.5,711,3.9,12,https://www.zomato.com/ncr/pco-vasant-vihar-new-delhi,"D-4, D Block Market, Vasant Vihar, New Delhi",9.1981E+11,28.56148809,77.15561919,not specified,not specified
Decode Air Bar,"Modern Indian, Bar Food, Sushi, Italian, Asian",1500,"sector 29, gurgaon",4.5,1312,0.0,0,https://www.zomato.com/ncr/decode-air-bar-sector-29,"SCO 39, 1st Floor, Sector 29, Gurgaon",9.19651E+11,28.46828928,77.06372537,"pav bhaji cone, beer cocktail, sauteed vegetables, chocolate ball, brewed beer, spicy chicken","staff behaviour was good, bar games, live cooking, good bartenders, rooftop ambience, service is great"
Giani's di Hatti,North Indian,150,"chandni chowk, new delhi",4.5,1329,0.0,5,https://www.zomato.com/ncr/gianis-di-hatti-chandni-chowk-new-delhi,"651/52, Fatehpuri, Church Mission Road, Chandni Chowk, New Delhi",9.11124E+11,28.65787222,77.22322192,"rabri falluda, meethi lassi, chole bhatoorey, falooda, fruit cream, rajma chawal","office crowd, elegantly decorated, inexpensive, great recommendations, street food, prompt service"
Uptown Fresh Beer Cafe,"Finger Food, North Indian, Italian, European, Continental, Kebab, Momos",1500,"dlf galleria, dlf phase 4, gurgaon",4.5,961,0.0,0,https://www.zomato.com/ncr/uptown-fresh-beer-cafe-dlf-phase-4,"106, DLF Galleria, DLF Phase 4, Gurgaon",9.18527E+11,28.46732402,77.0809656,"mozzarella sticks, wheat beer, lamb chops, beers, pepperoni pizza, tiramisu","live sports screening, good bartenders, cozy ambience, friendly service, fancy crowd, light music"
The Haven International Coffee House,"Cafe, Fast Food, Continental, Beverages, Desserts, Coffee",500,"sector 72, noida",4.5,282,4.5,422,https://www.zomato.com/ncr/the-haven-international-coffee-house-1-sector-72-noida,"Shop 3 And 3A, Gardenia Gateway, Tower-10, Sector 75, Near Sector 72, Noida",9.19717E+11,28.5718042,77.38230273,"chicken club sandwiches, coffees, hot chocolate, latte, white sauce pasta, brownie","romantic seating, intimate seating, free wifi, staff behaviour, live music, vibe"
Spago,Italian,2300,"kasbah, greater kailash (gk) 1, new delhi",4.5,574,4.0,406,https://www.zomato.com/ncr/spago-greater-kailash-gk-1-new-delhi,"N-2, Kasbah, Greater Kailash (GK) 1, New Delhi",9.11145E+11,28.55685531,77.233014,"pasta verdure, feta apple salad, bread platter, garlic bread with cheese, tiramisu, risotto","classy interiors, soothing ambience, classy place, comfortable seating, cozy, beautiful ambience"
Cafe Amaretto,"Cafe, Italian, Continental, Bakery, Pizza, Desserts",1400,"south point mall, golf course road, gurgaon",4.5,917,4.1,3334,https://www.zomato.com/ncr/cafe-amaretto-golf-course-road,"Shop 8, Lower Ground Floor, South Point Mall, Golf Course Road, Gurgaon",9.11247E+11,28.44792585,77.09875837,not specified,not specified
Madrina,"North Indian, Chinese, Mughlai, Fast Food, Desserts",2100,"ashok vihar phase 2, new delhi",4.5,871,3.9,280,https://www.zomato.com/ncr/madrina-ashok-vihar-phase-2-new-delhi,"B-1/7, Ashok Vihar Phase 2, New Delhi",9.19999E+11,28.69486367,77.17925482,not specified,not specified
Naivedyam,South Indian,500,"hauz khas village, new delhi",4.5,2589,4.3,7328,https://www.zomato.com/ncr/naivedyam-hauz-khas-village-new-delhi,"Shop 1, Hauz Khas Village, New Delhi",9.11142E+11,28.55502476,77.19509996,"kesari bhath, maharaja dosa, mysore rava masala dosa, dahi idli, rasam papad, ghee roast dosa","authentic ambience, peaceful environment, soothing ambience, efficient service, peaceful ambience, pure veg"
Friction The Drinkery,"Finger Food, North Indian, Continental, Thai, Italian, Chinese",1600,"sector 29, gurgaon",4.5,1287,0.0,3,https://www.zomato.com/ncr/friction-the-drinkery-sector-29,"SCO 29, Sector 29, Gurgaon",9.18801E+11,28.46860759,77.06307694,"shahi paneer platter, almond shake, tadka maggi, moscow mule, liit cocktail, veg quesadillas","good food and good ambience, live entertainment, good bartenders, outdoor area, great view, live band"
Little Saigon,Vietnamese,1200,"hauz khas, new delhi",4.5,440,4.3,155,https://www.zomato.com/ncr/little-saigon-hauz-khas-new-delhi,"E-16, Ground Floor, Main Market, Near SBI Bank, Hauz Khas, New Delhi",9.19643E+11,28.55148343,77.20844027,"banh mi, clear broth, vietnamese coffee, braised pork, pho, ginger chicken","authenticity, authentic food, chef, owner, flavour, great food"
Sugarama Patisserie,"Bakery, Desserts",300,"shahpur jat, new delhi",4.5,713,4.4,6127,https://www.zomato.com/ncr/sugarama-patisserie-shahpur-jat-new-delhi,"Shop 87, Shahpur Jat, New Delhi",9.11149E+11,28.54931911,77.21487623,"ferrero rocher pastry, dulce de leche, triple chocolate, banana bread, macaroons, mango cheesecake","pretty decor, art, presentation, cute packaging, portion, great place"
Fat Butterfly Bakery And Cafe,"Bakery, Cafe, Italian, Fast Food, Desserts",1200,"baani square, sector 50, gurgaon",4.5,643,4.1,3615,https://www.zomato.com/ncr/fat-butterfly-bakery-and-cafe-sector-50,"F-41, First Floor, Baani Square Mall, Sector 50, Gurgaon",9.11244E+11,28.42554438,77.05737356,not specified,not specified
DJ's Pizza & Pasta,"Pizza, Italian, Fast Food, Pasta",500,"sector 56, gurgaon",4.5,582,4.2,2100,https://www.zomato.com/ncr/djs-pizza-pasta-1-sector-56,"Shop 17, 1st Floor, Babu Chitru Complex, Sector 52, Sector 56, Gurgaon",9.19643E+11,28.43111697,77.09005091,"smoked chicken pasta, paneer tikka pizza, stuffed garlic bread, pastas, pizzas, margherita pizza","dj, fresh ingredients, quick delivery, great value, good packaging, prompt service"
Farmer's Kitchen,"North Indian, Kebab, Mughlai, Biryani, Seafood, Beverages",700,"dlf phase 1, gurgaon",4.5,556,4.0,442,https://www.zomato.com/ncr/farmers-kitchen-dlf-phase-1,"F12/8, Sector 27, DLF Phase 1, Gurgaon",9.19161E+11,28.465889,77.0935,"lamb seekh, tandoori mushrooms, falafel, mezze platter, kheer, hummus","good for large groups, comfortable seating area, cosy place, host, fresh ingredients, owner"
Ice Pice,"Beverages, Ice Cream, Desserts",200,"mgf metropolis mall, mg road, gurgaon",4.5,1076,4.1,17200,https://www.zomato.com/icepice,"Shop 7, Opposite Universal Gym, MG Road, Gurgaon",9.11244E+11,28.4766771,77.08484575,"mango shakes, snicker shake, ice cream sundae, monster shake, strawberry milkshake, chocolate milkshake","elaborate seating, paper straws, fancy crowd, great quality, fast service, good packaging"
Mad Batter,"Cafe, Italian, Continental, Tex-Mex, American",1000,"shopping mall, dlf phase 1, gurgaon",4.5,578,3.8,3149,https://www.zomato.com/ncr/mad-batter-dlf-phase-1,"2nd Floor, The Shopping Mall, Arjun Marg, DLF Phase 1, Gurgaon",9.11244E+12,28.46612296,77.09958415,"detox smoothie, tuna sandwich, succulent chicken, arabiata pasta, supreme burger, paneer tikka sandwich","great for birthdays, soft music, packed on weekends, nice packaging, healthy food, family crowd"
Only Bar Restaurant,"Chinese, Fast Food, North Indian, Kebab",500,"bhikaji cama place, new delhi",4.5,91,0.0,6,https://www.zomato.com/ncr/only-bar-restaurant-bhikaji-cama-place-new-delhi,"Shop 11, 12 And 16 To 19, 1st Floor, Madame Bhikaji Cama Bhawan, Bhikaji Cama Place, New Delhi",9.19996E+11,28.5688209,77.1873364,"good service, ambience, excellent food, great value, excellent service, very good restaurant",not specified
Molecule Air Bar,"North Indian, Asian, Beverages, Italian",1500,"green park, new delhi",4.4,652,0.0,0,https://www.zomato.com/ncr/molecule-air-bar-green-park-new-delhi,"A 3, Floor 2, Green Park Main Road, Near Green Park, New Delhi",+91 8068972917,28.55608876,77.20611345,not specified,not specified
Diggin,"Continental, Cafe, Beverages, Desserts, Italian, Fast Food",1400,"chanakyapuri, new delhi",4.4,3592,0.0,0,https://www.zomato.com/ncr/diggin-chanakyapuri-new-delhi,"10, Santushti Shopping Complex, Race Course Road, Chanakyapuri, New Delhi",9.11126E+11,28.59514262,77.19796557,"tuna melt sandwich, veg cannelloni, chicken crostini, garden burger, lamb lasagna, apple crumble pie","christmas decor, ambience is beautiful, menu description, romantic place, amazing food and experience, pretty cafe"
Boa Village,"Asian, Japanese, Korean, Chinese, Momos, Thai",2300,"civil lines, new delhi",4.4,2228,4.2,880,https://www.zomato.com/ncr/boa-village-civil-lines-new-delhi,"13, Alipur Road, Civil Lines, New Delhi",9.11146E+11,28.67661667,77.22521111,"chicken tempura, soya nuggets, banana toffee, bellini, salmon sushi, tandoori veg platter","kid friendly, good bartenders, classy place, rooftop seating, rooftop ambience, classy ambience"
FIO Cookhouse and Bar,"European, Modern Indian, Italian, Desserts",3200,"epicuria food mall, nehru place, new delhi",4.4,1529,4.3,151,https://www.zomato.com/ncr/fio-cookhouse-and-bar-nehru-place-new-delhi,"Epicuria Food Mall, Near Nehru Place Metro Station, Nehru Place, New Delhi",9.11126E+11,28.55139007,77.25122485,not specified,not specified
The G.T. Road,"North Indian, Mughlai, Street Food, Chinese, Mithai, Beverages",1400,"connaught place, new delhi",4.4,3471,3.9,18,https://www.zomato.com/ncr/the-g-t-road-connaught-place-new-delhi,"M 39, Outer Circle, Connaught Place, New Delhi",9.19871E+11,28.63313465,77.22291615,"vegetable kofta curry, tamatar ka shorba, gur ice cream, punjabi rajma, rice kheer, pinni","buffet variety and quality, classy interiors, live grill, vintage decor, nice theme, dessert menu"
MKT,"Oriental, Mexican, Continental, North Indian, Mughlai, Middle Eastern, Desserts, Beverages",3000,"chanakya mall, chanakyapuri, new delhi",4.4,994,4.2,346,https://www.zomato.com/ncr/mkt-1-chanakyapuri-new-delhi,"Lower Ground Floor, Chanakya Mall, Chanakyapuri, New Delhi",9.11126E+11,28.58447314,77.19073668,"prawn rolls, grilled chicken steak, guacamole, new york cheesecake, burrito, ramen","extensive bar menu, variety of veg options, fusion dishes, serving staff, good for large groups, ample seating area"
Norenj Wine Dine & Fresh Beer Cafe,"Continental, North Indian, Chinese, Mughlai, Tex-Mex, Fast Food, Salad",1800,"south city 2, gurgaon",4.4,1387,3.8,833,https://www.zomato.com/ncr/norenj-wine-dine-fresh-beer-cafe-south-city-2,"Plot 1, SS Plaza Mall, Block A, Mayfield Gardens, Near Sector 47, South City 2, Gurgaon",9.19999E+11,28.42693667,77.05704767,not specified,not specified
The Salt Cafe Kitchen & Bar,"North Indian, Chinese, Continental, Fast Food",1800,"preet vihar, new delhi",4.4,2213,4.3,1973,https://www.zomato.com/ncr/the-salt-cafe-kitchen-bar-preet-vihar-new-delhi,"19-20, A Block, LSC Market, Preet Vihar, New Delhi",+91 8068974694,28.63457482,77.29059331,not specified,not specified
La Roca,"Turkish, Asian, Modern Indian, European, Beverages",2000,"worldmark 1, aerocity, new delhi",4.4,725,0.0,0,https://www.zomato.com/ncr/la-roca-aerocity-new-delhi,"6, Lower Ground Floor, Worldmark 1, Near Indira Gandhi International Airport, Aerocity, New Delhi",9.1932E+11,28.550559,77.12137,not specified,not specified
Breakin' Brew,"North Indian, Asian, Continental, American, Italian, Desserts, Beverages",1100,"karkardooma, new delhi",4.4,472,4.3,430,https://www.zomato.com/ncr/breakin-brew-karkardooma-new-delhi,"7, Upper Ground Floor, Hargovind Enclave, Karkardooma, New Delhi",9.19818E+11,28.64619548,77.30110589,not specified,not specified
The Sky Patio,"North Indian, Chinese, Italian, Beverages, Desserts",1300,"sector 81, faridabad",4.4,708,0.0,0,https://www.zomato.com/ncr/the-sky-patio-sector-81-faridabad,"Thirf Floor, 81 High Street, Sector 81, Faridabad",9.19316E+11,28.39265066,77.34065037,"family favorite, ambiance and music, outside seating, live singing, customizable dishes, cleanliness",not specified
The Chatter House,"Finger Food, Italian, North Indian, Beverages",2000,"epicuria food mall, nehru place, new delhi",4.4,2946,4.3,597,https://www.zomato.com/ncr/the-chatter-house-nehru-place-new-delhi,"Lower Basement, Epicuria Food Mall, Near Nehru Place Metro Station, Nehru Place, New Delhi",9.18179E+11,28.55151523,77.25193765,not specified,not specified
Liv Bar,"Italian, Continental, Beverages",1900,"worldmark 1, aerocity, new delhi",4.4,875,0.0,1,https://www.zomato.com/ncr/liv-bar-1-aerocity-new-delhi,"R3, Lower Ground Floor, Worldmark 1, Aerocity, New Delhi",9.19599E+11,28.550621,77.121359,not specified,not specified
Gastronomica Kitchen & Bar,"European, Asian, North Indian, Italian, Continental",2300,"m block market, greater kailash 1 (gk1), new delhi",4.4,3779,4.1,3964,https://www.zomato.com/gastronomicakitchenbar,"M-55, 2nd Floor, M Block Market, Greater Kailash 1 (GK 1), New Delhi",9.18288E+11,28.55045708,77.235085,not specified,not specified
Ping's Café Orient,"Asian, Chinese, Thai",1800,"lodhi colony, new delhi",4.4,1080,4.3,1069,https://www.zomato.com/ncr/pings-café-orient-lodhi-colony-new-delhi,"13, Main Market, Lodhi Colony, New Delhi",9.19999E+11,28.5836001,77.2232742,not specified,not specified
Yeti - The Himalayan Kitchen,"Tibetan, Nepalese, Momos, Chinese, Beverages",1500,"the colonnade, connaught place, new delhi",4.4,448,4.1,266,https://www.zomato.com/ncr/yeti-the-himalayan-kitchen-connaught-place-new-delhi,"B41, B Block, Inner Circle, Connaught Place, New Delhi",9.19812E+11,28.63408604,77.21927371,not specified,not specified
Havemore,"North Indian, Mughlai, Beverages",2300,"pandara road market, new delhi",4.4,2437,4.2,1294,https://www.zomato.com/ncr/havemore-pandara-road-new-delhi,"11-12, Pandara Road Market, New Delhi",9.19655E+11,28.60807424,77.22971756,"khasta paratha, butter chicken and naan, soya tikka masala, paneer methi malai, makke ki roti, masala papad","good for large groups, family restaurant, family place, decent ambience, good hospitality, nice staff"
The Barbeque Company,"North Indian, Chinese, BBQ, Mughlai",1200,"sector 29, gurgaon",4.4,3118,3.7,3974,https://www.zomato.com/ncr/the-barbeque-company-sector-29,"SCO 305, Frist And Second Floor, Sector 29, Gurgaon",9.18449E+11,28.46420506,77.06412267,not specified,not specified
High Bae,"Chinese, North Indian, Continental, Italian, Mughlai",1400,"satyaniketan, new delhi",4.4,543,0.0,0,https://www.zomato.com/ncr/high-bae-satyaniketan-new-delhi,"Ground Floor, Dhaula Kuan Metro Station, Satyaniketan, New Delhi",9.19355E+11,28.59249,77.162403,not specified,not specified
Aslam Chicken,North Indian,300,"jama masjid, new delhi",4.4,2333,0.0,0,https://www.zomato.com/ncr/aslam-chicken-jama-masjid-new-delhi,"Near Gate 1, Jama Masjid, New Delhi",9.19312E+11,28.64809829,77.23368052,"buttery chicken, tangdi chicken, butter fish, firni, chicken kebab, roomali roti","economical, casual seating area, cute little place, pocket friendly, good crowd, cheap"
Time Machine,"North Indian, Continental, Chinese, Italian, Finger Food",2000,"gardens galleria, sector 38 noida, noida",4.4,2563,3.9,76,https://www.zomato.com/ncr/time-machine-sector-38-noida,"2nd Floor, Gardens Galleria, Sector 38, Noida",9.19774E+11,28.56430853,77.32163418,not specified,not specified
Walking Street,"Bar Food, Asian, North Indian, Continental",1300,"sector 29, gurgaon",4.4,597,0.0,0,https://www.zomato.com/ncr/walking-street-sector-29,"SCO 20, Main Market, Sector 29, Gurgaon",9.2E+11,28.46959642,77.06277151,not specified,not specified
I Sacked Newton,"North Indian, Continental, Chinese, Italian, Thai, Mughlai, Street Food, Desserts",2100,"logix city centre, sector 32, noida, noida",4.4,1887,0.0,0,https://www.zomato.com/ncr/i-sacked-newton-sector-31-noida,"Logix City Centre Mall, 5th Floor, Sector 32, Near Sector 31, Noida",9.19774E+11,28.57434465,77.35383477,not specified,not specified
Daryaganj - By The Inventors Of Butter Chicken And Dal Makhani,"North Indian, Mughlai, Desserts, Seafood, Kebab, Biryani",1500,"connaught place, new delhi",4.4,479,4.1,516,https://www.zomato.com/ncr/daryaganj-by-the-inventors-of-butter-chicken-and-dal-makhani-connaught-place-new-delhi,"Hanuman Road Area, Regal Building, Connaught Circle, Connaught Place, New Delhi",9.11147E+11,28.630081,77.217484,"tandoori fruit chaat, kurkure mushroom, butter chicken and naan, chicken pakora, thandai, ras malai","taste was awesome, music and ambience, cleanliness, customizable dishes, family crowd, weekend brunch"
Sattvik,"North Indian, Fast Food, Desserts",2100,"select citywalk mall, saket, new delhi",4.4,1537,4.2,601,https://www.zomato.com/ncr/sattvik-saket-new-delhi,"S 5, 2nd Floor, Select Citywalk Mall, Saket, New Delhi",9.11141E+11,28.52911535,77.2193934,not specified,not specified
Xero Degrees,"Cafe, Fast Food, Beverages, Desserts",750,"connaught place, new delhi",4.4,1876,4.1,783,https://www.zomato.com/ncr/xero-degrees-connaught-place-new-delhi,"L-23/9, Middle Circle, Connaught Place, New Delhi",9.19045E+11,28.63434235,77.22136416,"raspberry cooler, slider burger, chicken peri peri fries, red velvet milkshake, chicken slider, fried cheese","music and ambience, couple friendly, affordable, service is great, compact place, quiet"
Biryani By Kilo,"Biryani, Hyderabadi, Mughlai, Kebab",700,"connaught place, new delhi",4.4,1116,4.2,4246,https://www.zomato.com/ncr/biryani-by-kilo-connaught-place-new-delhi,"N 79, 1st Floor, Pratap Building, N Block, Connaught Circus, Connaught Place, New Delhi",9.19555E+11,28.63087255,77.22197134,not specified,not specified
United Coffee House Rewind,"North Indian, European, Asian, Mediterranean, Desserts",2100,"cyber hub, dlf cyber city, gurgaon",4.4,1340,3.6,370,https://www.zomato.com/ncr/united-coffee-house-rewind-dlf-cyber-city,"DLF Cyber Hub, DLF Cyber City, Gurgaon",9.1729E+11,28.49492141,77.08847612,not specified,not specified
Dhaba-  Estd 1986 Delhi,"Mughlai, Biryani, North Indian, Desserts, Beverages",2000,"aerocity, new delhi",4.4,1950,4.2,604,https://www.zomato.com/ncr/dhaba-estd-1986-delhi-aerocity-new-delhi,"Shop 4, Ground Floor, World Mark 2, Aerocity, New Delhi",9.11141E+11,28.5514597,77.1225002,"mutton balti, lasooni palak, rara gosht, dal dhaba, daal makhini, mixed vegetables","best indian food in the city, everthing is perfect, served us perfectly, good employee, dhaba feel, great food great service"
Cafe Uncover,"Cafe, North Indian, Chinese, Continental, Beverages",800,"sector 12, dwarka, new delhi",4.4,911,4.3,161,https://www.zomato.com/ncr/cafe-uncover-sector-12-dwarka-new-delhi,"Plot 14, Block A, Sector 12, Dwarka, New Delhi",9.17702E+11,28.59597218,77.04131886,"chilli garlic chowmein, mac n cheese, chilly potato, cappuccino, wings, cheesecake","tasty food for best price, ambience was extremely good, good service and good food, ambiance and music, service is great, ambience was super cool"
Guppy,"Asian, Japanese, Sushi, Chinese, Momos, Beverages",3200,"lodhi colony, new delhi",4.4,1201,4.3,498,https://www.zomato.com/ncr/guppy-lodhi-colony-new-delhi,"28, Main Market, Lodhi Colony, New Delhi",9.1965E+11,28.5846754,77.22376272,colourful anime theme and an assortment of japanese delicacies,not specified
Rigo Restaurant,"Momos, Pizza, Chinese, Italian, Thai, Tibetan, Asian, Beverages",1000,"majnu ka tila, new delhi",4.4,1002,4.1,1114,https://www.zomato.com/ncr/rigo-restaurant-majnu-ka-tila-new-delhi,"180, Tibetan Old Camp, Majnu ka Tila, New Delhi",9.19651E+11,28.7020987,77.2276679,not specified,not specified
Matchbox,"American, British, Continental, Salad",1700,"hauz khas village, new delhi",4.4,1614,3.6,208,https://www.zomato.com/ncr/matchbox-hauz-khas-village-new-delhi,"50, 3rd Floor, Hauz Khas Village, New Delhi",9.19892E+11,28.5535,77.1943,not specified,not specified
Desi Vibes,"North Indian, Mughlai, Kebab, Beverages",2200,"connaught place, new delhi",4.4,1888,3.7,822,https://www.zomato.com/DESIVIBESCP,"N 95, 2nd Floor, Outer Circle, Connaught Place, New Delhi",9.17849E+11,28.63032871,77.22062957,not specified,not specified
Lord Of The Drinks Forum,"Continental, North Indian, Italian, Beverages",2500,"epicuria food mall, nehru place, new delhi",4.4,4098,0.0,3,https://www.zomato.com/ncr/lord-of-the-drinks-forum-nehru-place-new-delhi,"Upper Ground Floor, Epicuria Food Mall, Nehru Place, New Delhi",9.18589E+11,28.55151258,77.25179415,not specified,not specified
Uncle's Sip & Bite,"Fast Food, Beverages",600,"prashant vihar, new delhi",4.4,1848,4.2,822,https://www.zomato.com/ncr/uncles-sip-bite-prashant-vihar-new-delhi,"Shop 5, A 75, Opposite CRPF School, Prashant Vihar, New Delhi",9.11149E+11,28.71031899,77.13369213,"cheesy puffy garlic bread, nacho salsa, garlic bread mozzarella, caramel shake, peri fries, dessert counter","charging ports, great for birthdays, economical, pocket friendly place, fancy crowd, cozy place"
Ikk Panjab,"North Indian, Street Food, Chinese, Mughlai, Desserts, Beverages",1200,"rajouri garden, new delhi",4.4,1057,3.9,679,https://www.zomato.com/ncr/ikk-panjab-rajouri-garden-new-delhi,"J 2/17, Ground & 1st Floor, BK Dutta Market, Rajouri Garden, New Delhi",9.19971E+11,28.64712556,77.11881626,not specified,not specified
Black Bottle + Kitchen,"Finger Food, Italian, Continental, Beverages",1900,"sector 63, noida",4.4,2227,0.0,0,https://www.zomato.com/ncr/black-bottle-kitchen-sector-63-noida,"H-1/A 31, H Block, Commercial Market, Sector 63, Noida",9.19312E+11,28.62700239,77.37556133,"coktails, biryani ka badshah, jalapeno cheese balls, liit cocktail, cigar roll, peri fries","flair bartending, pocket friendly options, rooftop lounge, good food and good quality, fairly priced beers, casual dress code"
Rustique,"Cafe, Bakery, Desserts, Italian, Beverages",1500,"essex farms, adchini, new delhi",4.4,1304,0.0,16,https://www.zomato.com/ncr/rustique-adchini-new-delhi,"Essex Farms, 4 Aurobindo Marg, Adchini, New Delhi",9.19811E+11,28.54386732,77.20134314,"nutella pastry, summer salad, cappuccino coffee, walnut pie, mocha coffee, orange mojito","romantic place, intimate seating, ambience is very nice, outdoor seating arrangement, beautiful cafe, calm"
Drums of Heaven,"Chinese, Thai, Asian, Seafood, Desserts, Beverages",1700,"green park, new delhi",4.4,898,4.0,2058,https://www.zomato.com/ncr/drums-of-heaven-green-park-new-delhi,"S 14, Green Park Extension, Green Park, New Delhi",9.11142E+11,28.55803325,77.20608998,not specified,not specified
Master Of Malts,"North Indian, Chinese, Continental, Fast Food, Salad, Beverages",1600,"connaught place, new delhi",4.4,2378,0.0,0,https://www.zomato.com/ncr/master-of-malts-connaught-place-new-delhi,"2nd Floor, Scindia House, Atma Ram Mansion, KG Marg, Connaught Place, New Delhi",9.19599E+11,28.6344421,77.22113315,not specified,not specified
Soho Pizzeria,Pizza,1400,"saket, new delhi",4.4,1253,4.0,70,https://www.zomato.com/ncr/soho-pizzeria-2-saket-new-delhi,"Khasra 264, Ground Floor, Westend Marg, Saidulajab, Saket, New Delhi",9.19899E+11,28.51729821,77.19806883,"banana caramel pancake, nutella pancakes, iced latte, hazelnut frappe, berry smoothie, english breakfast","ambience is very nice, sit and read, authentic, beautiful cafe, seating options, pretty place"
Barrack 62 The Gastro Pub,"North Indian, Continental, Fast Food, Beverages",1600,"sector 62, noida",4.4,1440,0.0,0,https://www.zomato.com/ncr/barrack-62-the-gastro-pub-sector-62-noida,"Near Father Agnel School, Sector 62, Noida",9.1999E+11,28.62192369,77.35514771,not specified,not specified
"C'est La Vie - Pizzas, Pastas & Burgers","Cafe, Pasta, Pizza, Continental, Beverages, Bakery, Desserts, Burger",1100,"sector 50, gurgaon",4.4,849,4.0,632,https://www.zomato.com/ncr/cest-la-vie-pizzas-pastas-burgers-sector-50,"Shop 121, 1st Floor, Worldmark, Sector 50, Gurgaon",9.11244E+11,28.397334,77.072504,"flourless fudge cake, eggs benedict, healthy breakfast, dessert counter, omelette, pancakes","cosy ambience, beautiful cafe, large servings, cozy, breakfast, good options"
Coffee Bond,"Cafe, Pizza, Fast Food, Salad, Sandwich, Burger, Desserts, Beverages",900,"m block market, greater kailash 1 (gk1), new delhi",4.4,1438,3.8,2797,https://www.zomato.com/ncr/coffee-bond-greater-kailash-gk-1-new-delhi,"M 29, M Block Market, Greater Kailash 1 (GK 1), New Delhi",9.2E+11,28.54941983,77.2362588,not specified,not specified
Sambookas,"Cafe, Italian, Mexican, North Indian, Chinese, Desserts, Beverages",900,"delhi university-gtb nagar, new delhi",4.4,1179,3.9,626,https://www.zomato.com/ncr/sambookas-2-delhi-university-gtb-nagar,"Shop 6 & 7, Hudson Lane, Delhi University-GTB Nagar, New Delhi",9.18383E+11,28.69406401,77.20485281,not specified,not specified
Dasaprakash,"South Indian, North Indian, Chinese, Beverages, Desserts, Continental",800,"hajipur, noida",4.4,921,4.1,8337,https://www.zomato.com/ncr/dasaprakash-hajipur,"HA 106, Sector 104, Near Pathway School, Hajipur, Noida",9.19694E+11,28.53999249,77.36713015,not specified,not specified
Indus Flavour,"North Indian, Chinese, Fast Food",900,"delhi university-gtb nagar, new delhi",4.4,2366,4.1,8004,https://www.zomato.com/ncr/indus-flavour-delhi-university-gtb-nagar-new-delhi,"2510, Ground Floor, Kingsway Camp, Hudson Lane, Delhi University-GTB Nagar, New Delhi",9.1114E+11,28.69400989,77.18959976,"rumali masala papad, kadak roomali, paneer makhmali, kurkure mushroom, fondue, matar mushroom","ambience is very nice, complimentary drinks, affordable, good for large groups, pure veg, gastronomical experience"
Paparizza-Woodfired Pizzas,"Pizza, Italian, Fast Food, BBQ, Salad, Desserts, Beverages",500,"delhi university-gtb nagar, new delhi",4.4,4403,4.0,5925,https://www.zomato.com/ncr/paparizza-woodfired-pizzas-delhi-university-gtb-nagar-new-delhi,"2520, Hudson Lane, Delhi University-GTB Nagar, New Delhi",9.18179E+11,28.69515012,77.20423054,"lasagna palermo, tex mex pizza, mushroom calzone, pizza calzone, apple pie shake, garlic bread mozzarella","the staff is friendly, prices are very genuine, best quality food and service, the food was worth the price, great food and service, good for large groups"
Tres,"European, Italian, Desserts, Beverages",3000,"lodhi colony, new delhi",4.4,624,4.3,448,https://www.zomato.com/ncr/tres-lodhi-colony-new-delhi,"23, Lodhi Colony, New Delhi",9.18449E+11,28.58448286,77.22360983,high end chef-driven place with a gourmet european spread,not specified
Big Yellow Door,"Cafe, Italian, Beverages, Desserts, Fast Food",800,"delhi university-gtb nagar, new delhi",4.4,2602,3.8,1576,https://www.zomato.com/ncr/big-yellow-door-delhi-university-gtb-nagar,"2521, 2nd Floor, Kingsway Camp, Hudson Lane, Delhi University-GTB Nagar, New Delhi",9.17042E+11,28.69508601,77.20426273,not specified,not specified
Ottimo At West View - ITC Maurya,"European, Italian",6600,"itc maurya, chanakyapuri, new delhi",4.4,398,0.0,0,https://www.zomato.com/ncr/ottimo-at-west-view-itc-maurya-chanakyapuri-new-delhi,"ITC Maurya, Chanakyapuri, New Delhi",9.11126E+11,28.59815202,77.17370901,"exotic salad, risotto, salmon, sunday brunch, tiramisu, lamb","sophisticated, live grill, attentive service, worth the price, view, live music"
Town Hall,"Japanese, Thai, Italian, Asian, Pizza, European",2500,"khan market, new delhi",4.4,1828,3.9,25,https://www.zomato.com/ncr/town-hall-khan-market-new-delhi,"60-61, Middle Circle Lane, Near Dayal Opticals, Khan Market, New Delhi",9.11144E+11,28.60017581,77.22712018,"spicy edamame, rock shrimp tempura, non veg mezze platter, sushi rolls, jasmine rice, sangria","roof top, great vibe, seating options, sheesha, courteous service, lovely ambience"
FO - Food Overloded,"Fast Food, Chinese, North Indian, Italian, Pizza, Pasta",700,"paschim vihar, new delhi",4.4,888,4.2,5169,https://www.zomato.com/ncr/fo-food-overloded-paschim-vihar-new-delhi,"B1/11, Ground Floor, Paschim Vihar, New Delhi",9.11145E+11,28.6703737,77.10953683,not specified,not specified
Zooby's Kitchen,"North Indian, Chinese, Mughlai, Beverages",900,"jasola, new delhi",4.4,769,4.1,1905,https://www.zomato.com/ncr/zoobys-kitchen-jasola-new-delhi,"G-76, Ground Floor, Shaheen Bagh, Abul Fazal Enclave Part-2, Defence Colony, Jamia Nagar, Jasola, New Delhi",9.19991E+11,28.5442751,77.3047337,not specified,not specified
Creme Castle,"Bakery, Desserts",800,"knowledge park, greater noida",4.4,1871,4.3,14700,https://www.zomato.com/ncr/creme-castle-1-knowledge-park-greater-noida,"Ansal Plaza, Pari Chowk, Knowledge Park, Greater Noida",9.18589E+11,28.46405385,77.50740901,not specified,not specified
La Piazza - Hyatt Regency,"Italian, Salad, Fast Food, Beverages",4500,"hyatt regency, bhikaji cama place, new delhi",4.4,695,4.3,149,https://www.zomato.com/ncr/la-piazza-hyatt-regency-bhikaji-cama-place-delhi,"Ring Road, Bhikaji Cama Place, New Delhi",9.19958E+11,28.56825283,77.18724344,"la piazza pizza, mushroom salad, risotto, tiramisu, ravioli, pepperoni pizza","classy interiors, sophisticated, live kitchen, worth the price, new menu, food menu"
Zambar,"South Indian, Seafood, Kerala, Beverages",600,"ambience mall, dlf phase 3, gurgaon",4.4,2141,4.2,919,https://www.zomato.com/ncr/zambar-1-dlf-phase-3,"Shop 310, 3rd Floor, Ambience Mall, DLF Phase 3, Gurgaon",9.11245E+11,28.50261206,77.09709372,"prawn platter, seafood thali, kerala fish fry, chicken dosa, chicken chettinadu, mutton sukka","new look, good food service, gastronomical experience, excellent staff, comfortable seating area, great decor"
The Clay Oven,"North Indian, Mughlai, Chinese, Desserts, Beverages",2000,"green park, new delhi",4.4,1199,4.2,2749,https://www.zomato.com/ncr/the-clay-oven-green-park-new-delhi,"D-1, Hotel Park Residency, Green Park, New Delhi",9.17042E+11,28.55750878,77.20486119,not specified,not specified
Cantino,"North Indian, Chinese, Pasta, Pizza",850,"delhi university-gtb nagar, new delhi",4.4,1468,0.0,9,https://www.zomato.com/ncr/cantino-delhi-university-gtb-nagar-new-delhi,"Shop 5, DDA Complex, Hudson Lane, Delhi University-GTB Nagar, New Delhi",9.1114E+11,28.69407695,77.20486622,"mushroom tai chi, molten chocolate shake, dessert counter, soya tikka, skewers, chicken drumsticks","music and ambience, live music performance, couple friendly, live singing, singer, happy place"
Cafe Delhi Heights,"Asian, Modern Indian, Continental, Cafe, Italian, Biryani",1500,"cross point mall, dlf phase 4, gurgaon",4.4,2064,4.0,936,https://www.zomato.com/ncr/cafe-delhi-heights-dlf-phase-4,"119 & 123, Ground Level, Cross Point Mall, DLF Phase 4, Gurgaon",9.19556E+11,28.4683727,77.083574,offering quintessential delhi blend of diverse cuisines across the globe,not specified
The Pavilion - ITC Maurya,"North Indian, South Indian, Italian, Chinese, Fast Food",4800,"itc maurya, chanakyapuri, new delhi",4.4,769,0.0,0,https://www.zomato.com/ncr/the-pavilion-itc-maurya-chanakyapuri-new-delhi,"ITC Maurya, Chanakyapuri, New Delhi",9.11126E+11,28.5981844,77.17363492,"dinner buffet, cappuccino, salads, deserts, fish, starters","luxury, worth the price, breakfast, great ambiance, hospitality, atmosphere"
Orient Express - Taj Palace,European,8000,"taj palace, chanakyapuri, new delhi",4.4,284,0.0,0,https://www.zomato.com/ncr/orient-express-taj-palace-chanakyapuri-new-delhi,"Taj Palace, 2 Sardar Patel Marg, Chanakyapuri, New Delhi",9.11126E+11,28.59520767,77.17172686,"get a complimentary night, earn up to 50% of spends as points at 250+ restaurants & much more. know more",a romantic fine dining experience and varied european delicacies
Folks,"North Indian, Chinese, Continental, Bar Food, Beverages",1800,"sector 16, faridabad",4.4,855,4.2,491,https://www.zomato.com/ncr/folks-sector-16-faridabad,"SCO 104 And 105, 2nd Floor, HUDA Market, Sector 16, Faridabad",9.1999E+11,28.41120701,77.31919706,"amritsari kukkad, guava mocktail, brewed beer, wheat beer, death by chocolate, falafel","live entertainment, good bartenders, huge place, perfect ambience, nice music, live music"
Striker Skybar,"North Indian, Continental, Italian, Oriental",1500,"south point mall, golf course road, gurgaon",4.4,924,0.0,1,https://www.zomato.com/ncr/striker-skybar-golf-course-road,"3rd Floor, South Point Mall, Golf Course Road, Gurgaon",9.18448E+11,28.44803905,77.09912483,not specified,not specified
Kaarobaar : The Modern - Desi Bistro,"Fast Food, North Indian, Mughlai, Kebab, Beverages, Momos, Italian",550,"rajinder nagar, new delhi",4.4,447,4.1,1901,https://www.zomato.com/ncr/kaarobaar-the-modern-desi-bistro-rajinder-nagar-new-delhi,"4C/7, Bada Bazar Road, Old Rajinder Nagar, Near Rajinder Nagar, New Delhi",9.18287E+11,28.63850266,77.18325768,not specified,not specified
Smoke House Deli,"Italian, Continental, Fast Food, Desserts, Beverages",1400,"dlf avenue, saket, new delhi",4.4,1797,4.2,1599,https://www.zomato.com/SmokeHouseDeli-Saket,"Shop 252/253, DLF Avenue, Saket, New Delhi",9.11141E+11,28.52806581,77.21682351,"ricotta ravioli, bagels, rocher shake, peri chicken, risotto, steak","classy interiors, pretty place, breakfast menu, healthy options, peaceful place, attentive staff"
Roots - Cafe In The Park,"North Indian, Street Food, Desserts",750,"sector 29, gurgaon",4.4,2759,4.0,1060,https://www.zomato.com/ncr/roots-cafe-in-the-park-sector-29,"Rajiv Gandhi Renewable Energy Park, Leisure Valley, Sector 29, Gurgaon",9.19971E+11,28.46965566,77.06839141,"railway masala omelette sandwich, wai wai bhel, moong dal chila, french press coffee, mushroom toast, modinagar shikanji","natural ambience, good food and good quality, breakfast options, healthy food options, cozy ambience, peaceful place"
La La Land Brew Pub,"Finger Food, North Indian, Continental, Chinese, Street Food, Desserts, Beverages",2200,"global foyer mall, golf course road, gurgaon",4.4,502,0.0,2,https://www.zomato.com/ncr/la-la-land-brew-pub-golf-course-road,"1st Floor, Global Foyer Mall, Golf Course Road, Gurgaon",9.199E+11,28.4605749,77.09474914,not specified,not specified
Sweet Obsession Bakery,"Bakery, Desserts, Italian, Salad",700,"south point mall, golf course road, gurgaon",4.4,1413,4.1,4355,https://www.zomato.com/ncr/sweet-obsession-bakery-dlf-phase-5,"309, 3rd Floor, South Point Mall, DLF Phase 5, Gurgaon",9.11244E+11,28.44812,77.09912,not specified,not specified
Only Bar,"North Indian, Chinese, Street Food, Fast Food, Continental, Mughlai, Beverages, Biryani",1100,"nehru place, new delhi",4.4,1369,0.0,17,https://www.zomato.com/ncr/only-bar-nehru-place-new-delhi,"24, Near Allahabad Bank, Nehru Place, New Delhi",9.19996E+11,28.54806685,77.25133784,"bommidayala pulusu, schezwan fish, tanduri chicken, chinese platter, bao, drums of heaven","good acoustics, flair bartending, service are excellent, service amazing, nice food nice service, a black tie crowd"
Another Fine Day,"Cafe, Mediterranean, Salad, Continental",800,"golf course road, gurgaon",4.4,1017,4.3,3604,https://www.zomato.com/ncr/another-fine-day-golf-course-road,"Ground Floor, MPD Towers, Golf Course Road, Gurgaon",9.11244E+11,28.45458911,77.09699582,"yogurt pot, pancake stack, raspberry mojito, avocado salad, eggs benedict, hazelnut coffee","cozy setting, breakfast options, free wifi, cosy ambience, beautiful cafe, fun place"
Sandwedges,Fast Food,200,"raj nagar, ghaziabad",4.4,808,3.9,55,https://www.zomato.com/ncr/sandwedges-raj-nagar-ghaziabad,"C 74, RDC, Opposite Indian Oil Petrol Pump, Raj Nagar, Ghaziabad",9.17503E+11,28.67636664,77.44283918,"pesto exotica, iced peach tea, peri peri fries, kitkat shake, oreo shake, shakes","best cold coffee, pocket friendly restaurant, cozy ambiance, economical, good crowd, nice crowd"
QD's Restaurant,"Chinese, North Indian, Italian, Fast Food, Ice Cream, Beverages",1100,"lajpat nagar 2, new delhi",4.4,1265,3.8,3783,https://www.zomato.com/QdsLajpatNagar,"I-1A, Central Market Road, Lajpat Nagar 2, New Delhi",9.1114E+11,28.56907112,77.24392187,"paneer makhani platter, brownie fudge sundae, changezi chicken, sundae, drums of heaven, chocolate fudge","great food great service, themed decor, gastronomical experience, comfortable seating, reasonable rate, pocket friendly place"
The Irish House,"European, American, Bar Food, Finger Food, Continental",1600,"dlf mall of india, sector 18,  noida, noida",4.4,1209,0.0,0,https://www.zomato.com/ncr/the-irish-house-sector-18-noida,"4th Floor, DLF Mall Of India, Sector 18, Noida",9.18292E+11,28.56683031,77.32112054,"dual chocolate torte, mushroom bites, drunken prawns, lunch deal, fries basket, sweet potato fries","live sports screening, happy hour, huge place, fabulous place, lovely ambience, finest place"
The Hong Kong Club - Andaz Delhi,Cantonese,3500,"andaz delhi, aerocity, new delhi",4.4,422,0.0,0,https://www.zomato.com/ncr/the-hong-kong-club-andaz-delhi-aerocity-new-delhi,"Andaz Delhi, Asset 1, Aerocity, New Delhi",9.18589E+11,28.5549028,77.1223142,chinese zodiac-inspired cocktails & modern cantonese food.,not specified
Chi Ni - The Roseate,"Chinese, Seafood, Desserts",4000,"the roseate, kapashera, new delhi",4.4,500,0.0,2,https://www.zomato.com/ncr/chi-ni-the-roseate-kapashera-new-delhi,"21 Milestone, Samalkha, NH-8, Kapashera, New Delhi",9.1113E+11,28.52511832,77.10022654,not specified,not specified
AKU'S - The Burger Co.,"Burger, American",600,"defence colony, new delhi",4.4,634,4.3,4723,https://www.zomato.com/ncr/akus-the-burger-co-defence-colony-new-delhi,"Shop 47, Ground Floor, Main Market, Defence Colony, New Delhi",9.18827E+11,28.5733621,77.23045517,"truffle fries, beetroot burger, paprika fries, whole wheat bun, belgian shake, lamb patty","cozy ambiance, casual seating area, pocket friendly, fresh ingredients, good crowd, prompt service"
World Trail,"Cafe, Burger, Italian, Fast Food, Desserts, Pizza",500,"sector 135, noida",4.4,1107,4.1,8577,https://www.zomato.com/ncr/world-trail-sector-135-noida,"Shop 64-65, Plot 22, Sandal Street, Assotech Business Cresterra, Sector 135, Noida",9.19312E+11,28.496395,77.40207799,"mutton meatballs, rasmalai shake, pizza alle verdure, classic veg burger, mushroom sandwich, chocolate milk","intimate seating, reasonable rate, good quality food, soft music, great restaurant, takeaway"
Baa Bistro,"North Indian, Kebab, Chinese, Beverages, South Indian",500,"mayur vihar phase 1, new delhi",4.4,524,4.2,4032,https://www.zomato.com/ncr/baa-bistro-mayur-vihar-new-delhi,"Near Nagarjuna Apartment, DDA Market, Mayur Vihar Phase 1, New Delhi",9.19931E+11,28.58515529,77.30219554,not specified,not specified
Singh Sahib,"North Indian, Chinese, Mughlai",1300,"sector 5, dwarka, new delhi",4.4,844,4.2,9458,https://www.zomato.com/ncr/singh-sahib-sector-5-dwarka,"Plot 10, 3rd Floor, Manish Link Road, Sector 5, Dwarka, New Delhi",9.11146E+11,28.59541138,77.05228709,"sharing platter, pudhina chutney, punjabi chicken curry, dahi kebab, tikka masala, daal makhni","attentive staff, family place, family restaurant, serving size, good value, best restaurant"
Shiv Tikki Wala,"Street Food, North Indian",300,"karkardooma, new delhi",4.4,1365,3.9,66,https://www.zomato.com/ncr/shiv-tikki-wala-karkardooma-new-delhi,"Ground Floor, Karkardooma Community Centre, Karkardooma, New Delhi",9.19911E+11,28.64917282,77.30249394,"dahi gol gappe, dahi papdi, kathi kabab, paav bhaji, stuffed chaap, bhalla papdi","bang for the buck, menu options, chirpy crowd, not very crowded, casual seating area, street food"
Sagar Ratna,"South Indian, North Indian",600,"defence colony main market, defence colony, new delhi",4.4,1006,4.3,8844,https://www.zomato.com/ncr/sagar-ratna-1-defence-colony-new-delhi,"18, Defence Colony Market, Defence Colony, New Delhi",9.11124E+11,28.57337476,77.23028485,"mysore plain dosa, dahi vada, curd rice, filter coffee, idli, sambar","family restaurant, food menu, seating area, fast service, quick service, best places"
Sibang Bakery,"Beverages, Desserts",500,"south point mall, golf course road, gurgaon",4.4,497,4.5,2617,https://www.zomato.com/ncr/sibang-bakery-dlf-phase-5,"LG-23, Lower Ground Floor, South Point Mall, Sector 5, DLF Phase 5, Gurgaon",9.19811E+11,28.44793057,77.09908258,"almond tart, sausage roll, tuna sandwich, ham sandwich, vanilla latte, tea cake","cozy, vibe, courteous staff, decor, portions, great place"
Bhalla King,"Chinese, Street Food, Fast Food, Desserts, Mithai",300,"hauz khas, new delhi",4.4,501,4.1,8463,https://www.zomato.com/ncr/bhalla-king-hauz-khas-new-delhi,"Shop 1-O-65, Gurudwara Shri Niwas Puri, Hauz Khas, New Delhi",9.17839E+11,28.5656239,77.2585315,"dahi bhalla papdi, punjabi tadka maggi, chaat papdi, raj kachodi, pav bhajji, rajkachori","faster delivery, good street food, great for birthdays, quaint little place, generous portions, fancy crowd"
Punjabi By Nature,"North Indian, Mughlai, Desserts, Beverages",2400,"ambience mall, vasant kunj, new delhi",4.4,2426,4.2,2592,https://www.zomato.com/ncr/punjabi-by-nature-vasant-kunj-new-delhi,"T-305, 3rd Floor, Ambience Mall, Vasant Kunj, New Delhi",9.19821E+11,28.54087756,77.15500932,"kandhari chicken, papad platter, murgh makhanwala, lahori masala paneer, tandoori raan, authentic punjabi food","service by staff, food was wonderful, themed decor, courteous service, nice interiors, comfortable seating"
Potli,"North Indian, Mughlai, Chinese, Biryani, Rolls, Momos",600,"central arcade, dlf phase 2, gurgaon, gurgaon",4.4,681,3.9,1100,https://www.zomato.com/ncr/potli-dlf-phase-2,"161, Ground Floor, Central Arcade, DLF Phase 2, Gurgaon",9.11244E+11,28.48117696,77.08582744,"pudina chicken, dal handi, malai chaap roll, rara chicken, paneer do pyaza, boondi raita","great recommendations, not very crowded, fast delivery service, cozy ambiance, casual seating area, low price"
Gung -The Palace,Korean,3000,"sector 29, gurgaon",4.4,448,3.7,166,https://www.zomato.com/ncr/gung-the-palace-sector-29,"Plot 27 & 28, 1st Floor, Near Signature Towers, Sector 29, Gurgaon",9.11244E+11,28.4684065,77.0624959,not specified,not specified
The Asian Tuk Tuk,"Asian, Japanese, Momos",800,"east of kailash, new delhi",4.4,723,4.1,766,https://www.zomato.com/ncr/the-asian-tuk-tuk-east-of-kailash-new-delhi,"16 A, Sant Nagar, Main Road, East Of Kailash, New Delhi",9.18861E+11,28.5540759,77.24799179,"chocolate burger, char siu bao, exotic mushroom, lamb rendang, tuna sushi, tempura prawns","relaxed atmosphere, good for large groups, serving size, packed on weekends, family place, perfect ambience"
Chaiyum,"Pizza, Fast Food, Beverages",550,"sector 10, dwarka, new delhi",4.4,2154,4.0,3334,https://www.zomato.com/ncr/chaiyum-sector-10-dwarka-new-delhi,"Ground Floor, Pinnacle Mall, Sector 10, Dwarka, New Delhi",9.19668E+11,28.57945509,77.05595769,"paneer masala sandwich, zaffran chai, herb chilli burger, vada pav burger, adrak tulsi chai, chicken salami pizza","elaborate seating, hospitable, sugar free options, love the food love the service, no plastic cups, cool environment"
Dakshin - Sheraton New Delhi Hotel,South Indian,3000,"sheraton new delhi hotel, saket, new delhi",4.4,438,0.0,0,https://www.zomato.com/ncr/dakshin-sheraton-new-delhi-hotel-saket-new-delhi,"District Centre, Saket, New Delhi",9.11143E+11,28.51841562,77.206324,"south indian food, attitude, decor, excellent service, great service, nice ambience",not specified
The Joint Cafe,"Cafe, Burger, Italian, American, Steak, Beverages",1400,"dlf galleria, dlf phase 4, gurgaon",4.4,1445,4.1,6522,https://www.zomato.com/ncr/the-joint-cafe-dlf-phase-4,"100, 1st Floor, DLF Galleria, DLF Phase 4, Gurgaon",9.11244E+11,28.46756924,77.08143801,"farmhouse steak, streaky bacon, irish cream coffee, beef burger, meat platter, finger chips","breakfasts, big portions, quaint little place, cosy place, cozy, great music"
Unplugged Courtyard,"North Indian, Continental, Asian",1600,"udyog vihar, gurgaon",4.4,1366,0.0,9,https://www.zomato.com/ncr/unplugged-courtyard-udyog-vihar,"Opposite Plot 269, Phase 2, Udyog Vihar, Gurgaon",9.1932E+11,28.50692873,77.08537582,"multani paneer, avalanche, mushroom dimsum, veg manchow, churros, dum aloo","rooftop ambience, outside sitting, romantic place, rooftop seating, live band, huge place"
Moti Mahal Delux- Legendary Culinary,"North Indian, Mughlai, Chinese, Desserts, Beverages",1700,"south extension 2, new delhi",4.4,841,4.1,1652,https://www.zomato.com/ncr/moti-mahal-delux-legendary-culinary-south-extension-2-new-delhi,"E-31/32, South Extension 2, New Delhi",9.1965E+11,28.56844923,77.21913658,not specified,not specified
Nik Baker's,"Bakery, Desserts, Fast Food",600,"greater kailash 2 (gk2), new delhi",4.4,1080,4.3,352,https://www.zomato.com/ncr/nik-bakers-greater-kailash-gk-2-new-delhi,"M-25, M Block Market, Greater Kailash (GK) 2, New Delhi",9.11129E+11,28.53346717,77.24198699,"choco chip cookies, mocha coffee, fajita, eclair, barbeque chicken pizza, blueberry cheese cake","coffee date, pretty decor, reasonable cost, wonderful place, vibe, family crowd"
Matamaal - The Kashmiri Restaurant,Kashmiri,1300,"sikandarpur, gurgaon",4.4,700,3.7,1745,https://www.zomato.com/ncr/matamaal-the-kashmiri-restaurant-sikandarpur,"203, DLF City Court, Sikandarpur, Gurgaon",9.196E+11,28.48262068,77.0956289,"kashmiri roganjosh, chicken kanti, marchwangan korma, mutton yakhni, mutton meatballs, authentic kashmiri cuisine","excellent variety, themed decor, comfortable seating area, relaxed atmosphere, authenticity, cozy place"
Uno Pizzeria & Grill,"American, Italian, Mexican, Pizza, Beverages",1400,"gardens galleria, sector 38 noida, noida",4.4,666,4.1,612,https://www.zomato.com/ncr/uno-pizzeria-grill-sector-38-noida,"FB 104, 105, Garden Galleria Mall, A-2, Sector 38A, Noida",9.19668E+11,28.56464127,77.32162781,"artichoke dip, chicken pesto pasta, mushroom stroganoff, chicken tenders, fried cheese, cookie","authentic, good for large groups, comfortable seating, serving size, fancy crowd, live music"
Spice Art - Crowne Plaza,"North Indian, Awadhi, Kebab, Mughlai, Asian, Beverages",3500,"crowne plaza hotel, rohini, new delhi",4.4,664,0.0,0,https://www.zomato.com/ncr/spice-art-crowne-plaza-rohini-new-delhi,"Crowne Plaza, Twin District Centre, Sector 10, Rohini, New Delhi",9.11145E+11,28.72069193,77.11051516,"aloo kofta, sweet paan, bread platter, tandoori chicken tikka, honey chilli potatoes, paneer lababdar","sophisticated, worth the price, luxury, relaxed atmosphere, quality of food, fantastic service"
California Burrito,"Mexican, American, Beverages",500,"sohna road, gurgaon",4.4,471,4.0,4120,https://www.zomato.com/ncr/california-burrito-sohna-road,"Ground Floor, Block 2, Vatika Business Park, Sohna Road, Gurgaon",9.11245E+11,28.40591294,77.044909,not specified,not specified
Pra Pra Prank,"Asian, Modern Indian",2100,"cyber hub, dlf cyber city, gurgaon",4.4,1933,0.0,0,https://www.zomato.com/ncr/pra-pra-prank-dlf-cyber-city,"Shop 24, Ground Floor, Cyber Hub, Sector 24, DLF Cyber City, Gurgaon",9.196E+11,28.49437481,77.08805669,"bullet chicken, prawn sushi, ghee roast chicken, rainbow roll, tempura prawns, appam","unique ambience, fusion food, classy place, amazing decor, outside seating, outdoor sitting"
Fat Lulu's Cafe & Bar,"Cafe, Fast Food, Beverages, Pasta, Pizza, Italian",800,"supermart 1, dlf phase 4, gurgaon",4.4,1526,4.1,7824,https://www.zomato.com/ncr/fat-lulus-cafe-bar-dlf-phase-4,"Shop B-246, Upper Ground Floor, Super Mart 1, DLF Phase 4, Gurgaon",9.11244E+11,28.46242478,77.08759803,not specified,not specified
Blue Tokai Coffee Roasters,"Coffee, Burger, Sandwich, Pasta, Lebanese",500,"champa gali, saket, new delhi",4.4,1341,4.3,2166,https://www.zomato.com/ncr/blue-tokai-coffee-roasters-saket-new-delhi,"Khasra 258, Lane 3, Westend Marg, Saidulajab, Saket, New Delhi",9.1881E+11,28.51734181,77.20016934,"coconut mocha, gourmet coffee, flat white coffee, cappuccino coffee, quiche, carrot cake","coffee date, outdoor sitting, calm, peaceful place, indoor seating, cozy"
Biryani Badshah,"Biryani, North Indian, Chinese, Seafood",700,"connaught place, new delhi",4.4,584,3.9,7102,https://www.zomato.com/ncr/biryani-badshah-connaught-place-new-delhi,"Shop 2190, P Block, Connaught Circus, New Delhi",9.11142E+11,28.6314468,77.2162933,"panner biryani, biryani combo meal, murgh malai, mutton boneless biryani, andhra chicken curry, paneer 65","comfortable seating area, amazing prices, good for large groups, themed decor, fast delivery service, perfect service"
BreadTalk,"Bakery, Fast Food, Desserts",450,"select citywalk mall, saket, new delhi",4.4,508,4.5,1359,https://www.zomato.com/ncr/breadtalk-saket-new-delhi,"Select Citywalk Mall, Saket, New Delhi",9.19625E+11,28.52915099,77.21952919,"chocolate cream roll, tiramisu cheesecake, cheese tart, mushroom puff, chocolate croissant, swiss roll","coffee date, pretty decor, packed on weekends, more variety, concept, preparation"
Baris,"Mediterranean, Turkish, Middle Eastern, Kebab, Lebanese",2000,"greater kailash 3 (gk3), new delhi",4.4,654,3.6,592,https://www.zomato.com/ncr/baris-greater-kailash-gk-3-new-delhi,"Building 3, Local Shopping Complex, Masjid Moth, Greater Kailash 3 (GK 3), New Delhi",9.11149E+11,28.53697406,77.23882031,"turkish coffee, pide, baklava, lamb shanks, mezze platter, hummus","sophisticated, rooftop ambience, beautiful decor, sheesha, lovely ambience, authenticity"
Tossin Pizza,"Pizza, Fast Food, Pasta, Beverages",600,"dlf galleria, dlf phase 4, gurgaon",4.4,2441,4.2,32600,https://www.zomato.com/ncr/tossin-pizza-dlf-phase-4,"SF-114, 1st Floor, Galleria Market, DLF Phase 4, Gurgaon",9.11244E+11,28.46758987,77.08140012,"herbed garlic bread, roohafza mojito, spicy pepperoni, vegetable calzone, veg peri peri, strawberry mojito","food is 5 star, amazing food and experience, tasty stuff, delivery on time, cozy ambience, many choices"
Eleven Course,"North Indian, Chinese, Italian, Mexican, Lebanese, Beverages",2000,"rohini, new delhi",4.4,828,3.9,248,https://www.zomato.com/ncr/eleven-course-rohini-new-delhi,"6th Floor, Unity One Mall, Rohini West Metro Station Rohini, New Delhi",9.19971E+11,28.69080118,77.15014178,"tandoori platter, drink, paneer lababdar, mojito, dal makhni, mocktails","ample seating area, relaxed atmosphere, nice decor, nice ambience, main course, decent place"
Fez,"Lebanese, Italian, North Indian, Salad",2000,"dlf phase 5, gurgaon",4.4,723,4.1,854,https://www.zomato.com/ncr/fez-dlf-phase-5,"Ground Floor, MPD Towers, Golf Course Road, Sector 43, DLF Phase 5, Gurgaon",9.11244E+11,28.45481255,77.0971467,"calamari fritters, virgin mint mojito, baklava, cheese cigars, mezze, shish taouk","comfortable seating area, sheesha, nice interiors, cozy, serving size, hookah"
Amar Jyoti,"North Indian, Mughlai, Momos, Chinese, Rolls, Beverages",600,"sarojini nagar, new delhi",4.4,819,3.9,3043,https://www.zomato.com/ncr/amar-jyoti-sarojini-nagar-new-delhi,"186, Sarojini Nagar Market, Sarojini Nagar, New Delhi",9.11125E+11,28.57648991,77.19664995,"chicken tikki masala, tawa seekh, keema meat, masala paneer, tawa paneer, yellow dal tadka","boneless chicken biryani, bang for the buck, nice crowd, great recommendations, polite staff, best restaurant"
Crudo Juicery & Salad Bar,"Healthy Food, Salad, Beverages",500,"dlf galleria, dlf phase 4, gurgaon",4.4,438,4.1,5392,https://www.zomato.com/ncr/crudo-juicery-salad-bar-dlf-phase-4,"85, Second Floor, Galleria Market, DLF Phase 4, Gurgaon",9.11244E+11,28.46751766,77.08204117,not specified,not specified
Lakshmi Coffee House,South Indian,300,"brahmaputra shopping complex, sector 29, noida, noida",4.4,1173,4.2,3189,https://www.zomato.com/ncr/lakshmi-coffee-house-sector-29-noida,"Brahmaputra Shopping Complex, Sector 29, Noida",9.19874E+11,28.5700222,77.33280223,"rawa kesri, rava onion masala, south indian filter coffee, filtered coffee, tomato rice, healthy breakfast","fancy place, casual seating area, pocket friendly, nice crowd, inexpensive, cleanliness"
Whipped,"Bakery, Desserts, Coffee, Fast Food",800,"greater kailash 2 (gk2), new delhi",4.4,1658,4.2,7439,https://www.zomato.com/ncr/whipped-greater-kailash-gk-2-new-delhi,"S-375, Block S, Inder Mohan Bhardwaj Marg, Greater Kailash 2 (GK 2), New Delhi",9.16366E+11,28.52979197,77.24541016,"chocolate truffle royale, oreo crunch, new york cheesecake, cake in a jar, red velvet cheesecake, cheese cakes","taste was awesome, pretty decor, coffee date, good stuff, fancy crowd, seating arrangement"
Threads Cafe,"Cafe, Fast Food, Desserts",900,"shahpur jat, new delhi",4.4,441,4.0,94,https://www.zomato.com/ncr/threads-cafe-shahpur-jat-new-delhi,"253, Ground Floor, Shahpur Jat, New Delhi",9.11142E+11,28.54889295,77.21146312,"grilled cottage cheese steak, masala tea, cheesy garlic bread, cappuccino, chocolate fudge, coffees","bookshelf, sit and read, quaint little place, beautiful cafe, affordable food, comforting atmosphere"
Viva - All Day Dining - Holiday Inn,"North Indian, Asian, European",3000,"holiday inn, aerocity, new delhi",4.4,1162,0.0,13,https://www.zomato.com/ncr/viva-all-day-dining-holiday-inn-aerocity-new-delhi,"12, Asset Area, Hospitality District, Aerocity, New Delhi",9.11142E+11,28.5497999,77.123303,"minestrone, pita pocket, mutton rogan, buffet, salads, deserts","romantic dining, great for dates, jazz music, sophisticated, amazing food and experience, staff communication"
Paranda - Vivanta by Taj,"North Indian, Mughlai",2500,"vivanta by taj, suraj kund, faridabad",4.4,499,0.0,0,https://www.zomato.com/ncr/paranda-vivanta-taj-suraj-kund-faridabad,"Vivanta by Taj, Shooting Range Road, Suraj Kund, Faridabad",9.11297E+11,28.48926819,77.28526745,"get a complimentary night, earn up to 50% of spends as points at 250+ restaurants & much more. know more",not specified
Kitchen Of Awadh,"Mughlai, Awadhi",1000,"supermart 1, dlf phase 4, gurgaon",4.4,936,4.1,1692,https://www.zomato.com/ncr/kitchen-of-awadh-1-dlf-phase-4,"A-208, Supermart 1, DLF Phase 4, Gurgaon",9.1991E+11,28.4622382,77.08802819,"galawat ke kebab, lucknowi chicken, bhuna ghost, achari chicken, firni, murg makhani","attentive staff, good customer service, themed decor, attentive service, relaxed atmosphere, ample seating area"
Dhaba 29,"North Indian, Kebab, Beverages",1400,"sector 29, gurgaon",4.4,831,3.9,5075,https://www.zomato.com/ncr/dhaba--sector-29,"SCO 29, Sector 29, Gurgaon",9.18701E+11,28.4682483,77.0623354,"badami kheer, ajwaini paratha, dhaba mutton, dal dhaba, boondi raita, plain rice","great seating capacity, very cheap, desi vibes, desi food, neat packaging, great atmosphere"
EEST - The Westin Gurgaon,"Asian, Japanese, Thai, Chinese",3500,"the westin gurgaon, sector 29, gurgaon",4.4,479,0.0,0,https://www.zomato.com/ncr/eest-the-westin-gurgaon-sector-29,"The Westin Hotel, Sector 29, Gurgaon",9.17838E+11,28.47772038,77.07105149,"sashimi, set menu, thai green curry, sushi, lamb, noodle","worth the price, authentic food, view, friendly staff, courteous staff, great ambience"
Seasonings - The Spice Mysteries,"North Indian, Mughlai, Chinese, Italian",1500,"ashok vihar phase 2, new delhi",4.4,994,3.9,919,https://www.zomato.com/SeasoningsTSM,"B-1/6, Ashok Vihar Phase 2, New Delhi",9.11146E+11,28.69666561,77.17954684,not specified,not specified
Bella Italia - Holiday Inn,Italian,2500,"holiday inn, aerocity, new delhi",4.4,591,0.0,0,https://www.zomato.com/ncr/bella-italia-holiday-inn-aerocity-new-delhi,"Holiday Inn, Asset Area 12, Hospitality District, Aerocity, New Delhi",9.11142E+11,28.5508906,77.121595,"paan gelato, spinach risotto, set menu, tiramisu, pasta, salad","peaceful environment, sophisticated, worth the price, relaxed atmosphere, good hospitality, brunch"
Neung Roi - Radisson Blu Plaza Delhi Airport,"Thai, Asian",2000,"radisson blu plaza delhi airport, mahipalpur, new delhi",4.4,437,0.0,2,https://www.zomato.com/ncr/neung-roi-radisson-blu-plaza-delhi-airport-mahipalpur-new-delhi,"Radisson Blu Plaza Delhi Airport, National Highway 8, Near IGI Airport, Mahipalpur, New Delhi",9.18827E+11,28.54386467,77.119461,"pad thai noodles, thai green curry, pork, prawn, salads, starter","appetizers, street food, chef, main course, decor, atmosphere"
Rolls Mania,"Rolls, Fast Food, Beverages",400,"indirapuram, ghaziabad",4.4,767,3.9,15700,https://www.zomato.com/ncr/rolls-mania-indirapuram-ghaziabad,"Shop 15, Ground Floor, Parsvnath Majestic Arcade, Vaibhav Khand, Indirapuram, Ghaziabad",9.19413E+11,28.636681,77.368813,"paneer mughlai, veg paneer roll, mughlai chicken, chicken bhuna roll, soya chaap roll, cheese rolls","chirpy crowd, casual seating area, inexpensive, elegantly decorated, great recommendations, good price"
The Coffee Shop,"Cafe, Fast Food, Beverages",900,"pvr anupam complex, saket, new delhi",4.4,760,4.3,1844,https://www.zomato.com/ncr/the-coffee-shop-saket-new-delhi,"8, PVR Anupam Complex, Community Centre, Saket, New Delhi",9.11142E+11,28.52351523,77.20720276,"himalayan breakfast, spaghetti puttanesca, english breakfast, hazelnut coffee, blueberry shake, frappe","ambiance and music, breakfast options, serving time, outside seating, good value, great staff"
Sikandrabadi,"North Indian, Biryani",1000,"sector 135, noida",4.4,704,3.7,3082,https://www.zomato.com/ncr/sikandrabadi-sector-135-noida,"Shop 110, Assotech Business Cresterra, Sector 135, Noida",9.18751E+11,28.49646247,77.40224864,"paneer dum biryani, chicken honey, paneer 65, tandoori tikka, authentic hyderabadi biryani, chicken tikka biryani","good for large groups, nice cozy place, ample seating area, good hygiene, nice hospitality, finest place"
RollsKing,"Rolls, Sandwich, Fast Food, Beverages",400,"sector 18, noida",4.4,1574,4.2,300,https://www.zomato.com/ncr/rollsking-1-sector-18-noida,"J-3, Near GIP Footover Bridge, Sector 18, Noida",9.11204E+11,28.56823399,77.32459299,"mutton egg roll, keema roll, double egg, kathi rolls, veg roll, chicken roll","takeaway, good value, friendly place, great recommendations, quick service, best places"
Kung Fu Kitchen,"Thai, Chinese, Momos",700,"sector 93, noida",4.4,1297,4.0,3227,https://www.zomato.com/ncr/kung-fu-kitchen-sector-93-noida,"Plot 3, Kiosk 2, Eldeco Studio, Sector 93 A, Sector 93, Noida",9.17679E+11,28.514361,77.3855,"bamboo chicken biryani, tandoori lollipop, angoori kofta, chilli corn, phirni, crispy corn","candle light dinner, rooftop seating, excellent services, nice location, best ambience, courteous service"
Tastebaaz,"North Indian, Chinese, Rolls",500,"rajouri garden, new delhi",4.4,474,4.0,8470,https://www.zomato.com/ncr/tastebaaz-1-rajouri-garden-new-delhi,"LIG DDA Market, Major Sudesh Kumar Marg, Near Cambridge School, Rajouri Garden, New Delhi",9.17304E+11,28.63923418,77.11524121,"deluxe thali, drums of heaven, palak paneer, daal makhani, paneer lababdar, veg platter","economical, bang for the buck, cozy ambiance, cute little place, good crowd, great recommendations"
Oh So Stoned,"Ice Cream, Desserts, Beverages",400,"cyber hub, dlf cyber city, gurgaon",4.4,628,4.2,1264,https://www.zomato.com/ncr/oh-so-stoned-dlf-cyber-city,"Cyber Hub, DLF Cyber City, Gurgaon",9.18587E+11,28.49585076,77.08902966,"boozy shake, belgium chocolate ice cream, cheesecake ice cream, mango cheesecake, banana split, wonderful dinner","colorful decor, awesome interiors, totally worth it, vibrant ambience, pretty decor, pretty place"
Wakhra Swaad,"North Indian, Mughlai, Rolls, Chinese",1000,"hajipur, noida",4.4,598,4.0,12400,https://www.zomato.com/ncr/wakhra-swaad-hajipur,"Khasra 514, Maharishi Nagar, Sector 104, Hajipur, Noida",9.18882E+11,28.53868151,77.36572634,"chicken dhaniya adraki, momo platter, malai chaap roll, changezi chicken, paneer lababdaar, paneer tikka masala","charging ports, great for birthdays, service and quality of food, food packaging, fancy crowd, great packaging"
Tamasha,"Asian, North Indian, Continental, Italian",1600,"connaught place, new delhi",4.3,9598,0.0,4,https://www.zomato.com/ncr/tamasha-connaught-place-new-delhi,"28A, Kasturba Gandhi Marg, Connaught Place, New Delhi",9.19999E+11,28.62960802,77.22183824,not specified,not specified
Local,"North Indian, Continental, Beverages, Italian",1600,"connaught place, new delhi",4.3,7613,0.0,0,https://www.zomato.com/ncr/local-connaught-place-new-delhi,"11, KG Marg, Scindia House, Connaught Place, New Delhi",+91 8068974399,28.62995409,77.22106844,not specified,not specified
Banter,"North Indian, Continental, Italian, Beverages",2300,"rajinder nagar, new delhi",4.3,1651,0.0,0,https://www.zomato.com/ncr/banter-rajinder-nagar-new-delhi,"31- B, Pusa Road, Rajinder Nagar, New Delhi",9.18374E+11,28.64331162,77.18467288,"oreo caramel shake, afghani murgh tikka, penne primavera, watermelon drink, iced peach tea, tomato shorba","overall the food was good, beautiful courtyard, ambience and service, gastronomical experience, live singing, amazing vibe"
Ministry Of Beer,"Continental, Italian, Asian, North Indian, Beverages",1700,"connaught place, new delhi",4.3,3615,0.0,0,https://www.zomato.com/ncr/ministry-of-beer-connaught-place-new-delhi,"M 44, Outer Circle, Connaught Place, New Delhi",9.188E+11,28.63332799,77.22265732,not specified,not specified
The Junkyard Cafe,"North Indian, Mediterranean, Asian, Italian",1500,"connaught place, new delhi",4.3,7213,0.0,0,https://www.zomato.com/ncr/the-junkyard-cafe-connaught-place-new-delhi,"91, 2nd Floor, N Block, Connaught Place, New Delhi",+91 8068974498,28.63011977,77.22062085,not specified,not specified
Amour Bistro,"Continental, Italian, Fast Food, Raw Meats, Desserts, Beverages",2000,"chanakyapuri, new delhi",4.3,1430,4.4,618,https://www.zomato.com/ncr/amour-bistro-chanakyapuri-new-delhi,"10/48, Malcha Marg Shopping Complex, Chanakyapuri, New Delhi",9.19811E+11,28.6016073,77.18596134,"herb roast prawn, gnocchi, quiche, banoffee pie, blueberry cheesecake, salmon","family favorite, breakfast menu, perfect location, gastronomical experience, live kitchen, calm"
Qla,"European, Italian, Spanish",3000,"mehrauli, new delhi",4.3,1147,3.9,16,https://www.zomato.com/ncr/qla-mehrauli-new-delhi,"4-A, Seven Style Mile, Kalka Das Marg, Near Qutab Minar, Mehrauli, New Delhi",9.18527E+11,28.52683716,77.18593318,"chicken slider, date night, wine, cocktail, tiramisu, prawn","clean bathrooms, romantic place, sophisticated, valet service, jazz music, courtyard"
Openhouse Cafe,"North Indian, Chinese, Continental, Mughlai, Beverages",2000,"connaught place, new delhi",4.3,5132,0.0,0,https://www.zomato.com/ncr/openhouse-cafe-connaught-place-new-delhi,"C-37, Connaught Place, New Delhi",9.2E+11,28.63425583,77.22076334,not specified,not specified
The Darzi Bar & Kitchen,"North Indian, Chinese, Continental, Pizza, Finger Food, Asian, Desserts, Beverages",1500,"connaught place, new delhi",4.3,3831,0.0,2,https://www.zomato.com/TheDarziBar,"H 55, 1st Floor, Outer Circle, Connaught Place, New Delhi",9.19712E+11,28.63544644,77.21899409,not specified,not specified
Raftaar - The High Speed Lounge & Bar,"North Indian, Italian, Continental",1700,"punjabi bagh, new delhi",4.3,2121,0.0,0,https://www.zomato.com/ncr/raftaar-the-high-speed-lounge-bar-punjabi-bagh-new-delhi,"15C, Club Road, Punjabi Bagh, New Delhi",9.19776E+11,28.66662944,77.1256911,not specified,not specified
Nukkad Cafe & Bar,"Fast Food, Chinese, North Indian, Pasta, Pizza, Beverages",1200,"sda market, sda, new delhi",4.3,1598,0.0,0,https://www.zomato.com/ncr/nukkad-cafe-bar-sda-new-delhi,"C 23-24, Near SDA Market, SDA, New Delhi",9.11141E+11,28.5467327,77.19690509,"ganne ka juice, mutton galouti kabab, pan mojito, tadka maggi, butter maggi, beer cocktail","live sufi music, ambiance and music, romantic place, beautiful lighting, soulful music, live singing"
Sutra Gastropub,"Finger Food, Modern Indian, Asian, Continental, North Indian",1800,"gardens galleria, sector 38 noida, noida",4.3,995,0.0,0,https://www.zomato.com/ncr/sutra-gastropub-sector-38-noida,"Gardens Galleria, Sector 38, Noida",9.17429E+11,28.56442808,77.32332934,not specified,not specified
Q'BA,"North Indian, Italian, Street Food, Fast Food, Desserts, Beverages",2000,"connaught place, new delhi",4.3,635,3.9,32,https://www.zomato.com/ncr/qba-1-connaught-place-new-delhi,"E-42, 43, Inner Circle, Connaught Place, New Delhi",9.19561E+11,28.63225418,77.22110767,not specified,not specified
Uncultured Cafe And Bar,"Continental, Chinese, Italian, Finger Food, Fast Food, North Indian, Desserts, Beverages",1900,"kailash colony, new delhi",4.3,3237,3.9,24,https://www.zomato.com/ncr/uncultured-cafe-and-bar-kailash-colony-new-delhi,"HS-12, Market, Kailash Colony, New Delhi",9.18448E+11,28.55256071,77.24136606,not specified,not specified
Nagpal Di Hatti,North Indian,150,"geeta colony, new delhi",4.3,1330,4.3,9110,https://www.zomato.com/ncr/nagpal-di-hatti-geeta-colony-new-delhi,"131, Budhh Bazar, Veer Savarkar Market, Gandhinagar, Near Geeta Colony, New Delhi",9.19214E+11,28.658901,77.26873,"elegantly decorated, economical, casual seating area, nice crowd, pocket friendly, great recommendations",not specified
Verandah Moonshine,"North Indian, Mediterranean, Chinese, Beverages, Desserts, Momos",1500,"punjabi bagh, new delhi",4.3,1842,0.0,6,https://www.zomato.com/ncr/verandah-moonshine-punjabi-bagh-new-delhi,"2/85, 3rd Floor, West Punjabi Bagh Club Road, Punjabi Bagh, New Delhi",9.17669E+11,28.66629231,77.12410357,"hummus pita bread, keema curry, paneer salad, bhel puri, chicken popcorn, peri fries","staff politeness, ambience is delightful, rooftop cafe, service and quality of food, lightings, pocket friendly prices"
Bakebook,"Cafe, Desserts",500,"anand vihar, new delhi",4.3,452,0.0,0,https://www.zomato.com/ncr/bakebook-anand-vihar-new-delhi,"78, Rishabh Vihar, Maharaja Surajmal Marg, Anand Vihar, New Delhi",9.19774E+11,28.65613523,77.30205607,"dutch pancake, colourful macroons, latte coffee, birthday cakes, pancakes, kit kat shake","highly customizable cakes, good for dessert, coffee date, good pricing, pretty decor, breakfast menu"
Michigan Taps,"Mediterranean, North Indian, Asian, Biryani",1700,"global foyer mall, golf course road, gurgaon",4.3,583,3.9,19,https://www.zomato.com/ncr/michigan-taps-golf-course-road,"Shop 27-30, Ground Floor, Global Foyer Building, Golf Course Road, Gurgaon",9.1893E+11,28.460466,77.095233,not specified,not specified
Chapter Twelve,"Bar Food, Continental, Chinese, North Indian, Desserts, Beverages",1600,"sector 12, faridabad",4.3,892,4.2,163,https://www.zomato.com/ncr/chapter-twelve-sector-12-faridabad,"19, 20, Ground Floor, Near Ozone Tower, Sector 12, Faridabad",9.1981E+11,28.38317953,77.31991656,not specified,not specified
Cafe Di Milano,"Cafe, Italian, Chinese, Continental, North Indian, Beverages",700,"sector 13, dwarka, new delhi",4.3,1775,4.2,527,https://www.zomato.com/ncr/cafe-di-milano-sector-13-dwarka-new-delhi,"97A, Opposite Reliance Mall, Sector 13, Dwarka, New Delhi",9.19625E+11,28.59781938,77.03494158,not specified,not specified
Castle's Barbeque,"North Indian, Chinese, Fast Food, Beverages",1600,"pacific mall, tagore garden, new delhi",4.3,1673,3.5,114,https://www.zomato.com/ncr/castles-barbeque-tagore-garden-new-delhi,"3rd Floor, Pacific Mall, Tagore Garden, New Delhi",9.1987E+11,28.64313596,77.10668329,not specified,not specified
Cafe Tesu,"Cafe, Mediterranean",1400,"essex farms, adchini, new delhi",4.3,1213,3.9,46,https://www.zomato.com/ncr/cafe-tesu-adchini-new-delhi,"4, Essex Farms, Sri Aurobindo Marg, Vijay Mandal Enclave, Adchini, New Delhi",9.19874E+11,28.54399543,77.20144507,"chicken poutine, sweet potato fries, eggs benedict, healthy breakfast, english breakfast, mocha","nice food quality, beautiful cafe, coffee date, breakfast menu, calm, perfect location"
Kheer - Roseate House,North Indian,4500,"roseate house, aerocity, new delhi",4.3,715,0.0,4,https://www.zomato.com/ncr/kheer-roseate-house-aerocity-new-delhi,"Asset 10, Hospitality District, Aerocity, New Delhi",9.11172E+11,28.5508906,77.121595,not specified,not specified
DEL - Roseate House,"European, North Indian, Italian, Desserts, Continental",3000,"roseate house, aerocity, new delhi",4.3,971,2.8,16,https://www.zomato.com/ncr/del-roseate-house-aerocity-new-delhi,"Roseate House, Asset 10, Hospitality District, Aerocity, New Delhi",9.19999E+11,28.550801,77.121595,not specified,not specified
Adda By Striker,"North Indian, Chinese, Mexican, Street Food, Fast Food",1000,"sector 29, gurgaon",4.3,2945,0.0,0,https://www.zomato.com/ncr/adda-by-striker-sector-29,"24, 1st Floor, Main Market, Sector 29, Gurgaon",9.18801E+11,28.46911512,77.06342731,not specified,not specified
Housefull Cafe Lounge,"North Indian, Continental, Chinese",1400,"delhi university-gtb nagar, new delhi",4.3,651,3.3,602,https://www.zomato.com/ncr/housefull-cafe-lounge-delhi-university-gtb-nagar-new-delhi,"2509, 3rd Floor, Hudson Lane, Delhi University-GTB Nagar, New Delhi",9.2E+11,28.69588243,77.20399149,not specified,not specified
The Bikers Cafe,"Continental, Desserts, Italian, Japanese, Thai, Chinese, Beverages",1400,"golf course road, gurgaon",4.3,1457,3.9,575,https://www.zomato.com/ncr/the-bikers-cafe-golf-course-road,"PSP 12, Ground Floor, Emaar MGF Palm Spring Plaza, Golf Course Road, Gurgaon",9.1991E+11,28.44552445,77.10117068,not specified,not specified
Clay 1 Grill,"North Indian, Mughlai, Chinese, Beverages",1000,"moti nagar, new delhi",4.3,1411,4.0,68,https://www.zomato.com/ncr/clay-1-grill-moti-nagar-new-delhi,"A-10, 1st Floor, Najafgarh Road, Moti Nagar, New Delhi",9.18285E+11,28.65586279,77.1385714,not specified,not specified
Whisky Samba,"Asian, Sushi, Seafood, Desserts",3800,"two horizon center, golf course road, gurgaon",4.3,1408,3.9,21,https://www.zomato.com/ncr/whisky-samba-golf-course-road,"Shop 103, 104, Two Horizon Center, Golf Course Road, Gurgaon",9.19972E+11,28.4511645,77.0966193,"whiskey cocktail, crab cakes, chocolate souffle, tuna sushi, pork belly, wasabi prawns","classy place, great vibe, staff behavior, good vibe, awesome music, outside seating"
Teddy Boy,"Thai, Continental, Mexican, Chinese, Beverages, Desserts",2000,"connaught place, new delhi",4.3,5366,0.0,0,https://www.zomato.com/ncr/teddy-boy-connaught-place-new-delhi,"N-86, 1st Floor, Outer Circle, Connaught Place, New Delhi",9.19999E+11,28.63012654,77.21981887,not specified,not specified
The Flying Saucer Cafe,"Continental, Bar Food",1600,"epicuria food mall, nehru place, new delhi",4.3,7930,3.4,22,https://www.zomato.com/ncr/the-flying-saucer-cafe-nehru-place-new-delhi,"Ground Floor, Epicuria Food Mall, Near Nehru Place Metro Station, Nehru Place, New Delhi",9.1956E+11,28.55149344,77.25193731,not specified,not specified
United Coffee House,"Mughlai, Chinese, European, Continental, North Indian, Fast Food, Beverages",2500,"connaught place, new delhi",4.3,3582,3.7,313,https://www.zomato.com/ncr/united-coffee-house-connaught-place-new-delhi,"E-15, Connaught Place, New Delhi",9.11123E+11,28.63245282,77.22106744,"chicken ala keiv, badshahi kofta, lamb kebab platter, lahori meat, kala jaam, cona coffee","royal ambience, family favorite, vintage decor, highly recommended, sophisticated, elegant ambience"
Sidecar,"Continental, Asian",1600,"m block market, greater kailash 2 (gk2), new delhi",4.3,318,3.9,21,https://www.zomato.com/ncr/sidecar-1-greater-kailash-gk-2-new-delhi,"M 29, 1st Floor, M Block Market, Near HDFC Bank, Greater Kailash 2 (GK 2), New Delhi",9.19999E+11,28.53313933,77.24180762,"corn curd, avocado toast, lamb curry, cocktails, drink, dessert","bartending awesome, cozy, live music, packed on weekends, comfortable seating, vibe"
Cafe After Hours,"North Indian, Chinese, Continental, Beverages, Thai",1200,"city centre mall, sector 12, dwarka, new delhi",4.3,1722,4.1,4283,https://www.zomato.com/ncr/cafe-after-hours-sector-12-dwarka-new-delhi,"1st Floor, City Centre Mall, Sector 12, Dwarka, New Delhi",9.1981E+11,28.59248109,77.0415616,"mushroom stroganoff, vegetable dimsums, soya tikka, butter chicken pizza, sizzlers, alfredo pasta","cost efficient, live entertainment, cozy ambience, live band, recommend place, hookah"
Barcode,"North Indian, Chinese, Italian, Continental, Beverages",1600,"sector 9, dwarka, new delhi",4.3,1125,4.1,2010,https://www.zomato.com/ncr/barcode-sector-9-dwarka-new-delhi,"228, 3rd Floor, Service Centre, Sector 9, Dwarka, New Delhi",9.19971E+11,28.57462319,77.06762664,not specified,not specified
Machan - The Taj Mahal Hotel,"Continental, North Indian, Beverages",3500,"the taj mahal hotel, mansingh road, new delhi",4.3,924,0.0,0,https://www.zomato.com/ncr/machan-the-taj-mahal-hotel-mansingh-road-new-delhi,"Mansingh Road, New Delhi",9.11167E+11,28.6049254,77.2243027,"get a complimentary night, earn up to 50% of spends as points at 250+ restaurants & much more. know more",not specified
Fig & Maple,"Continental, Italian",2600,"greater kailash 2 (gk2), new delhi",4.3,731,3.9,105,https://www.zomato.com/ncr/fig-maple-greater-kailash-gk-2-new-delhi,"M 27, Greater Kailash (GK) 2, New Delhi",9.19971E+11,28.53336437,77.24181633,"eggs benedict, lamb chops, pancakes, nutella waffle, veg sandwich, hot chocolate","instagramable, good food good quantity, rooftop ambience, stairs, cozy place, beautiful place"
Ministry Of Sound,"Bar Food, Kebab, North Indian, Continental, Fast Food, Chinese, Desserts, Beverages",3200,"gardens galleria, sector 38 noida, noida",4.3,831,0.0,3,https://www.zomato.com/ncr/ministry-of-sound-sector-38-noida,"Shop C1 & C2, BGGL - 337, 2nd Floor, Gardens Galleria, Sector 38, Noida",9.19999E+11,28.5650444,77.32217263,"quality and quantity, music and feel, excellent variety, ambience was super cool, dance floor, variety of pizza",not specified
The Flying Dutchman,"Bar Food, Fast Food, North Indian, Chinese, Continental, Italian",1900,"indirapuram habitat centre, indirapuram, ghaziabad",4.3,2352,3.7,100,https://www.zomato.com/ncr/the-flying-dutchman-indirapuram-ghaziabad,"2nd Floor, F Block, Indirapuram Habitat Centre, Indirapuram, Ghaziabad",9.18528E+11,28.6398224,77.36895002,not specified,not specified
Jungle Jamboree,"North Indian, Chinese, Italian, Continental",1200,"3c's mall, lajpat nagar, new delhi",4.3,1381,0.0,17,https://www.zomato.com/ncr/jungle-jamboree-lajpat-nagar-2-new-delhi,"PVR 3Cs Mall, Level 2, Near Central Market, Lajpat Nagar 2, New Delhi",+91 8068974364,28.56790714,77.24119339,not specified,not specified
Café Dori,"Cafe, Fast Food, Continental, Desserts, Beverages",1600,"chhatarpur, new delhi",4.3,1110,0.0,0,https://www.zomato.com/ncr/café-dori-chhatarpur-new-delhi,"Dhan Mill Compound, 100 Feet Road, SSN Marg, Chhatarpur, New Delhi",9.18076E+11,28.50387694,77.18497127,"pumpkin ravioli, flatbreads, garlic fries, avocado toast, finger chips, gnocchi","pet friendly, everything was very good, quiet, romantic seating, beautiful cafe, brunch"
Kori's,"Korean, Sushi, Japanese, Asian, Salad, Beverages, Desserts",1000,"safdarjung, new delhi",4.3,892,4.2,7119,https://www.zomato.com/ncr/koris-safdarjung-new-delhi,"R 62/1, Humayunpur, Safdarjung Enclave, Safdarjung, New Delhi",9.11166E+11,28.56276374,77.19368577,not specified,not specified
Melt House,"Sandwich, Fast Food, Burger, Salad, Italian, Continental, Desserts, Beverages",700,"32nd avenue, nh8, gurgaon, gurgaon",4.3,238,4.2,352,https://www.zomato.com/ncr/melt-house-1-sector-15,"Ground Floor, Elliptical Building, 32nd Milestone, NH 8, Sector 15, Gurgaon",9.18448E+11,28.46131489,77.04979254,not specified,not specified
Auro Kitchen & Bar,"Continental, Modern Indian, Italian",2000,"hauz khas, new delhi",4.3,1925,0.0,0,https://www.zomato.com/ncr/auro-kitchen-bar-hauz-khas-new-delhi,"Shop 31, 2nd Floor, DDA Shopping Complex, Aurobindo Place, Hauz Khas, New Delhi",9.196E+11,28.55195492,77.20394086,"if you're a bit of a bedroom beyonce or a kitchen kanye, why not come along to our karaoke night at auro kitchen bar and sing all your favourite classics.hosted by tarang saggar dutta",not specified
Boombox Brewstreet,"Bar Food, North Indian, Chinese, Continental",1600,"sector 29, gurgaon",4.3,2142,3.9,19,https://www.zomato.com/ncr/boombox-brewstreet-sector-29,"SCO 53, 1st Floor, Main Market, Sector 29, Gurgaon",9.19821E+11,28.46814515,77.06402175,"root beer, crispy chilli corn, roasted chicken salad, brewed beer, mixed vegetables, peach ice tea","good food with good quantity, nice ambience nice crowd, kid friendly, cover charges, comfortable couches, music and ambience"
Out Of The Box,"North Indian, Lebanese, Mexican, Italian, American",1500,"khan market, new delhi",4.3,2999,4.4,120,https://www.zomato.com/ncr/out-of-the-box-khan-market-new-delhi,"5, Rabindra Nagar, Khan Market, New Delhi",9.199E+11,28.59975074,77.22622633,not specified,not specified
Jamie Oliver's Italian,"Italian, Pizza, Pasta, Desserts, Beverages",1000,"pacific mall, tagore garden, new delhi",4.3,1417,3.9,959,https://www.zomato.com/ncr/jamie-olivers-italian-tagore-garden-new-delhi,"Pacific Mall, Tagore Garden, New Delhi",9.11146E+11,28.64244948,77.10657399,not specified,not specified
REVE,"Continental, Desserts, Beverages",1500,"worldmark 1, aerocity, new delhi",4.3,281,3.2,17,https://www.zomato.com/ncr/reve-aerocity-new-delhi,"R-2, Lower Ground Floor, Worldmark 1, Aerocity, New Delhi",9.1114E+11,28.550801,77.121595,not specified,not specified
21 Gun Salute,"North Indian, Mughlai, Asian, Continental",2000,"sector 29, gurgaon",4.3,1771,3.5,847,https://www.zomato.com/ncr/21-gun-salute-sector-29,"SCO 35-36, 1st Foor, Main Market, Sector 29, Gurgaon",9.19971E+11,28.46814515,77.06402041,"laal maas, mughlai food, kheer, manchow soup, papad, mocktail","royal ambience, sophisticated, classy place, worth the price, excellent ambience, awesome ambience"
Stellar  Binge,"North Indian, Chinese, Italian, Continental, Mughlai, Kebab, Beverages",1200,"sector 62, noida",4.3,976,4.2,462,https://www.zomato.com/ncr/stellar-binge-sector-62-noida,"C 25, Ground Floor, Stellar IT Park, Sector 62, Noida",9.196E+11,28.61272743,77.36253418,not specified,not specified
The Qube - The Leela Palace,"North Indian, Italian, Asian, Seafood, Continental",3000,"the leela palace, chanakyapuri, new delhi",4.3,650,0.0,0,https://www.zomato.com/ncr/the-qube-the-leela-palace-chanakyapuri-new-delhi,"The Leela Palace, Diplomatic Enclave, Chanakyapuri, New Delhi",9.11139E+11,28.57963764,77.18928929,"seafood, buffet, cappuccino, salads, dimsums, mocktails","clean bathrooms, romantic dining, sophisticated, attentive service, luxury, worth the price"
Artusi Ristorante in Piazza Horizon,Italian,2000,"two horizon center, golf course road, gurgaon",4.3,750,3.9,72,https://www.zomato.com/ncr/artusi-ristorante-in-piazza-horizon-golf-course-road,"T-102, Plaza Level, Two Horizon Center, Golf Course Road, Gurgaon",011 66103563,28.45157649,77.09720872,"ferro salad, quiche, ravioli, salmon, tiramisu, wine","great for dates, intimate setting, sophisticated, worth the price, classy ambience, good options"
Kampai,"Japanese, Sushi, Beverages, Asian",3500,"worldmark 1, aerocity, new delhi",4.3,418,3.9,30,https://www.zomato.com/ncr/kampai-aerocity-new-delhi,"02, Ground Floor, Worldmark 1, Aerocity, New Delhi",9.18069E+11,28.550962,77.121307,not specified,not specified
Cafe Another Day,"North Indian, Italian, Chinese, Cafe, Pizza, Biryani, Mughlai, Fast Food",1300,"janakpuri, new delhi",4.3,489,3.8,404,https://www.zomato.com/ncr/cafe-another-day-janakpuri-new-delhi,"G 12, DDA 1, District Centre, Janakpuri, New Delhi",9.1954E+11,28.63033136,77.08217964,not specified,not specified
Dhaba - The Claridges,North Indian,4300,"the claridges, aurangzeb road, new delhi",4.3,788,4.1,103,https://www.zomato.com/ncr/dhaba-the-claridges-dr-apj-abdul-kalam-road,"The Claridges, 12, Dr. A.P.J. Abdul Kalam Road, Dr APJ Abdul Kalam Road, Delhi NCR",9.11141E+11,28.600401,77.21628,"balti meat, lassi, mocktails, dal makhani, butter chicken, paneer tikka","dhaba feel, family favorite, sophisticated, luxury, food service, theme"
AMPM Café & Bar,"Italian, Asian, American, European, Fast Food, Beverages, Desserts",1700,"dlf galleria, dlf phase 4, gurgaon",4.3,2713,4.0,112,https://www.zomato.com/ncr/ampm-caf-bar-dlf-phase-4,"R-003, 2nd Floor, DLF Galleria, DLF Phase 4, Gurgaon",9.19718E+11,28.46759606,77.08131965,"smoked chicken bruschetta, blueberry mousse, choco bomb, mezze, nutella waffles, meatballs","live band performance, rock music, rooftop seating, beautiful view, rooftop ambience, great view"
Qbic Cafe & Bar,"Chinese, North Indian, Continental, Italian, Mexican",1800,"east patel nagar, new delhi",4.3,509,4.1,353,https://www.zomato.com/ncr/qbic-cafe-bar-east-patel-nagar-new-delhi,"1/6, Main Patel Road, Pillar 178, East Patel Nagar, New Delhi",9.19717E+11,28.64455127,77.17042867,not specified,not specified
IMLY Courtyard,"Street Food, North Indian, Fast Food, South Indian, Chinese, Beverages, Desserts",1000,"ashok vihar phase 2, new delhi",4.3,1716,3.5,2767,https://www.zomato.com/ncr/imly-courtyard-ashok-vihar-phase-2-new-delhi,"B1/1, Near Satyawati College, Ashok Vihar Phase 2, New Delhi",9.199E+11,28.695795,77.179694,not specified,not specified
Shibuya Food & Bar,"Asian, Japanese, Sushi, Thai, Beverages",1800,"greater kailash 2 (gk2), new delhi",4.3,474,4.4,241,https://www.zomato.com/ncr/shibuya-food-bar-greater-kailash-gk-2-new-delhi,"M-63, 1st Floor, Greater Kailash 2 (GK 2), New Delhi",9.19718E+11,28.53345597,77.24400133,not specified,not specified
Ichiban,"Chinese, Thai, Japanese",1200,"pandara road market, new delhi",4.3,1061,4.1,558,https://www.zomato.com/ncr/ichiban-pandara-road-delhi,"9, Pandara Road Market, New Delhi",9.19213E+11,28.60807689,77.22971488,"hong kong vegetables, hakka chowmein, salmon sushi, mongolian chicken, hot pot, jumbo prawns","relaxed atmosphere, ample seating area, chinese, decent ambience, good portions, serving size"
Hahn's Kitchen,Korean,1800,"one horizon center, golf course road, gurgaon",4.3,393,4.4,1118,https://www.zomato.com/ncr/hahns-kitchen-golf-course-road,"One Horizon Centre, Golf Course Road, Gurgaon",9.18288E+11,28.45129939,77.0977921,"classy place, staff behavior, relaxed atmosphere, family place, courteous staff, server",not specified
Food Frolic,"North Indian, Chinese, Continental, Mughlai, Fast Food, Beverages",1600,"sector 83, gurgaon",4.3,851,3.9,969,https://www.zomato.com/ncr/food-frolic-1-sector-83,"Unit 209-210, 2nd Floor, Sapphire Mall, Sector 83, Gurgaon",9.18929E+11,28.39319129,76.96718227,not specified,not specified
Marv's Pizza,"Pizza, Fast Food, Beverages",500,"indirapuram, ghaziabad",4.3,341,3.9,1983,https://www.zomato.com/ncr/marvs-pizza-indirapuram-ghaziabad,"L-343, Ground Floor, Habitat Center, Ahinsa Khand-1, Indirapuram, Ghaziabad",9.1826E+11,28.63940418,77.36844569,not specified,not specified
PAUL,"Bakery, Continental, Italian, Cafe, French, Sandwich, Beverages, Desserts",1400,"ambience mall, dlf phase 3, gurgaon",4.3,762,4.2,1656,https://www.zomato.com/ncr/paul-dlf-phase-3,"G-1, Ground Floor, Ambience Mall, DLF Phase 3, Gurgaon",9.11245E+11,28.505716,77.096099,"mozzarella sandwich, chicken club sandwiches, mille feuille, ricotta ravioli, chocolate croissant, almond croissant","themed decor, relaxed atmosphere, trained staff, serving staff, fancy crowd, cleanliness"
Too Mikkii Tapas,"Cafe, Italian, Continental, Beverages",700,"chanakyapuri, new delhi",4.3,1313,3.9,49,https://www.zomato.com/ncr/too-mikkii-tapas-chanakyapuri-new-delhi,"Chanakyapuri, New Delhi",9.19911E+11,28.59500632,77.17214897,"tender chicken strip, chicken picatta, chocolate orange, cake rusk, veggie pasta, butter chicken pizza","amazing food at amazing price, romantic seating, sit and read, couple friendly, friendly service, peaceful place"
Malabar Taste Buds,"Kerala, South Indian, Seafood",1000,"dlf phase 3, gurgaon",4.3,471,4.2,7663,https://www.zomato.com/ncr/malabar-taste-buds-dlf-phase-3,"S 28/13, Village Nathupur, DLF Phase 3, Gurgaon",9.18589E+11,28.48513822,77.10379556,"authentic taste, excellent food, decor, courteous staff, tasty food, amazing food",not specified
Dr. Zombie,"North Indian, Asian, Italian, Sushi, Beverages, Pasta",1700,"connaught place, new delhi",4.3,433,0.0,4,https://www.zomato.com/ncr/dr-zombie-connaught-place-new-delhi,"C 35, 1st Floor, Connaught Place, New Delhi",9.16909E+11,28.63412753,77.2202155,not specified,not specified
Karim's,"Mughlai, North Indian, Rolls",700,"jama masjid, new delhi",4.3,7027,3.7,2,https://www.zomato.com/ncr/karims-jama-masjid-new-delhi,"16, Gali Kababian, Jama Masjid, New Delhi",9.11123E+11,28.64932288,77.23368991,"chicken jahangir, mutton qurma, mutton jahangiri, reshmi seekh kebab, badam pasanda, karim roll","gastronomical experience, affordable, luxury, best ambience, ample seating area, clean"
House #309 by Sweet Obsession,"Cafe, Continental, Italian, Bakery, Beverages",1300,"south point mall, golf course road, gurgaon",4.3,308,3.5,289,https://www.zomato.com/ncr/house-309-by-sweet-obsession-golf-course-road,"3rd Floor, South Point Mall, Golf Course Road, Gurgaon",9.19211E+11,28.44805939,77.09909029,not specified,not specified
Seventh Sense - Seven Seas Hotel,"North Indian, Italian, Continental, Asian",3500,"rohini, new delhi",4.3,484,0.0,0,https://www.zomato.com/ncr/seventh-sense-seven-seas-hotel-rohini-new-delhi,"12, Mangalam Place, Sector 3, Rohini, New Delhi",+91 8068971516,28.70097549,77.11495489,not specified,not specified
Helter Skelter,"Italian, Chinese, Continental, Beverages, Pizza, Desserts, Tea, Coffee",1400,"sda market, sda, new delhi",4.3,433,0.0,10,https://www.zomato.com/ncr/helter-skelter-sda-new-delhi,"C3, 1st & 2nd Floor, SDA Market, Near SDA, New Delhi",9.1981E+11,28.54677305,77.19668582,not specified,not specified
Hippie Bus,"Cafe, Italian, Mexican, Chinese, North Indian, Fast Food",800,"anand vihar, new delhi",4.3,1320,4.0,3215,https://www.zomato.com/ncr/hippie-bus-1-anand-vihar-new-delhi,"Terrace, Sikka Galaxy Complex, Sreshtha Vihar Market, Anand Vihar, New Delhi",9.19211E+11,28.65736648,77.31720854,"bubble gum shake, salami pizza, momos platter, slush, chicken shawarama, barbeque chicken","great for birthdays, intimate seating, rooftop ambience, economical, roof top, pretty place"
NYC - Radisson Blu Plaza Delhi Airport,"North Indian, Continental, Italian, Healthy Food, Beverages, Desserts, Bakery",3000,"radisson blu plaza delhi airport, mahipalpur, new delhi",4.3,528,0.0,4,https://www.zomato.com/ncr/nyc-radisson-blu-plaza-delhi-airport-mahipalpur-new-delhi,"Radisson Blu Plaza Delhi Airport, National Highway 8, Near IGI Airport, Mahipalpur, New Delhi",9.19899E+11,28.5438626,77.11945999,not specified,not specified
Josh - The High Energy Bar,"North Indian, Bar Food, Chinese, Mughlai, Biryani, Desserts, Beverages",1000,"pitampura, new delhi",4.3,640,3.5,55,https://www.zomato.com/ncr/josh-the-high-energy-bar-pitampura-new-delhi,"UG-131, Upper Ground Floor, Garg Plaza, Road 44, Pitampura, New Delhi",+91 8068974688,28.68726325,77.13407367,not specified,not specified
T.K'S Oriental Grill - Hyatt Regency,"Japanese, Thai, Sushi",4000,"hyatt regency, bhikaji cama place, new delhi",4.3,447,3.7,25,https://www.zomato.com/ncr/tks-oriental-grill-hyatt-regency-bhikaji-cama-place-delhi,"Ring Road, Bhikaji Cama Place, New Delhi",9.11167E+11,28.56934643,77.18593284,"thai green curry, sushi, prawns, dessert, soup, chicken","live cooking, live grill, live kitchen, chef, family crowd, great service"
SAZ - American Brasserie,"American, Italian, Mexican, Burger, Pizza, Fast Food, Beverages",2300,"sunder nagar, new delhi",4.3,481,3.6,11,https://www.zomato.com/ncr/saz-american-brasserie-sunder-nagar-new-delhi,"21, 1st Floor, Sunder Nagar Market, Near HDFC Bank, Sunder Nagar, New Delhi",+91 8068974627,28.60170209,77.24160612,not specified,not specified
Chicken Inn,"North Indian, Mughlai, Chinese, Kebab, Beverages",1500,"pandara road market, new delhi",4.3,1018,4.1,491,https://www.zomato.com/ncr/chicken-inn-pandara-road-new-delhi,"13-15, Pandara Road Market, New Delhi",9.11123E+11,28.6078161,77.22975444,not specified,not specified
Guruprasad Udupi,"South Indian, North Indian, Chinese, Beverages",600,"munirka, new delhi",4.3,875,0.0,1,https://www.zomato.com/ncr/guruprasad-udupi-munirka-new-delhi,"DDA Shopping Complex, Phase 2, Munirka, New Delhi",9.11126E+11,28.55512106,77.17639122,"mysore dosa, masala paneer, filter coffee, sambar, vada, chutneys","attentive service, comfortable seating area, family restaurant, family place, south indian food, cleanliness"
Monsoon,"North Indian, Modern Indian, Beverages",2000,"worldmark 1, aerocity, new delhi",4.3,219,0.0,3,https://www.zomato.com/ncr/monsoon-aerocity-new-delhi,"R4, Lower Ground Floor, Worldmark 1, Aerocity, New Delhi",9.18287E+11,28.550801,77.121595,"tamarind fish, lemon ginger chicken, roasted pumpkin, chocolate torte, sesame chicken, kheer","fusion dishes, gastronomical experience, service is great, ample seating area, relaxed atmosphere, good value"
Sky Route,"North Indian, Chinese, Italian, Continental, Mughlai, Beverages, Mexican, Fast Food",1800,"sector 4, dwarka, new delhi",4.3,697,3.7,1342,https://www.zomato.com/skyroute,"Plot 5, Malik Plaza, Sector 4, Dwarka, New Delhi",9.19818E+11,28.59718295,77.05000084,not specified,not specified
Cafe DEM - Restaurant & Bar,"Finger Food, Mughlai, Chinese, Continental, North Indian",2000,"rohini, new delhi",4.3,458,4.1,529,https://www.zomato.com/ncr/cafe-dem-restaurant-bar-rohini-new-delhi,"GA-7 & 8, Metro Walk Mall, Rohini, New Delhi",9.18448E+11,28.7242058,77.11366475,not specified,not specified
House of Ming - The Taj Mahal Hotel,Chinese,5500,"the taj mahal hotel, mansingh road, new delhi",4.3,528,0.0,0,https://www.zomato.com/ncr/house-of-ming-the-taj-mahal-hotel-mansingh-road-delhi,"The Taj Mahal Hotel, 1, Mansingh Road, New Delhi",9.11123E+11,28.60493,77.2243021,"get a complimentary night, earn up to 50% of spends as points at 250+ restaurants & much more. know more",authentic chinese experience in terms of food and ambiance
Kwality Dhaba,"North Indian, Chinese, Rolls, Street Food",600,"subhash nagar, new delhi",4.3,1313,4.2,9332,https://www.zomato.com/ncr/kwality-dhaba-subhash-nagar-new-delhi,"WZ-38, Uggarsain Market, Ashok Nagar, Near Subhash Nagar, New Delhi",9.19819E+11,28.63741978,77.10123472,"kadhi pakora, paneer methi malai, achari chaap roll, palak corn, veg pulao, rajma rice","pocket friendly restaurant, themed decor, family place, relaxed atmosphere, comfortable seating area, family restaurant"
The Hogwarts Café,"Fast Food, Italian, Beverages",500,"rohini, new delhi",4.3,943,3.7,14,https://www.zomato.com/ncr/the-hogwarts-café-2-rohini-new-delhi,"397/398, Pocket B5, Sector 3, Rohini, New Delhi",9.17827E+11,28.70057701,77.10672889,"cocktail pasta, veg club sandwich, peri fries, spaghetti pasta, veggie burger, peri peri pizza","intimate seating, sit and read, quiet, nice theme, affordable, menu options"
Fat Tiger,"Momos, Fast Food, Beverages",500,"golf course road, gurgaon",4.3,353,3.7,235,https://www.zomato.com/ncr/fat-tiger-golf-course-road,"Unit 2, Ground Floor, Horizon Centre, Golf Course Road, Gurgaon",9.11244E+11,28.4470848,77.0942532,not specified,not specified
Starbucks Coffee,"Fast Food, Desserts, Beverages",600,"connaught place, new delhi",4.3,3428,4.3,523,https://www.zomato.com/ncr/starbucks-coffee-1-connaught-place-new-delhi,"A-1, Hamilton House, Inner Circle, Connaught Place, New Delhi",9.19873E+11,28.632184,77.217774,"caramel frappucino, iced vanilla latte, vanilla frappe, mocha frappuccino, java chip frappuccino, caramel macchiato","free wifi, cozy ambience, great interiors, huge place, great location, calm"
1911 - The Imperial,"North Indian, South Indian, Fast Food",3000,"the imperial, janpath, new delhi",4.3,395,0.0,3,https://www.zomato.com/ncr/1911-the-imperial-janpath-new-delhi,"The Imperial, Janpath, New Delhi",9.1981E+11,28.62499561,77.21903868,not specified,not specified
Yellow Brick Road - Ambassador,"Continental, North Indian, South Indian, Italian, Beverages",3500,"ambassador, khan market, new delhi",4.3,1045,0.0,0,https://www.zomato.com/ncr/yellow-brick-road-ambassador-khan-market-new-delhi,"Ambassador, Subramania Bharti Marg, Sujan Singh Park, Khan Market, New Delhi",9.11166E+11,28.60007072,77.22600572,"get a complimentary night, earn up to 50% of spends as points at 250+ restaurants & much more. know more",not specified
Quaff Microbrewery,"American, Italian, Mughlai",1800,"cyber hub, dlf cyber city, gurgaon",4.3,1203,0.0,0,https://www.zomato.com/ncr/quaff-microbrewery-dlf-cyber-city,"Tower B, Building 10, Cyber Hub, DLF Cyber City, Gurgaon",9.19655E+11,28.49390748,77.08805501,"craft beer, dark beer, calamari, beers, crispy corn, potato wedges","live sports screening, rock music, outdoor, great music, behavior, good crowd"
The Burger Club,"Burger, Fast Food, Desserts, Beverages",500,"delhi university-gtb nagar, new delhi",4.3,2854,4.1,38200,https://www.zomato.com/ncr/the-burger-club-delhi-university-gtb-nagar,"103 & 105, Mall Road, Kingsway Camp, Delhi University-GTB Nagar, New Delhi",9.11147E+11,28.69876778,77.20561992,"spicy club burger, island chicken club, kumara fries, cream shake, caramel frappe, peach tea","cozy ambiance, casual seating area, nice crowd, pocket friendly, chirpy crowd, nice environment"
The Ancient Barbeque,"North Indian, Chinese, Mughlai",1500,"sector 63, noida",4.3,2195,3.8,107,https://www.zomato.com/ncr/the-ancient-barbeque-sector-63-noida,"H 27/1A, Sector 63, Noida",9.19972E+11,28.62744089,77.37567835,not specified,not specified
MOPP - Mad Over Parathas & Pakodas,"North Indian, Street Food, Beverages, Desserts, Mughlai",350,"sector 31, gurgaon",4.3,642,3.7,5605,https://www.zomato.com/ncr/mopp-mad-over-parathas-pakodas-sector-31,"Shop 113, Huda Market, Sector 31, Gurgaon",9.18287E+11,28.45368504,77.05113575,not specified,not specified
Madison & Pike,"Cafe, Beverages, Mexican, Sandwich, Poké, Healthy Food, Desserts",1000,"nirvana courtyard, sector 50, gurgaon",4.3,731,4.2,1967,https://www.zomato.com/ncr/madison-pike-sector-50,"C-35, Nirvana Courtyard, Nirvana Country, Sector 50, Gurgaon",9.19972E+11,28.41444696,77.06549261,"eggs benedict, french toast, cup cakes, blueberry cheese cake, omelette, hot chocolate","bookshelf, quaint little place, cozy, cosy place, breakfast, brunch"
Delhi Darbar Biryani Point,"Biryani, Mughlai",350,"uttam nagar, new delhi",4.3,1563,4.1,29600,https://www.zomato.com/ncr/delhi-darbar-biryani-point-uttam-nagar-new-delhi,"B-234, Gali 4, B Block, East Metro Station, Uttam Nagar, New Delhi",9.17303E+11,28.62554653,77.06448812,"taste of real biryani, elegantly decorated, office crowd, drive through, low price, reasonable prices",not specified
Classic,"Desserts, Ice Cream, Fast Food, Sandwich, Burger",400,"karkardooma, new delhi",4.3,800,4.4,5587,https://www.zomato.com/ncr/classic-karkardooma-new-delhi,"G-1, United Plaza, Opposite Hargobind Enclave, Karkardooma, New Delhi",9.1981E+11,28.6482257,77.30230249,"brownie fudge fantasy, eggless waffle, cheesy maggi, ice cream soda, hot choco fudge, sundae","totally worth it, table service, pretty decor, pocket friendly, servings, cool place"
Cilantro - Trident Gurgaon,"North Indian, Italian, Asian, Healthy Food",5000,"trident, udyog vihar, gurgaon",4.3,386,0.0,0,https://www.zomato.com/ncr/cilantro-trident-gurgaon-udyog-vihar,"Trident, 443, Phase 5, Udyog Vihar, Gurgaon",9.11242E+11,28.5036648,77.08818711,"sophisticated, great hospitality, breakfast, main course, decor, excellent service",not specified
PitStop BrewPub,"Bar Food, North Indian, Italian",1800,"sector 29, gurgaon",4.3,1094,0.0,0,https://www.zomato.com/ncr/pitstop-brewpub-sector-29,"Oysters Beach, Sector 29, Gurgaon",9.18589E+11,28.46251468,77.07160134,"kiwi delight, chicken club sandwiches, chicken saagwala, gooey brownie, green apple martini, brewed beer","kid friendly, pool table, live entertainment, games, huge place, live music"
The Patiala Kkitchen,"North Indian, Chinese, Beverages",1000,"sector 18, noida",4.3,1008,3.6,700,https://www.zomato.com/ncr/the-patiala-kkitchen-sector-18-noida,"K 1 Block, Dharam Palace, Sector 18, Noida",9.19811E+11,28.57197498,77.32218102,not specified,not specified
Barbeque 29,"North Indian, Mughlai",1500,"nit, faridabad",4.3,460,0.0,0,https://www.zomato.com/ncr/barbeque-29-nit-faridabad,"1, Fruit Garden, NH-5, NIT, Faridabad",9.17329E+11,28.39809403,77.3062031,"pineapple tandoori, dessert platter, grilled chicken steak, chicken momo, panneer butter masala, barbeque","everything is perfect, buffet variety and quality, personal attention, themed decor, comfortable seating area, live music"
Pebble Street,"Italian, Mexican, Continental, North Indian, Finger Food, Beverages",1800,"community centre, new friends colony, new delhi",4.3,1370,4.1,1327,https://www.zomato.com/pebblestreetnfc,"8, Community Center, New Friends Colony, New Delhi",9.188E+11,28.57126154,77.27081772,"mayo pollo, mozzarella fritters, sangria, cocktails, thin crust pizza, prawns","sports bar, happy hour, live band, nice music, good menu, great music"
Kadak Singh Da Dhaba,"North Indian, Chinese, Mughlai, Fast Food, Biryani",500,"karkardooma, new delhi",4.3,522,4.0,23500,https://www.zomato.com/ncr/kadak-singh-da-dhaba-karkardooma-new-delhi,"Plot 13, G 4, Parmesh Tower, Karkardooma Community Centre, Karkardooma, New Delhi",9.19811E+11,28.64879768,77.30220359,"afghani murgh tikka, crispy naan, stuffed chaap, paneer parantha, chicken lababdar, paneer lababdaar","not very crowded, casual seating area, inexpensive, low price, nice packaging, great recommendations"
Tiny Tuscan,"Cafe, Italian, Panini, Pizza, Desserts",900,"dlf phase 4, gurgaon",4.3,441,4.4,1671,https://www.zomato.com/ncr/tiny-tuscan-dlf-phase-4,"SF 16, First Floor, Galleria Market, Club Facing, DLF Phase 4, Gurgaon",9.17042E+11,28.46748701,77.08236068,"veg panini, chicken panini, cream pasta, rosemary chicken, panini sandwich, iced tea","nothing to dislike, quaint little place, soft music, packed on weekends, cozy place, courteous staff"
Wood Box Cafe,"Cafe, Fast Food, Italian, Chinese, Salad, Momos",800,"satyaniketan, new delhi",4.3,2505,3.8,1516,https://www.zomato.com/ncr/wood-box-cafe-satyaniketan-new-delhi,"Shop 288, Opposite Venkateswara College, Satyaniketan, New Delhi",9.19953E+11,28.58864927,77.1689092,"carnivore platter, blueberry milkshake, moroccan chicken, mango mojito, snicker shake, crispy honey chilli potato","wooden interiors, soothing ambience, cozy ambience, comfortable seating, peaceful place, serving size"
Sandoz,"North Indian, Chinese, Mughlai",900,"rajouri garden, new delhi",4.3,1041,4.1,2432,https://www.zomato.com/ncr/sandoz-1-rajouri-garden-new-delhi,"C-5, Vishal Enclave, Rajouri Garden, New Delhi",9.17065E+11,28.64708231,77.11768739,"dahi sholey kebab, virgin pina colada, bhatti chicken, tawa chaap masala, mango lassi, virgin mojito","themed decor, comfortable seating area, cheap, family restaurant, packed on weekends, food service"
Paprika Park,"North Indian, Chinese, Mughlai, Fast Food, Desserts",1400,"indirapuram habitat centre, indirapuram, ghaziabad",4.3,1375,3.8,1585,https://www.zomato.com/ncr/paprika-park-indirapuram-ghaziabad,"First Floor, Indirapuram Habitat Centre, Indirapuram, Ghaziabad",9.19316E+11,28.63988243,77.36907877,not specified,not specified
Diva - The Italian Restaurant,"Italian, Pizza, Salad, Fast Food, Beverages",2500,"m block market, greater kailash 2 (gk2), new delhi",4.3,559,4.2,365,https://www.zomato.com/ncr/diva-the-italian-restaurant-greater-kailash-gk-2-new-delhi,"M-8A, M Block Market, Greater Kailash (GK) 2, New Delhi",9.11142E+11,28.53421916,77.24316649,"wine cellar, gnocchi, ravioli, risotto, tiramisu, salads","sophisticated, classy place, great service, decor, courteous staff, excellent food"
Suruchi A Veg Restaurant,"Gujarati, Rajasthani, North Indian, Street Food",1200,"karol bagh, new delhi",4.3,906,3.4,1792,https://www.zomato.com/ncr/suruchi-a-veg-restaurant-karol-bagh-new-delhi,"15-A/56, Ajmal Khan Road, Near Karol Bagh Metro Pillar 98 & 99, Karol Bagh, New Delhi",9.11145E+11,28.64719176,77.18853023,"gujarati thali, besan gatta, gujarati food, rajasthani thali, dhokla, pao bhaji","unlimited refills, themed decor, authentic food, family restaurant, great value, hospitality"
The Grill House,"North Indian, Mughlai, Chinese, Beverages",800,"crossing republik, ghaziabad",4.3,1145,4.0,9984,https://www.zomato.com/ncr/the-grill-house-crossing-republik-ghaziabad,"Shop 121, La-Gracia Mall, Crossing Republik, Ghaziabad",9.1956E+11,28.63162502,77.4346219,"dedicated banquet for parties.birthdays, engagement, cocktail, corporate parties.capacity 150+","aloo gobhi adraki, lahori murg, lahori paneer, kadhai chaap, lahori chicken, dak makhani"
Quoin - Novotel New Delhi Aerocity,"North Indian, Asian, Continental, Finger Food",3000,"novotel new delhi aerocity, aerocity, new delhi",4.3,452,0.0,0,https://www.zomato.com/ncr/quoin-novotel-new-delhi-aerocity-aerocity-new-delhi,"Near IGI Airport, Asset 2, GMR Hospitality District, Aerocity, New Delhi",9.19872E+11,28.5538154,77.1231232,not specified,not specified
Khana Khazana Restaurant,"North Indian, Mughlai, Chinese, Bakery",800,"tughlakabad institutional area, new delhi",4.3,997,4.2,999,https://www.zomato.com/ncr/khana-khazana-restaurant-tughlakabad-new-delhi,"TA 61, Tughlakabad Extention, Tughlakabad Institutional Area, New Delhi",9.19667E+11,28.52607658,77.25840814,awesome north indian delicacies and kebabs at a pocket friendly price,not specified
China Club,"Chinese, Asian, Seafood, Momos",3100,"mg road, gurgaon",4.3,624,4.1,278,https://www.zomato.com/ncr/china-club-mg-road,"Global Business Park, Lobby Level, Tower C, MG Road, Gurgaon",9.11243E+11,28.48023244,77.10219964,not specified,not specified
Bagundi,"South Indian, Biryani, Andhra, Hyderabadi",800,"connaught place, new delhi",4.3,923,4.0,1493,https://www.zomato.com/ncr/bagundi-connaught-place-new-delhi,"M-14, Outer Circle, Opposite Fire Station, Connaught Place, New Delhi",9.11141E+11,28.63197109,77.22271666,"gongura chicken, corn fry, andhra fish fry, fry prawns, anda curry, chicken thali","everything was very good, themed decor, ample seating area, good for large groups, packed on weekends, authentic food"
Lotus Pond,"Chinese, Seafood, Asian, Beverages",2000,"new friends colony, new delhi",4.3,784,3.8,970,https://www.zomato.com/ncr/lotus-pond-new-friends-colony-new-delhi,"K-185, Surai Jullena, New Friends Colony, New Delhi",9.11127E+11,28.5616471,77.27035202,not specified,not specified
Pearl's Eatery By Pearl Boutique Bakery,"Cafe, Italian, Desserts, Beverages",1500,"greater kailash 2 (gk2), new delhi",4.3,553,4.1,910,https://www.zomato.com/ncr/pearls-eatery-by-pearl-boutique-bakery-greater-kailash-gk-2-new-delhi,"M23, M Block Market, Greater Kailash 2 (GK 2), New Delhi",9.17792E+11,28.53351164,77.24208623,not specified,not specified
Desi Tadka,"North Indian, South Indian, Chinese",500,"gaur city 1, greater noida",4.3,741,3.9,10800,https://www.zomato.com/ncr/desi-tadka-gaur-city-1,"Shop 301, 302, 303, 304, 3rd Floor, City Plaza, Gaur City 1, Greater Noida",9.19991E+11,28.615137,77.427572,"pudina raita, desi tadka, daal makhini, panneer butter masala, aloo gobhi, veg manchurian gravy","village theme, relaxed atmosphere, portion size, best restaurant, amazing restaurant, hygienic food"
Abongchiiz,"Continental, Chinese, North Indian, Momos, Fast Food",1100,"delhi university-gtb nagar, new delhi",4.3,1710,3.9,1338,https://www.zomato.com/ncr/abongchiiz-delhi-university-gtb-nagar,"9, DDA Hudson Lane, Delhi University-GTB Nagar, New Delhi
",9.11149E+11,28.69405989,77.20484845,"jalapeno cheese balls, coffee hazelnut, brownie sizzler, caramel coffee, momos platter, death by chocolate","board games, rooftop ambience, cosy ambience, seating options, fun place, sheesha"
Concept Shawarma,"North Indian, Chinese",650,"flyover market, defence colony, new delhi",4.3,1320,4.2,22700,https://www.zomato.com/ncr/concept-shawarma-defence-colony-new-delhi,"Shop 43-45, Flyover Market, Defence Colony, New Delhi",9.11141E+11,28.5777424,77.2386319,"chicken shawarama, lebanese shawarma, chicken stuffing, kali mirch chicken, boneless chicken, chicken fry","pocket friendly, cute little place, inexpensive, prompt service, great ambiance, great recommendations"
Cool Point Shahi Tukda,"Desserts, Ice Cream",100,"jama masjid, new delhi",4.3,372,0.0,3,https://www.zomato.com/ncr/cool-point-shahi-tukda-1-jama-masjid-new-delhi,"972, Main Market, Matia Mahal, Jama Masjid, New Delhi",9.19954E+11,28.64895245,77.23368119,"sahi tukra, kesar badam milk, phirni, sweet dish, lassi, dessert","staff behavior, pocket friendly, crowd, presentation, great portions, flavour"
Spice Market,"North Indian, Mughlai, Biryani, Hyderabadi, Beverages",850,"southern park mall, saket, new delhi",4.3,737,4.1,9144,https://www.zomato.com/ncr/spice-market-saket-new-delhi,"17, Ground Floor, Southern Park Mall, District Centre, Saket, New Delhi",9.19911E+11,28.527829,77.218939,not specified,not specified
Shawarma House,"Lebanese, Middle Eastern, Wraps, Mediterranean",500,"central plaza mall, golf course road, gurgaon",4.3,1686,4.0,20300,https://www.zomato.com/ncr/shawarma-house-golf-course-road,"2, Central Plaza Mall, Golf Course Road, Gurgaon",9.19655E+11,28.44266546,77.10111469,"lamb shawarma wrap, fatoush salad, chicken poppers, hummus pita bread, couscous salad, fish platter","bang for the buck, office crowd, cozy ambiance, pocket friendly, delivery timing, serving size"
The Beer Cafe,"North Indian, Finger Food, Fast Food",1800,"unity one mall, janakpuri, new delhi",4.3,1334,3.9,63,https://www.zomato.com/ncr/the-beer-cafe-janakpuri-new-delhi,"Unit 206, 2nd Floor, Unity One Mall, Janakpuri, New Delhi",9.18929E+11,28.62880727,77.07651213,"beer cocktail, corn bhel, beers, virgin mojito, chicken malai tikka, french fries","good server, great host, crew, staff behavior, brilliant service, amazing hospitality"
Fat Jar Cafe & Market,"Fast Food, Italian, Tea, Beverages",1800,"kailash colony, new delhi",4.3,595,4.2,250,https://www.zomato.com/ncr/fat-jar-cafe-market-kailash-colony-new-delhi,"A 7, Kailash Colony, New Delhi",9.11142E+11,28.55409799,77.24358156,"pesto spaghetti, potato salad, iced latte, pepperoni pizza, margarita pizza, cheese sandwich","romantic seating, quaint little place, breakfast menu, ambience was super cool, fancy crowd, serving size"
Biryani Birinj,"North Indian, Biryani, Rolls, Fast Food, Mughlai",600,"sector 7, dwarka, new delhi",4.3,392,4.1,740,https://www.zomato.com/ncr/biryani-birinj-sector-7-dwarka-new-delhi,"D-467, Ground Floor, Palam Extension, Sector 7, Dwarka, New Delhi",9.18801E+11,28.585159,77.068802,not specified,not specified
Brownie Point,"Bakery, Desserts",400,"east patel nagar, new delhi",4.3,307,4.3,697,https://www.zomato.com/ncr/brownie-point-east-patel-nagar-new-delhi,"18/47, Ground Floor, East Patel Nagar, New Delhi",9.1114E+11,28.64582592,77.17346326,"chocolate fudge brownie, brownies, pastries, chocolate, cake, coffee","pretty decor, cozy, pocket friendly, fancy crowd, owner, courteous staff"
Punjab On My Plate,"North Indian, Beverages, Chinese, Mughlai, Pasta",1300,"baani square, sector 50, gurgaon",4.3,863,3.6,3695,https://www.zomato.com/ncr/punjab-on-my-plate-sector-50,"G-62, 75, 76, Baani Square, Sector 50, Gurgaon",9.2E+11,28.42546506,77.05757439,not specified,not specified
Nowhere Terrace Brewpub Cafe,"Cafe, Asian, North Indian, Italian, Continental",1600,"cross point mall, dlf phase 4, gurgaon",4.3,1414,0.0,0,https://www.zomato.com/ncr/nowhere-terrace-brewpub-cafe-dlf-phase-4,"2nd Floor, Cross Point Mall, Opposite Galleria Market, DLF Phase 4, Gurgaon",9.19205E+11,28.46828397,77.08367966,"vodka cocktail, wheat beer, brewed beer, mezze platter, dahi kebab, cocktails","live band performance, rooftop ambience, superb ambience, live music, great music, outdoor seating"
City Of Joy,Bengali,1000,"alaknanda, new delhi",4.3,773,4.1,2054,https://www.zomato.com/ncr/city-of-joy-alaknanda-new-delhi,"2, 1st Floor, Aravali Shopping Complex, Alaknanda, New Delhi",9.188E+11,28.53288631,77.25298572,not specified,not specified
Thai Pavilion - Taj City Centre Gurugram,"Thai, Asian",4000,"taj city centre gurugram, sector 44, gurgaon, gurgaon",4.3,348,3.9,78,https://www.zomato.com/ncr/thai-pavilion-taj-city-centre-gurugram-sector-44,"Near HUDA City Center Metro Station, Sector 44, Gurgaon",9.19719E+11,28.4551424,77.07055964,"get a complimentary night, earn up to 50% of spends as points at 250+ restaurants & much more. know more",not specified
Bisque Bakery,"Bakery, Fast Food, European",600,"central arcade, dlf phase 2, gurgaon, gurgaon",4.3,639,0.0,3,https://www.zomato.com/ncr/bisque-bakery-dlf-phase-2,"133/134, Central Arcade, DLF Phase 2, Gurgaon",9.11244E+11,28.48097037,77.08572987,"chicken stroganoff, croissant, sizzlers, chocolate truffle cake, cookies, pastries","meals, best places, nice place, good place, location, tasty food"
Donald's Pastry Shop,Bakery,300,"raj nagar, ghaziabad",4.3,553,0.0,12,https://www.zomato.com/ncr/donalds-pastry-shop-raj-nagar-ghaziabad,"R-2, Rajkunj, Near IMT College, Raj Nagar, Ghaziabad",9.11203E+11,28.67672374,77.45046906,"german chocolate, truffle pastry, pastries, chocolate truffle, cakes, cookies","fancy crowd, reasonable price, best place, good place, food quality, prices"
The Food Stories,"North Indian, Chinese, Fast Food, Sandwich, Burger, Beverages",550,"gaur city 1, greater noida",4.3,810,3.9,15100,https://www.zomato.com/ncr/the-food-stories-gaur-city-1-greater-noida,"316, 3rd Floor, City Plaza, Greater Noida West, Gaur City 1, Greater Noida",9.2E+11,28.614934,77.42766291,"rajma chawal, noodle, egg curry, honey chilli potatoes, white sauce pasta, manchurian","economical, chirpy crowd, casual seating area, cozy ambiance, nice crowd, staff behaviour"
Nueva,"European, American, Asian",3000,"sangam courtyard, rk puram, new delhi",4.3,987,0.0,0,https://www.zomato.com/ncr/nueva-r-k-puram-new-delhi,"Ground Floor, Sangam Courtyard, R K Puram, New Delhi",9.11126E+11,28.572626,77.17340492,"it's innovative new style, modern european, american and pan asian cuisine.",not specified
Bille Di Hatti,"North Indian, Mithai",150,"kamla nagar, new delhi",4.3,1125,4.2,3246,https://www.zomato.com/ncr/bille-di-hatti-kamla-nagar-new-delhi,"72 D, Kamla Nagar, New Delhi",9.11146E+11,28.68162125,77.20172971,"chole poori, meethi lassi, aloo sabji, samosa, gulab jamun","pocket friendly, breakfast, street food, great ambiance, polite staff, great recommendations"
Bikkgane Biryani,"Biryani, North Indian, Andhra, Kebab, Mughlai",1000,"sector 23, gurgaon",4.3,1186,3.7,12700,https://www.zomato.com/ncr/bikkgane-biryani-sector-23,"HUDA Market, Sector 23, Gurgaon",9.11244E+11,28.51065482,77.04833854,"extensive range of hyderabadi biryanis and array of tikkas, kebabs, and curries to choose from",not specified
Side Wok,"Asian, Chinese, Japanese, Thai",2000,"golf course road, gurgaon",4.3,641,4.1,6344,https://www.zomato.com/ncr/side-wok-golf-course-road,"Ground Floor, MPD Tower, Opposite Magnolias, DLF 5, Golf Course Road, Gurgaon",9.11244E+11,28.45451866,77.0969338,"chicken aniseed, fortune cookie, beijing chicken, pad thai, pan fried noodles, sushi","attentive staff, good for large groups, chinese, great value, decor, portions"
Cafe Diva,"European, Italian",2500,"m block market, greater kailash 2 (gk2), new delhi",4.3,592,4.0,1013,https://www.zomato.com/ncr/cafe-diva-greater-kailash-gk-2-new-delhi,"M - 8A, M Block Market, Greater Kailash 2 (GK 2), New Delhi",9.11142E+11,28.53421238,77.24317856,"new york cheesecake, ravioli, mezze platter, tiramisu, sangria, wine","relaxed atmosphere, fresh ingredients, lights, server, best places, excellent service"
Fabcafe By Fabindia,"North Indian, Sandwich, Wraps, Street Food, Desserts, Healthy Food, Beverages",1000,"vasant kunj, new delhi",4.3,549,4.3,2090,https://www.zomato.com/ncr/fabcafe-by-fabindia-vasant-kunj-new-delhi,"Shop 10, Local Shopping Centre, Nelson Mandela Marg, Vasant Kunj, New Delhi",9.11146E+11,28.53375,77.152694,"kokum drink, masala chai, chicken momo, grilled fish, smoothie, chaat","elegant decor, play area, healthy food options, vegan, cordial staff, courteous service"
Fingerlickerz Bombaywala,"North Indian, South Indian, Fast Food, Street Food",400,"sector 11, dwarka, new delhi",4.3,819,4.0,8224,https://www.zomato.com/ncr/fingerlickerz-bombaywala-sector-11-dwarka-new-delhi,"G-5, Plot 8, Ground Floor, Vikas Surya Arcade, Sector 11, Dwarka, New Delhi",9.19655E+11,28.59541227,77.04938393,"pav bhajis, tawa pulao, pavbhaji, amritsari thali, dabeli, vada paav","plenty of vegetarian options, outside seating, cordial staff, casual seating area, drive through, nice crowd"
Asia Kitchen By Mainland China,"Chinese, Asian, Sushi",1800,"ambience mall, dlf phase 3, gurgaon",4.3,437,4.3,186,https://www.zomato.com/ncr/asia-kitchen-by-mainland-china-dlf-phase-3,"R-314 B, 3rd Floor, Ambience Mall, DLF Phase 3, Gurgaon",9.11244E+11,28.50242232,77.09746052,"szechwan chicken, nasi goreng, pan fried noodles, pepper chicken, dumplings, sushi","ample seating area, great hospitality, more variety, host, chinese, server"
Wai Yu Mun Ching,"Chinese, Thai",600,"supermart 1, dlf phase 4, gurgaon",4.3,941,4.0,5617,https://www.zomato.com/ncr/wai-yu-mun-ching-dlf-phase-4,"Shop A-215, 216, Super Mart-1, DLF Phase 4, Gurgaon",9.11244E+11,28.46252912,77.08720308,not specified,not specified
Art of Spices,"North Indian, Rolls",450,"karol bagh, new delhi",4.3,1454,4.0,11900,https://www.zomato.com/ncr/art-of-spices-karol-bagh-new-delhi,"B-1/3, Behind City Hospital, Pusa Road, Karol Bagh, New Delhi",9.19811E+11,28.64350523,77.19054323,"mutton egg roll, double egg double chicken roll, chicken tenders, kathi rolls, veg rolls, soya chaap roll","art, serving time, economical, street food, friendly place, tandoori"
Binge,"Bakery, Cafe, Desserts, Fast Food",600,"qutab plaza, dlf phase 1, gurgaon",4.3,1359,4.2,4666,https://www.zomato.com/ncr/binge-dlf-phase-1,"C-4, Qutub Plaza, DLF Phase 1, Gurgaon",9.19205E+11,28.47098489,77.10208699,"chilli chicken croissant, almond biscotti, chocolate croissant, quiche, chocolate truffle pastry, carrot cake","design, excellent taste, interior, courteous staff, great taste, reasonable price"
After Stories,"Bar Food, North Indian, Continental",2000,"sector 29, gurgaon",4.3,1365,3.5,23,https://www.zomato.com/ncr/after-stories-sector-29,"SCO 390, Near IFFCO Metro Station, Sector 29, Gurgaon",9.19717E+11,28.47227048,77.07201675,"apple cider beer, tawa meat, bheja fry, churros, brewed beer, wheat beer","seating options, beautiful decor, outdoor, band, great music, dj"
Shagun,"Chinese, Thai, Tibetan, Japanese",800,"vijay nagar, new delhi",4.3,876,4.0,12700,https://www.zomato.com/ncr/shagun-vijay-nagar-new-delhi,"F-16, Opposite NDPL Office, Vijay Nagar, New Delhi",9.1981E+11,28.69345992,77.20465466,"steamed pork momo, chicken steamed momos, chilly garlic noodles, soups, honey chilli potato, chilli chicken","chinese restaurant, comfortable seating area, cozy, authenticity, good value, best places"
The Blue Bar - Taj Palace,Finger Food,3900,"taj palace, chanakyapuri, new delhi",4.3,362,0.0,0,https://www.zomato.com/ncr/the-blue-bar-taj-palace-chanakyapuri-new-delhi,"Taj Palace, 2, Sardar Patel Marg, Chanakyapuri, New Delhi",9.11167E+11,28.59516793,77.17179425,"get a complimentary night, earn up to 50% of spends as points at 250+ restaurants & much more. know more",not specified
Rosebud - By The Nook,"North Indian, Continental, Chinese, Mughlai, Seafood, Pizza, Pasta",1900,"sohna road, gurgaon",4.3,621,3.3,27,https://www.zomato.com/ncr/rosebud-by-the-nook-sohna-road,"Ground Floor, Tower A, Vatika Business Park, Sohna Road, Gurgaon",9.17042E+11,28.40610906,77.04498544,not specified,not specified
Chidambaram's New Madras Hotel,"South Indian, Chinese, Beverages",500,"lodhi colony, new delhi",4.3,705,4.1,9813,https://www.zomato.com/ncr/chidambarams-new-madras-hotel-lodhi-colony-new-delhi,"7, Khanna Market, Lodhi Colony, New Delhi",9.11125E+11,28.58075409,77.22089946,"raagi dosa, mini vada, tamarind rice, filtered coffee, dahi vada, mysore masala dosa","pocket friendly restaurant, economical, cute little place, low price, authentic taste, chinese"
Cinnabon,"Desserts, Bakery, Beverages, Sandwich",400,"dlf avenue, saket, new delhi",4.3,610,4.2,1124,https://www.zomato.com/ncr/cinnabon-saket-new-delhi,"GFK 4A, Ground Floor, DLF Place Mall, Saket, New Delhi",9.11141E+11,28.52771056,77.21731368,"caramel cinnabon, hot coffee, chocolate, rolls, desserts","open area, perfect place, flavour, seating, good place, nice place"
Haristo Pizzeria,"Continental, Italian, Chinese, Pizza, Beverages",600,"raj nagar, ghaziabad",4.3,850,4.0,6691,https://www.zomato.com/ncr/haristo-pizzeria-raj-nagar-ghaziabad,"1, Advocate Chambers, RDC, Raj Nagar, Ghaziabad",9.18077E+11,28.67497058,77.44268764,not specified,not specified
Hotel Malabar,"Kerala, Chinese, South Indian, Biryani",350,"sector 39, gurgaon",4.3,655,4.1,1383,https://www.zomato.com/ncr/hotel-malabar-sector-39,"1305, Opposite Medanta Medicity, Sector 39, Gurgaon",9.17839E+11,28.441616,77.04483,"mutton coconut fry, banana fritters, vegetable stew, chicken roast, appam, fish curry","bang for the buck, cute little place, seating, quality food, flavour, great food"
Mr. Brown,"Bakery, Desserts, Fast Food",500,"kaushambi, ghaziabad",4.3,882,4.3,2113,https://www.zomato.com/ncr/mr-brown-kaushambi-ghaziabad,"Ground Floor, Under Kaushambi Metro Station, Kaushambi, Ghaziabad",9.18131E+11,28.64540368,77.3243992,"baklava, chocolate pudding, pastries, cakes, chocolate truffle, red velvet","excellent variety, coffee date, parking, nice ambience, good ambience, location"
Delicate Delights,"Cafe, Fast Food, Desserts, Beverages",600,"sector 16, faridabad",4.3,537,4.2,476,https://www.zomato.com/ncr/delicate-delights-sector-16-faridabad,"SCO 15, Sector 16, Faridabad",9.17042E+11,28.40896609,77.31935631,"frozen hot chocolate, fried cheese, tandoori paneer sandwich, red velvet, peri peri fries, wraps","couple friendly, affordable food, cosy place, packed on weekends, cafe, nice ambience"
Momo Hut,"Momos, Chinese, Tibetan, Thai",500,"gaur city 1, greater noida",4.3,581,3.8,15200,https://www.zomato.com/ncr/momo-hut-gaur-city-1-greater-noida,"Shop 225, 2nd Floor, City Plaza, Gaur City 1, Greater Noida",9.19959E+11,28.615007,77.4277,not specified,not specified
Retreat @ USI,"North Indian, Chinese, Continental, Salad",800,"vasant vihar, new delhi",4.3,379,0.0,0,https://www.zomato.com/ncr/retreat-@-usi-vasant-vihar-new-delhi,"C1, USI Premises, Rao Tula Ram Marg, Shankar Vihar, Vasant Vihar, New Delhi",9.11126E+11,28.5715975,77.15023298,"chicken schnitzel, methi paneer, mutton rogan josh, mushroom, soup, dessert","family place, decent place, reasonable prices, decor, courteous staff, location"
SugarLicious,"Bakery, Desserts, Beverages, Fast Food",400,"rodeo drive, sector 49, gurgaon, gurgaon",4.3,504,4.2,7562,https://www.zomato.com/ncr/sugarlicious-sector-49,"Shop DG 29 - 30, Rodeo Drive, Arcadia 2, Sector 49, Delhi NCR, Delhi NCR",9.18368E+11,28.41982848,77.0516048,"chiffon cake, chocolate marble cake, photo cake, fresh cake, choco truffle, blueberry cheesecake","birthday celebration, cozy, great recommendations, great ambiance, customer service, owner"
Cafe Yell,"Cafe, Continental, Italian",1000,"defence colony main market, defence colony, new delhi",4.3,468,4.2,1862,https://www.zomato.com/ncr/cafe-yell-defence-colony-new-delhi,"35, Ground Floor, Defence Colony Main Market, Defence Colony, New Delhi",9.196E+11,28.57369129,77.23028887,not specified,not specified
Fur Ball Story,"Cafe, Fast Food, Beverages",500,"golf course road, gurgaon",4.3,403,3.2,44,https://www.zomato.com/ncr/fur-ball-story-golf-course-road,"31, Saraswati Kunj 2, Suncity, Golf Course Road, Gurgaon",9.19582E+11,28.43870053,77.1048956,not specified,not specified
New Punjabi Khana,North Indian,300,"nehru place, new delhi",4.3,972,4.0,2100,https://www.zomato.com/ncr/new-punjabi-khana-2-nehru-place-new-delhi,"G-7/35-36, Near Aggarwal Bhawan, Nehru Place, New Delhi",9.18527E+11,28.54916979,77.25079805,"shahi paneer rice, kadhi pakora, kadhi chawal, rajma rice, deluxe thali, rajma chawal","office crowd, economical, casual seating area, pocket friendly, great recommendations, prompt service"
Puppychino Dog Friendly Cafe,"Cafe, Continental, Italian, Beverages",1000,"shahpur jat, new delhi",4.3,742,3.9,59,https://www.zomato.com/ncr/puppychino-dog-friendly-cafe-shahpur-jat-new-delhi,"Shop 119, 3rd Floor, Shishan Bhawan, Shahpur Jat, New Delhi",9.19643E+11,28.54931233,77.2154187,"blt sandwich, caramel shake, lasagne, mocha, chocolate shake, nachos","dogs are welcome, happy place, lovely place, friendly place, wonderful place, cafe"
China Bowl,"Chinese, Thai, Japanese, Tibetan",800,"satyaniketan, new delhi",4.3,593,4.1,5988,https://www.zomato.com/ncr/china-bowl-satyaniketan-new-delhi,"10, Satyaniketan Market, Opposite Venkateshwara College, Satyaniketan, New Delhi",9.19872E+11,28.58779551,77.16726333,not specified,not specified
Fa Yian,Chinese,1200,"connaught place, new delhi",4.3,551,3.9,99,https://www.zomato.com/ncr/fa-yian-connaught-place-new-delhi,"A 25/5, Middle Circle, Connaught Place, New Delhi",9.19811E+11,28.6327827,77.21727613,"clear wonton soup, kung pao vegetables, chilli mushroom, chicken hakka noodles, pan fried noodles, sweet corn soup","cosy place, themed decor, light music, relaxed atmosphere, chinese, cozy"
Burger Monk,"Burger, Fast Food, Beverages",500,"baani square, sector 50, gurgaon",4.3,793,3.9,3656,https://www.zomato.com/ncr/burger-monk-sector-50,"G 103, Baani Square, Sector 50, Gurgaon",9.11245E+11,28.4256806,77.05676973,not specified,not specified
Secular House Canteen,"South Indian, Chinese, North Indian, Beverages",600,"jnu, new delhi",4.3,725,3.7,1603,https://www.zomato.com/ncr/mezbaan-restaurant-jnu-new-delhi,"9/1, Secular House, Opposite JNU East Gate, JNU, New Delhi",9.11127E+11,28.54413003,77.17835862,"mushroom butter masala, paneer tika, afghan chicken, butter paneer, sizzlers, chilli potatoes","nice crowd, cozy ambiance, friendly place, prompt service, quick service, best places"
R.E.D - Radisson Blu,"North Indian, Chinese, Italian, Asian, Thai, Japanese, Fast Food, Desserts",2000,"radisson blu, sector 18, noida, noida",4.3,557,0.0,1,https://www.zomato.com/ncr/r-e-d-radisson-blu-sector-18-noida,"Radisson Blu, L-2, Sector 18, Noida",9.199E+11,28.568552,77.32266314,not specified,not specified
Odisha Hotel,Odia,600,"sainik farms, new delhi",4.3,394,4.0,844,https://www.zomato.com/ncr/odisha-hotel-sainik-farms-new-delhi,"A1-A, Keher Singh Estate, Sainik Farms, New Delhi",9.17874E+11,28.52655231,77.19404619,"dahi baigan, curry crab, masala prawn, mutton platter, mutton thali, chicken pakora","relaxed atmosphere, family place, friendly staff, family crowd, preparation, good ambience"
Lockup,"North Indian, Chinese, Biryani, Continental, Italian, Beverages, Desserts",850,"sector 23, gurgaon",4.3,1273,3.7,7760,https://www.zomato.com/ncr/lockup-sector-23,"K137, Sector 23A, Near Sector 23, Gurgaon",9.18184E+11,28.504008,77.052459,not specified,not specified
Waffle Nation,Desserts,300,"vijay nagar, new delhi",4.3,514,4.2,3652,https://www.zomato.com/ncr/waffle-nation-vijay-nagar-new-delhi,"G24AB, Hudson Lane, Vijay Nagar, New Delhi",9.19643E+11,28.69506189,77.20314927,not specified,not specified
The Curry King,"North Indian, Chinese",550,"saket, new delhi",4.3,568,3.9,6783,https://www.zomato.com/ncr/the-curry-king-saket-new-delhi,"2nd Floor, Mata Dhan Kaur Complex, Ignou Road, Opposite Nirmal Medical Center, Saket, New Delhi",9.19971E+11,28.51634789,77.20549774,"chicken masala momo, ra ra chicken, punjabi dal tadka, chicken dhaniya adraki, paneer lababadar, mutton masala","rooftop ambience, good crowd, great recommendations, quick delivery, reasonable prices, good quality food"
Cervesia,"North Indian, Continental, Chinese",1900,"sector 29, gurgaon",4.3,1443,0.0,0,https://www.zomato.com/ncr/cervesia-sector-29,"SCO 22, 1st Floor, Sector 29, Gurgaon",9.1729E+11,28.46968012,77.06282482,"nutella waffles, tacos, cocktails, dessert, brownie, drinks","rooftop seating, dj, food menu, beautiful place, lovely place, live music"
Chaayos - Meri Wali Chai,"Street Food, Fast Food, Beverages, Desserts",500,"connaught place, new delhi",4.3,597,4.1,1697,https://www.zomato.com/ncr/chaayos-meri-wali-chai-1-connaught-place-new-delhi,"M-66, Plot 3, 1st Floor, M Block, Connaught Place, New Delhi",18001202424,28.63148494,77.22224157,"hot ginger tea, chana samosa, chaai, modinagar shikanji, banana walnut cake, bhel puri","reasonable rate, new menu, fancy crowd, cleanliness, decoration, interior"
Lub Lub Lebanese,"Lebanese, Fast Food, Beverages",550,"baani square, sector 50, gurgaon",4.3,827,4.0,14400,https://www.zomato.com/ncr/lub-lub-lebanese-sector-50,"Shop G-24, Ground Floor, Baani Square, Mayfield Garden, Sector 50, Gurgaon",9.19812E+11,28.42550221,77.05752511,not specified,not specified
Coastal Reef,"Kerala, Andhra, Seafood, South Indian",1200,"baani square, sector 50, gurgaon",4.3,806,4.1,8856,https://www.zomato.com/ncr/coastal-reef-sector-50,"Shop 54-55, Bani Square, Sector 50, Gurgaon",9.19911E+11,28.42538221,77.05716804,"chettinad gravy, egg appam, chicken chettinadu, mutton sukka, sea food platter, chicken dosa","ample seating area, relaxed atmosphere, gastronomical experience, more variety, authenticity, packed on weekends"
The Spice Lab,"North Indian, Mughlai, Beverages, Biryani, Desserts",1000,"baani square, sector 50, gurgaon",4.3,1015,4.0,13600,https://www.zomato.com/ncr/the-spice-lab-sector-50,"Near Khasra 85, Samaspur, Sector 50, Gurgaon",9.18527E+11,28.42801198,77.06518047,the spice lab celebrates their kebab festival.delicious kebabs starting at  ₹ 209.,"masala shikanji, soya malai, shahi tukda, galouti kebab, panneer butter masala, dahi kebab"
Sandburg Shakes,"Burger, Sandwich, Continental, Fast Food, Beverages",750,"baani square, sector 50, gurgaon",4.3,832,4.1,13500,https://www.zomato.com/ncr/sandburg-shakes-sector-50,"G-28, Baani Square, Sector 50, Gurgaon",9.11244E+11,28.42543616,77.0575593,"betel blast, breadwiches, choco hazelnut, croissant, potato wedges, bacon","cosy place, great quality, owner, best places, meals, amazing taste"
Culinaire,"Chinese, Thai",800,"greater kailash 2 (gk2), new delhi",4.3,1200,4.1,9864,https://www.zomato.com/ncr/culinaire-greater-kailash-gk-2-new-delhi,"Shop 2, Chandan Market, S Block, Greater Kailash (GK) 2, New Delhi",9.11142E+11,28.53075636,77.24593285,"phad thai, thai green curry, sea food, seafood, chicken momo, chopsuey","excellent variety, chinese, comfortable seating area, cosy place, comfort food, servings"
London Grill Co.,"Burger, Wraps, Sandwich, Healthy Food, Fast Food, Continental, Beverages, American",500,"paschim vihar, new delhi",4.3,930,4.0,8934,https://www.zomato.com/ncr/london-grill-co-paschim-vihar-new-delhi,"36, Ground Floor, DDA Gol Market, Rohtak Road, Block A4, Paschim Vihar, New Delhi",9.11146E+11,28.67685434,77.11139493,"pink mojito, herb chilli burger, snacker burger, frappe, wraps, tacos","nice crowd, low price, great recommendations, owner, amazing taste, concept"
Stop My Starvation,"European, Sandwich, Desserts, Beverages",400,"malviya nagar, new delhi",4.3,512,4.2,8805,https://www.zomato.com/ncr/stop-my-starvation-malviya-nagar-new-delhi,"6, Corner Market, Near Hanuman Temple, Malviya Nagar, New Delhi",9.19972E+11,28.53900609,77.21352674,"nutella factory waffle, chicken tikka waffle, mushroom crepe, crepes, pancake, savoury","table service, manager, customer service, friendly staff, awesome place, quick service"
Magadh & Awadh,"North Indian, Lucknowi, Mughlai, Awadhi",750,"sector 49, gurgaon",4.3,555,4.0,4359,https://www.zomato.com/ncr/magadh-awadh-sector-49,"D31, 31A, Unitech Rodeo Drive, Sector 49, Gurgaon",9.18398E+11,28.42007823,77.05183212,"sarson wali machli, bhuna maans, litti platter, machli tikka, sattu cooler, lithi chokha","great customer service, wait staff, hospitable staff, parking space, great location, authentic food"
Brioche Dorée,"Cafe, Bakery, Continental, Italian, Beverages",500,"pandav nagar, new delhi",4.3,482,3.9,82,https://www.zomato.com/ncr/brioche-dorée-pandav-nagar-new-delhi,"Shop 09, Upper Ground & Ground Floor, Parsavnath Mall, Akshardham Metro Station, Pandav Nagar, New Delhi",9.199E+11,28.617441,77.279724,"viennoiseries, blueberry tart, mango mint smoothie, pizza puff, croissant, quiche","quiet, lovely ambience, packed on weekends, vibe, courteous staff, cafe"
Zauk,"Mughlai, North Indian, Kebab, Rolls, Biryani",400,"ansal plaza mall, knowledge park, greater noida",4.3,1082,4.0,22700,https://www.zomato.com/ncr/zauk-knowledge-park,"AF-28, Ansal Plaza Mall, Pari Chowk, Knowledge Park, Noida",9.19811E+11,28.46395836,77.50738822,"murg irani, chicken tikka biryani, authentic mughlai food, tandoori butter roti, shahi tukda, soya tikka","themed decor, comfortable seating area, food delivery, best restaurant, good packaging, authentic taste"
Blackmail,"North Indian, Chinese, Mughlai, Italian",1600,"kamla nagar, new delhi",4.3,1300,0.0,0,https://www.zomato.com/ncr/blackmail-kamla-nagar-new-delhi,"2/11, 1st Floor, Roop Nagar, Kamla Nagar, New Delhi",9.19711E+11,28.68203775,77.19900325,"thai spring roll, butter chicken pizza, handi chicken, pasta, pizza, naan","jain food options, keto options, good for large groups, great buffet spread, fancy crowd, family place"
House of Nawabs,"North Indian, Mughlai",600,"yusuf sarai, new delhi",4.3,227,4.0,3291,https://www.zomato.com/ncr/house-of-nawabs-yusuf-sarai-new-delhi,"49, Yusuf Sarai Market, Near Green Park Metro Station, Yusuf Sarai, New Delhi",9.11146E+11,28.5602557,77.20729496,not specified,not specified
Tangy House,"Chinese, North Indian, Continental",1900,"sushant lok, gurgaon",4.3,449,3.8,394,https://www.zomato.com/ncr/tangy-house-sushant-lok,"Shop 8 & 9, Bestech Chamber, Phase 1, Sushant Lok, Gurgaon",9.19355E+11,28.46048028,77.07891539,"chocolate money bag, chilli mushroom, honey chilli potatoes, mocktails, dimsums, starter","family place, great music, beautiful place, courteous staff, awesome place, good quantity"
Burgrill - Grilling Burgers For India,"Healthy Food, Fast Food, Burger, Beverages",500,"greater kailash 2 (gk2), new delhi",4.3,522,4.3,5552,https://www.zomato.com/ncr/burgrill-grilling-burgers-for-india-greater-kailash-gk-2-new-delhi,"Shop 1, E-578, Savitri Cinema Road, Greater Kailash 2 (GK 2), New Delhi",9.11143E+11,28.54042015,77.24018421,"chicken quarter pounder burger, iced lemon tea, mexican fries, peri fries, cheese fries, rice bowl","cute little place, nice crowd, great recommendations, low price, polite staff, friendly staff"
L'Opéra Salon de Thé,"Cafe, Bakery, Desserts, Fast Food, French, Coffee, Tea",1700,"epicuria food mall, nehru place, new delhi",4.3,347,4.2,1140,https://www.zomato.com/ncr/lopéra-salon-de-thé-1-nehru-place-new-delhi,"S 5, Epicuria Mall, Nehru Place Metro Station, Nehru Place, New Delhi",9.196E+11,28.55126844,77.25198258,"royal chocolate, raspberry mousse, baguette, macaroon, croissant, blueberry cheesecake","pretty decor, outdoor, chef, perfect place, ambiance, presentation"
Café Resto - Jaypee Siddharth,"European, Continental, North Indian, Desserts, Italian",3000,"jaypee siddharth, rajendra place, new delhi",4.3,998,3.5,18,https://www.zomato.com/ncr/café-resto-jaypee-siddharth-rajendra-place-new-delhi,"3, Jaypee Siddharth, Rajendra Place, New Delhi",9.11144E+11,28.6427402,77.17537466,"burger samosa, chocolate truffle cake, buffet, cappuccino, salads, dosa","romantic dining, intimate setting, nice hotel, best hotel, sophisticated, breakfasts"
Poppins Hotal,"North Indian, Goan, South Indian",800,"cross point mall, dlf phase 4, gurgaon",4.3,268,3.9,95,https://www.zomato.com/ncr/poppins-hotal-dlf-phase-4,"105-107, 1st Floor, Cross Point Mall, DLF Phase 4, Gurgaon",9.17429E+11,28.46826393,77.08309662,"kebab pav, mutton pepper fry, paneer kofta, tawa fish, fish fry, pork","vibrant decor, service and quality of food, ambience is very nice, unique menu, great hospitality, reasonable rates"
Wat-A-Burger - India Ka Burger,"Burger, Fast Food, Beverages",300,"sector 18, noida",4.3,1276,4.0,16600,https://www.zomato.com/ncr/wat-a-burger-india-ka-burger-sector-18-noida,"G-28, Savitri Market, Sector 18, Noida",9.19311E+11,28.56992709,77.32647456,"mud pie shake, crispy potato wedges, paneer maharaja, corn cheese nuggets, coleslaw sandwich, bbq chicken sandwich","free wifi, pocket friendly prices, cheap prices, elegantly decorated, comfortable seating, good crowd"
Krispy Kreme,"Desserts, Beverages",300,"select citywalk mall, saket, new delhi",4.3,924,4.2,3433,https://www.zomato.com/ncr/krispy-kreme-saket-new-delhi,"Shop 13 B, 2nd Floor, Select City Walk Mall, Saket, New Delhi",9.19717E+11,28.52870974,77.21966129,"original glazed, caramel donut, chocolate decadence, donuts, latte, coffees","combo, good taste, best place, ambiance, good service, staff"
Morellos - (Mess)Merising Shakes,"Cafe, Beverages",900,"sector 57, gurgaon",4.3,458,3.9,803,https://www.zomato.com/ncr/morellos-messmerising-shakes-sector-57,"353, Housing Board Colony, Opposite Lotus Valley School, Sector 57, Gurgaon",9.19822E+11,28.41897,77.06922,"peri fries, kitkat shake, shakes, nachos, brownie, white sauce pasta","cozy place, concept, owner, preparation, great ambience, presentation"
Pizzeria By Crepe-fe,"Desserts, Fast Food, American, Beverages, Pizza, Ice Cream",700,"baani square, sector 50, gurgaon",4.3,436,4.3,3824,https://www.zomato.com/ncr/pizzeria-by-crepe-fe-ardee-city,"Plot 102, D Block, Sector 52, Ardee City, Gurgaon",9.18468E+11,28.4377836,77.0723426,"nutella croissant, nutella crepe, bagels, gelato, crepes, choco fudge","decor, concept, courteous staff, amazing food, amazing place, packing"
Pita Pit,"Healthy Food, Fast Food, Salad, Beverages",500,"cyber hub, dlf cyber city, gurgaon",4.3,1073,4.0,6565,https://www.zomato.com/ncr/pita-pit-dlf-cyber-city,"K3-B, Ground Floor, Cyber Hub, Near DLF Cyber City, Gurgaon",9.1931E+11,28.49474579,77.08855089,"chocolate chunk cookie, pita sandwich, chicken caesar, chicken ham, wraps, hummus","quick service restaurant, healthy options, not very crowded, healthy food, economical, fresh"
Oriental Fusion,"Asian, Chinese, Thai",650,"baani square, sector 50, gurgaon",4.3,715,4.0,8294,https://www.zomato.com/ncr/oriental-fusion-sector-50,"S 33, 2nd Floor, Block C, Baani Square, Sector 50, Gurgaon",9.11244E+11,28.42540049,77.05756668,"chinese spring rolls, fortune cookie, egg noodles, chicken lollypop, chicken dimsums, pan fried noodles","courteous staff and service, fresh and tasty, tasty stuff, worth the price, good for large groups, relaxed atmosphere"
Milestone,"North Indian, Mughlai, Biryani, Rolls, Momos",600,"sector 25, noida",4.3,781,3.9,7236,https://www.zomato.com/milestone,"Sector 25, Noida",9.19811E+11,28.5861442,77.34103527,"palak gravy, soya chaap biryani, chicken seekh, panneer butter masala, achari chaap, tandoori chaap","freshly prepared, bookshelf, intimate seating, tasty stuff, delivery on time, many choices"
Bakerz Lodge,"Bakery, Desserts, Fast Food",500,"punjabi bagh, new delhi",4.3,341,4.3,2330,https://www.zomato.com/ncr/bakerz-lodge-punjabi-bagh-new-delhi,"19, NWA, Club Road, Punjabi Bagh, New Delhi",9.17838E+11,28.66669975,77.12194137,"choco truffle, pastries, cakes, desserts, brownie, cheesecake","sitting area, theme, good quality food, decor, owner, courteous staff"
Gabbars,"Mughlai, North Indian, Fast Food",350,"vasant kunj, new delhi",4.3,382,4.0,3589,https://www.zomato.com/ncr/gabbars-vasant-kunj-new-delhi,"Shop 8, Sector C, PKT 9, LSC Market, Vasant Kunj, New Delhi",9.18369E+11,28.538499,77.142514,"bhatti murg, bhatti chicken, tandoori mushrooms, soya chaap masala, panneer butter masala, mutton rogan josh","good packaging, good quantity, excellent food, great taste, tasty food, perfect place"
Bowl King,"North Indian, South Indian, Chinese",300,"sector 23, dwarka, new delhi",4.3,320,0.0,12,https://www.zomato.com/ncr/bowl-king-sector-23-dwarka-new-delhi,"24, Block A, Pochanpur Colony, Sector 23, Dwarka, New Delhi",9.19959E+11,28.5637511,77.04954855,"good wifi, young crowd, fresh food, student crowd, good quality, customizable food",not specified
Namaste Bharat Restaurant,"North Indian, Chinese",600,"sector 135, noida",4.3,342,4.0,172,https://www.zomato.com/ncr/namaste-bharat-restaurant-sector-135-noida,"Shop 83/84, Plot 22, Assotech Business Cresterra, Sector 135, Noida",9.17989E+11,28.49557762,77.40196668,"good music, student crowd, customizable food, young crowd, elaborate menu, fresh food",not specified
Bharat Bhojnalaya,North Indian,300,"nit, faridabad",4.3,444,3.8,15500,https://www.zomato.com/ncr/bharat-bhojnalaya-nit-faridabad,"Shop 181/182, Tikona Park, NIT, Faridabad",9.19711E+11,28.38287748,77.29673591,"great seating capacity, very cheap, desi vibes, pocket friendly, family crowd, student crowd",not specified
One8 Commune,"Finger Food, Continental, North Indian, Asian, Beverages",2500,"aerocity, new delhi",4.2,806,3.9,31,https://www.zomato.com/ncr/one8-commune-aerocity-new-delhi,"8, World Mark 2, IGI Airport, Aerocity, New Delhi",+91 8068974333,28.551537,77.122704,not specified,not specified
Mia Bella - Romantic Kitchen & Bar,"Asian, Italian",1500,"hauz khas village, new delhi",4.2,2346,3.9,35,https://www.zomato.com/ncr/mia-bella-romantic-kitchen-bar-hauz-khas-village-new-delhi,"50 E, Hauz Khas Village, New Delhi",9.18448E+11,28.55353226,77.1941974,not specified,not specified
TEO - Lounge & Bar,"North Indian, Chinese, Italian, Mughlai, Beverages",2200,"punjabi bagh, new delhi",4.2,422,0.0,0,https://www.zomato.com/ncr/teo-lounge-bar-punjabi-bagh-new-delhi,"37, 2nd & 3rd Floor, North West Avenue, Club Road, Punjabi Bagh, New Delhi",+91 8068971497,28.66681095,77.12390777,not specified,not specified
Romeo Lane,"North Indian, Continental, Italian, Asian",1900,"civil lines, new delhi",4.2,915,3.9,28,https://www.zomato.com/ncr/romeo-lane-civil-lines-new-delhi,"13, 2nd Floor, Alipur Road, Civil Lines, New Delhi",9.17065E+11,28.67654519,77.22519234,"chicken parmigiana, grilled chicken steak, mac n cheese, panneer butter masala, smoothie, choco lava","valet service, great buffet spread, relaxed atmosphere, rooftop seating, romantic place, themed decor"
Under The Neem,"Continental, Cafe, North Indian, Italian, Desserts, Beverages",2100,"sector 83, gurgaon",4.2,299,0.0,0,https://www.zomato.com/ncr/under-the-neem-sector-83,"Karma Lakelands, NH 8, Sector 80, Near Sector 83, Gurgaon",9.19625E+11,28.36770329,76.96458422,"pasta arrabiatta, tawa chicken, shakes, tea, coffee, pizza","nice food nice service, play area, sit and read, cleanliness, beautiful place, vibe"
Big Pitcher,"Continental, Modern Indian, Oriental, Mediterranean, Beverages, Mexican, Lebanese",1600,"sector 29, gurgaon",4.2,231,0.0,1,https://www.zomato.com/ncr/big-pitcher-sector-29,"2nd Floor, Trilium Avenue-MLCP, Near Huda City Metro Station, Sector 29, Gurgaon",+91 8068974691,28.46163572,77.06749119,not specified,not specified
Distillery - Craft Beer & Cocktails,"Bar Food, North Indian, Pizza, Biryani, Chinese, European, Desserts",1600,"sector 29, gurgaon",4.2,395,0.0,0,https://www.zomato.com/ncr/distillery-craft-beer-cocktails-sector-29,"Plot 16 & 17, Sector 29, Gurgaon",9.19774E+11,28.47008125,77.06302933,not specified,not specified
Breath Fine Lounge And Bar,"Fast Food, Chinese, Continental, North Indian, Bar Food, Desserts",2000,"punjabi bagh, new delhi",4.2,567,0.0,0,https://www.zomato.com/ncr/breath-fine-lounge-and-bar-1-punjabi-bagh-new-delhi,"3C, 3rd Floor, Nwa, Club Road, Punjabi Bagh, New Delhi",9.2E+11,28.66623465,77.12653935,not specified,not specified
Antidot Waterbar Cafe,"Continental, North Indian, Asian, Pizza, Beverages",1800,"safdarjung, new delhi",4.2,1259,0.0,2,https://www.zomato.com/ncr/antidot-waterbar-cafe-safdarjung-new-delhi,"B-6/2, 2nd Floor, Opposite Deer Park, Safdarjung, New Delhi",9.18091E+11,28.55919734,77.19574202,"death by chocolate, peri chicken, malai soya chaap, paneer tikka pizza, cocktail, nachos","good service and good food, rooftop section, good bartenders, amazing food at amazing price, vintage decor, rooftop ambience"
Soi 7 Pub & Brewery,"Chinese, Thai, Japanese, Asian, Pizza, Beverages",2300,"cyber hub, dlf cyber city, gurgaon",4.2,4998,0.0,0,https://www.zomato.com/ncr/soi-7-pub-brewery-dlf-cyber-city,"205-208, 209-A, Cyber Hub, DLF Cyber City, Gurgaon",9.1813E+11,28.49541202,77.08866119,not specified,not specified
Warehouse Cafe,"North Indian, Italian, Asian, Mughlai, Beverages",2100,"connaught place, new delhi",4.2,10100,0.0,10,https://www.zomato.com/ncr/warehouse-cafe-connaught-place-new-delhi,"D 19/20, D Block, Inner Circle, Near Rajiv Chowk Metro Station Gate 3, Connaught Place, New Delhi",9.2E+11,28.63375704,77.2210148,not specified,not specified
Firangi Island,"North Indian, Chinese, Continental, Italian, Momos, Beverages, Mughlai",1400,"kirti nagar, new delhi",4.2,540,3.8,406,https://www.zomato.com/ncr/firangi-island-kirti-nagar-new-delhi,"62, Ground Floor, Rama Road, Kirti Nagar, New Delhi",9.18588E+11,28.65740488,77.15205442,not specified,not specified
Thai High,Thai,2200,"mehrauli, new delhi",4.2,920,3.9,85,https://www.zomato.com/ncr/thai-high-mehrauli-new-delhi,"1091/1, Ambawatta Complex, Kalka Das Marg, Mehrauli, New Delhi",+91 8068974633,28.52214365,77.18162689,ambience with contemporary oriental design and a rooftop terrace,not specified
Tippling Street,"North Indian, Italian, Continental, Chinese",1600,"rajouri garden, new delhi",4.2,1658,3.9,81,https://www.zomato.com/ncr/tippling-street-rajouri-garden-new-delhi,"A-12, Vishal Enclave, Opposite Metro Pillar 408, Rajouri Garden, New Delhi",+91 8068974689,28.64815126,77.12009367,not specified,not specified
SkyHouse,"North Indian, Chinese, Mughlai, Continental, Healthy Food",2400,"logix city centre, sector 32, noida, noida",4.2,1385,0.0,16,https://www.zomato.com/ncr/skyhouse-sector-34-noida,"5th Floor, Logix City Centre Mall, Sector 32, Near Sector 34, Noida",9.17429E+11,28.57420862,77.35341467,not specified,not specified
Public Affair,"European, Italian, Mexican, Thai, Beverages, Asian",2100,"khan market, new delhi",4.2,785,3.9,19,https://www.zomato.com/ncr/public-affair-khan-market-new-delhi,"67-68, 1st & 2nd Floor, Middle Lane, Khan Market, New Delhi",9.11143E+11,28.59968569,77.22636145,"celebrate the art of cocktail making,special price on delhi’s most popular cocktails.","chicken mustard, vegetable mezze platter, peri peri prawns, mexican platter, flat bread, ravioli"
The Marketplace,"North Indian, Street Food, Fast Food, Chinese, Desserts, Beverages",1300,"kirti nagar, new delhi",4.2,1560,0.0,1,https://www.zomato.com/ncr/the-marketplace-kirti-nagar-new-delhi,"A 7/8, Kailash Park, Near Metro Pillar 326, Kirti Nagar, New Delhi",9.1932E+11,28.65638736,77.14031752,not specified,not specified
Ladera,"Continental, Mediterranean, European, Italian",3800,"sector 29, gurgaon",4.2,301,0.0,0,https://www.zomato.com/ncr/ladera-sector-29,"Clarens Hotel, Plot 363, Sector 29, Gurgaon",9.18448E+11,28.46188803,77.06712104,not specified,not specified
The Beer Cafe - BIGGIE,"Finger Food, Continental, Italian, Pizza, North Indian, Beverages",1500,"connaught place, new delhi",4.2,1732,0.0,15,https://www.zomato.com/ncr/the-beer-cafe-biggie-connaught-place-new-delhi,"D-2, Inner Circle, Connaught Place, New Delhi",9.11142E+11,28.63384709,77.22075261,"peach lemonade, corn bhel, house pizza, beers, onion rings, chicken wings","live sports screening, live entertainment, decent staff, perfect location, rooftop ambience, light music"
Connaught Club House,"Mexican, Asian, Italian, Beverages",2100,"janpath, new delhi",4.2,301,0.0,2,https://www.zomato.com/ncr/connaught-club-house-janpath-new-delhi,"54, Tolstoy Lane, Janpath, New Delhi",9.19999E+11,28.62718132,77.22062454,not specified,not specified
Sixth Empirica,"North Indian, Italian, Continental",1500,"punjabi bagh, new delhi",4.2,2095,0.0,0,https://www.zomato.com/ncr/sixth-empirica-punjabi-bagh-new-delhi,"2nd - 3rd Floor, Building 6, NWA, Punjabi Bagh Club Road, Near Punjabi Bagh, New Delhi",011 66992579,28.66660385,77.12308902,not specified,not specified
Summer House Cafe,"Finger Food, Continental, Chinese, Fast Food, Beverages",1900,"hauz khas, new delhi",4.2,4765,0.0,0,https://www.zomato.com/ncr/summer-house-cafe-hauz-khas-new-delhi,"1st Floor, DDA Shopping Complex, Aurobindo Place, Hauz Khas, New Delhi",9.1981E+11,28.55240728,77.20378865,sundays are the best days to dance! why? because it's salsa sundays tonight at #summerhousecafe! get groovin!,not specified
Aqua - The Park,"Continental, Italian, Mediterranean, Beverages",4500,"the park, connaught place, new delhi",4.2,979,0.0,0,https://www.zomato.com/ncr/aqua-the-park-connaught-place-new-delhi,"15, Parliament Street, Connaught Place, New Delhi",9.11124E+11,28.62886495,77.21630786,poolside dining; rated 'bar with best ambience' by times night out guide,not specified
Backbenchers HQ By Cafetières,"Italian, North Indian, Modern Indian, Chinese, Beverages",1000,"sector 16, faridabad",4.2,493,4.0,137,https://www.zomato.com/ncr/backbenchers-hq-by-cafetières-sector-16-faridabad,"SCO 18, 1st Floor, Near Huda Market, Sector 16, Faridabad",+91 8068974637,28.40950959,77.32001647,not specified,not specified
Amrik Sukhdev,"North Indian, Chinese, South Indian, Street Food",400,"murthal, new delhi",4.2,1994,0.0,0,https://www.zomato.com/ncr/amrik-sukhdev-murthal-new-delhi,"52, 250 KM Stone, G.T Road, Murthal, Haryana",9.18608E+11,29.058679,77.063726,"aloo stuffed paratha, salted lassi, paneer samosa, imarti, aloo pyaz parantha, tandoori paratha","themed decor, good for large groups, table service, good quality good service, loved it, parking space"
Made In Punjab,"North Indian, Mughlai",1700,"cyber hub, dlf cyber city, gurgaon",4.2,2593,3.9,83,https://www.zomato.com/ncr/made-in-punjab-dlf-cyber-city,"6-7, Ground Floor, Cyber Hub, DLF Cyber City, Gurgaon",9.11245E+11,28.49498535,77.08877251,not specified,not specified
Imperfecto Ruin Pub,"Finger Food, Fast Food, North Indian, Asian, Italian, Beverages",2500,"logix city centre, sector 32, noida, noida",4.2,2585,0.0,1,https://www.zomato.com/ncr/imperfecto-ruin-pub-sector-34-noida,"Logix City Center Mall, Sector 32, Near Sector 34, Noida",9.19999E+11,28.574391,77.354226,not specified,not specified
Xpose Lounge,"North Indian, Chinese, Continental, Beverages",2000,"netaji subhash place, new delhi",4.2,847,3.8,116,https://www.zomato.com/ncr/xpose-lounge-netaji-subhash-place-new-delhi,"200 B, Netaji Subhash Place, New Delhi",9.19626E+11,28.69099706,77.15221278,not specified,not specified
Rose Cafe,"Coffee, Cafe, Continental, Mediterranean, Fast Food, Italian, Desserts, Beverages",1400,"lado sarai, new delhi",4.2,3318,3.9,46,https://www.zomato.com/ncr/rose-cafe-lado-sarai-new-delhi,"264, Ground Floor, Westend Marg, Saidullajab, Lado Sarai, New Delhi",9.1981E+11,28.517999,77.198256,"skinny pizza, eggless dessert, chicken tarts, belgium chocolate ice cream, herbed chicken, waffle sundae","chic decor, chic ambience, nice outdoor seating, vintage decor, lovely decor, pretty cafe"
OLLY - Olive's All Day Cafe & Bar,"Italian, Pizza, Mediterranean, European, Beverages, Desserts",2000,"cyber hub, dlf cyber city, gurgaon",4.2,724,3.7,663,https://www.zomato.com/ncr/olly-olives-all-day-cafe-bar-dlf-cyber-city,"Shop 101, 1st Floor, Cyber Hub, DLF Cyber City, Gurgaon",9.18131E+11,28.49458608,77.08833162,"chermoula chicken, sweet potato salad, chicken quesadilla, french toast, banoffee pie, lamb chops","calm, outdoor, good vibes, ambience was super cool, brunch, live music"
Te Amo,"Continental, North Indian, Mughlai, Finger Food, Beverages",1700,"ansal plaza mall, khel gaon marg, new delhi",4.2,337,0.0,7,https://www.zomato.com/ncr/te-amo-1-khel-gaon-marg-new-delhi,"BG 8, Ansal Plaza Mall, B Block, August Kranti Marg, Khel Gaon Marg, New Delhi",9.1114E+11,28.56266009,77.22475011,not specified,not specified
Civil Lines Wala,North Indian,350,"sector 15, gurgaon",4.2,631,3.9,32,https://www.zomato.com/ncr/civil-lines-wala-sector-15,"K 125, Old Judiciary Complex, Opposite Bank Of Baroda, Sector 15, Gurgaon",9.1991E+11,28.45780976,77.03449097,"kadhi chawal, rajma chawal, chole, thali, shahi paneer, dal","service and quality of food, bang for the buck, office crowd, inexpensive, great recommendations, prompt service"
Om Sweets & Snacks,"North Indian, South Indian, Fast Food, Mithai, Bakery, Chinese, Street Food, Beverages",400,"jail road, new delhi",4.2,2159,4.2,66500,https://www.zomato.com/ncr/om-sweets-snacks-jail-road-new-delhi,"GL-23, Hari Nagar, Jail Road, New Delhi",9.11146E+11,28.62780286,77.10032947,"tomato cheese sandwich, amritsari koolcha, crispy jalebi, malai ghewar, imarti, chana bhatura","chirpy crowd, drive through, not very crowded, cozy ambiance, inexpensive, family restaurant"
Raasta,"Italian, Fast Food, Pizza, Chinese, North Indian, Desserts",2500,"green park, new delhi",4.2,3483,3.8,31,https://www.zomato.com/ncr/raasta-1-green-park-new-delhi,"A-2/A, Floor 2, Aurobindo Marg, Green Park, New Delhi",9.11149E+11,28.55614883,77.20599342,not specified,not specified
The Terrace,"Chinese, North Indian, Mughlai",1000,"supertech shopprix mall, vaishali, ghaziabad",4.2,414,4.0,114,https://www.zomato.com/ncr/the-terrace-vaishali-ghaziabad,"5th Floor, Supertech Shopprix Mall, Vaishali, Ghaziabad",9.1991E+11,28.64282641,77.34092496,not specified,not specified
Lazeez Affaire,"North Indian, Mughlai",2600,"chanakyapuri, new delhi",4.2,1778,4.0,373,https://www.zomato.com/ncr/lazeez-affaire-chanakyapuri-new-delhi,"6/48, Malcha Marg Market, Chanakyapuri, New Delhi",9.19899E+11,28.60218984,77.18603846,not specified,not specified
Mama's Buoi,"North Indian, Continental, Italian, Chinese, Fast Food, Beverages",1000,"hudson lane, new delhi",4.2,2927,0.0,0,https://www.zomato.com/ncr/mamas-buoi-delhi-university-gtb-nagar,"2624, 1st Floor, 2nd Floor & 3rd Floor, Hudson Lane, Kingsway Camp, Delhi University-GTB Nagar, New Delhi",9.17065E+11,28.69302376,77.20535237,"peri peri fish tikka, signature pizza, mozzarella cheese sticks, death by chocolate, sizzling brownie, succulent chicken","chic decor, rooftop seating, rooftop cafe, live singing, roof top, sheesha"
Social Street Cafe,"Chinese, Fast Food, Pasta, Pizza, Burger, Desserts, Beverages",700,"champa gali, saket, new delhi",4.2,853,3.6,196,https://www.zomato.com/ncr/social-street-cafe-saket-new-delhi,"Khasra 258, Champa Gali, Lane 3, Westend Marg, Saidulajab, Saket, New Delhi",9.18701E+11,28.51758132,77.19952293,not specified,not specified
The Luggage Room Kitchen & Bar,"Italian, Chinese, Continental, Beverages",1300,"connaught place, new delhi",4.2,1999,0.0,0,https://www.zomato.com/TheLuggageRoom,"M-39, Outer Circle, Connaught Place, New Delhi",9.1882E+11,28.6331217,77.22281422,not specified,not specified
Radio Station,"Italian, Continental, Chinese, Finger Food, North Indian",1700,"kailash colony, new delhi",4.2,866,0.0,0,https://www.zomato.com/ncr/radio-station-kailash-colony-new-delhi,"HS-6, Kailash Colony Market, Kailash Colony, New Delhi",9.19872E+11,28.55272681,77.24199571,not specified,not specified
Café High 5,"Bar Food, North Indian, Chinese, Fast Food, Beverages",1600,"connaught place, new delhi",4.2,349,0.0,4,https://www.zomato.com/ncr/café-high-5-connaught-place-new-delhi,"G 68, 1st Floor, Outer Circle, Connaught Place, New Delhi",9.18851E+11,28.63219533,77.21642654,not specified,not specified
Band Baaja Baaraat,"North Indian, Chinese, Kebab",900,"rajouri garden, new delhi",4.2,1761,3.8,4126,https://www.zomato.com/ncr/band-baaja-baaraat-rajouri-garden-new-delhi,"A 6, Ground Floor, Vishal Enclave, Rajouri Garden, New Delhi",9.18811E+11,28.6478126,77.11936478,"vegetable corn soup, pan mojito, masala corn, salsa potatoes, rara gosht, palak patta chat","valet service, flowers, taste was awesome, amazing interior, live grill, reasonable cost"
Pikkle,"North Indian, Continental, Asian, Sushi",1800,"rajinder nagar, new delhi",4.2,850,0.0,7,https://www.zomato.com/ncr/pikkle-rajinder-nagar-new-delhi,"25B, 1st Floor, Pusa Road, Opposite Metro Pillar 117, Rajinder Nagar, New Delhi",9.199E+11,28.64309712,77.18571994,"boti chicken, salmon tikka, tempura prawns, haleem, ramen, sushi","live performances, comfortable seating area, outside seating, live band, service charge, live music"
Anglow,"Modern Indian, Finger Food, Continental, Beverages",2000,"khan market, new delhi",4.2,791,0.0,0,https://www.zomato.com/ncr/anglow-khan-market-new-delhi,"57, Khan Market, New Delhi",9.17065E+11,28.60027913,77.22719025,not specified,not specified
The Laalten,"North Indian, Chinese, Continental, Mexican",1600,"kamla nagar, new delhi",4.2,516,3.6,259,https://www.zomato.com/ncr/the-laalten-kamla-nagar-new-delhi,"2/11, 3rd & 4th Floor, Roop Nagar, Near Kamla Nagar, New Delhi",9.19811E+11,28.68205245,77.19907533,not specified,not specified
Punter House Cafe Reloaded,"North Indian, Continental, Mexican, Italian, Chinese",1200,"city centre mall, sector 12, dwarka, new delhi",4.2,1613,4.1,652,https://www.zomato.com/ncr/punter-house-cafe-reloaded-sector-12-dwarka-new-delhi,"102-106, 1st Floor, City Centre Mall, Sector 12, Dwarka",+91 8068974475,28.5927481,77.04137485,not specified,not specified
Baby Dragon Bar & Restaurant,"North Indian, Thai, Chinese, Continental, Beverages",1600,"sector 18, noida",4.2,842,3.9,1391,https://www.zomato.com/ncr/baby-dragon-bar-restaurant-sector-18-noida,"G-34, Gautam Buddha Nagar, Sector 18, Noida",9.18448E+11,28.56951309,77.32425135,not specified,not specified
Bansal Dhaba,North Indian,300,"sector 31, faridabad",4.2,672,0.0,0,https://www.zomato.com/ncr/bansal-dhaba-sector-31-faridabad,"Shop 36, HUDA Market, Sector 31, Faridabad",9.11294E+11,28.44614323,77.31700704,"desi vibes, pocket friendly, tasty food, prices, good food, quantity",not specified
PIND BALLUCHI,"North Indian, Mughlai, Kebab",1200,"indirapuram, ghaziabad",4.2,468,3.9,2104,https://www.zomato.com/ncr/pind-balluchi-1-indirapuram-ghaziabad,"Shop 379, 1st Floor, J Block, Indirapuram Habitat Center, Indirapuram, Ghaziabad",9.19711E+11,28.63991244,77.3686238,not specified,not specified
The Good Food Cafe,"Cafe, Healthy Food, Chinese, Fast Food, Continental, Italian, Desserts, Beverages",650,"pitampura, new delhi",4.2,793,3.9,5708,https://www.zomato.com/ncr/the-good-food-cafe-pitampura-new-delhi,"UG-1, Upper Ground, Vardhman Big V Plaza, Road 44, Pitampura, New Delhi",9.1999E+11,28.688305,77.135034,not specified,not specified
Nooshe Joon,"Afghan, Iranian, Awadhi, Beverages",1000,"lajpat nagar 2, new delhi",4.2,293,4.2,544,https://www.zomato.com/ncr/nooshe-joon-lajpat-nagar-2-new-delhi,"I-83, 1st Floor, Block I, Lajpat Nagar 2, New Delhi",9.2E+11,28.57025658,77.24451464,not specified,not specified
Pops Barbacoa,"North Indian, Continental, Asian, Chinese",2000,"sohna road, gurgaon",4.2,269,0.0,9,https://www.zomato.com/ncr/pops-barbacoa-sohna-road,"2nd Floor, M3M Cosmopolitan, Sector 66, Opposite Gold Estate, Sohna Road, Gurgaon",9.1999E+11,28.40197259,77.05945831,not specified,not specified
736 A.D.,"North Indian, Continental, Italian, Chinese",1400,"vijay nagar, new delhi",4.2,2116,3.7,67,https://www.zomato.com/ncr/736-a-d-vijay-nagar-new-delhi,"G-15/B, Vijay Nagar, New Delhi",9.2E+11,28.69426194,77.20369209,not specified,not specified
Veg Gulati,"North Indian, Kebab, Mughlai, Biryani, Beverages",1900,"pandara road market, new delhi",4.2,880,4.1,783,https://www.zomato.com/ncr/veg-gulati-pandara-road-new-delhi,"8, Pandara Road Market, New Delhi",9.11123E+11,28.60780727,77.22988386,not specified,not specified
Underdoggs,"Finger Food, North Indian, Asian, Mexican, Continental",2000,"aerocity, new delhi",4.2,319,0.0,6,https://www.zomato.com/ncr/underdoggs-aerocity-new-delhi,"WorldMark 2, Aerocity, New Delhi",9.19999E+11,28.551065,77.122672,not specified,not specified
Cremeborne,"Ice Cream, Desserts, Fast Food",500,"connaught place, new delhi",4.2,1446,3.8,1233,https://www.zomato.com/ncr/cremeborne-2-connaught-place-new-delhi,"57, Municipal Market, Connaught Circle, Connaught Place, New Delhi",9.1954E+11,28.6351045,77.22182348,not specified,not specified
Le Cantine,"European, Mediterranean, Italian, Desserts, Beverages",1000,"dlf promenade mall, vasant kunj, new delhi",4.2,477,4.2,714,https://www.zomato.com/ncr/le-cantine-vasant-kunj-new-delhi,"Shop 301 - 301 A, 2nd Floor, DLF Promenade Mall, Vasant Kunj, New Delhi",9.19319E+11,28.54224242,77.15595849,"warm chocolate pudding, chicken ala kiev, chicken croquettes, belgian chocolate, pesto pasta, mezze platter","themed decor, service is great, relaxed atmosphere, comfortable seating, fancy crowd, amazing staff"
Taco Bell,"Mexican, Fast Food, Wraps, Beverages",600,"epicuria food mall, nehru place, new delhi",4.2,1267,3.9,20500,https://www.zomato.com/ncr/taco-bell-nehru-place-new-delhi,"Epicuria Food Mall, Nehru Place, New Delhi",9.18449E+11,28.55139567,77.25190412,not specified,not specified
Rajasthali,Rajasthani,700,"connaught place, new delhi",4.2,483,4.3,431,https://www.zomato.com/ncr/rajasthali-connaught-place-new-delhi,"C-26, Middle Circle, Connaught Place, New Delhi",9.1965E+11,28.63495796,77.22035833,"mirch vada, dal panchmel, puran poli, churma, gatta curry, dhokla","comfortable seating area, relaxed atmosphere, serving size, good value, courteous staff, family crowd"
Kartoon Cafe,"Cafe, North Indian, Chinese, Continental, Desserts, Italian, Beverages",650,"janakpuri, new delhi",4.2,517,4.0,234,https://www.zomato.com/ncr/kartoon-cafe-janakpuri-new-delhi,"C-4F/246, Janakpuri, New Delhi",9.19874E+11,28.61800435,77.09226139,not specified,not specified
Jamie's Pizzeria By Jamie Oliver,"Pizza, Italian",1000,"ambience mall, dlf phase 3, gurgaon",4.2,2832,4.0,1707,https://www.zomato.com/ncr/jamies-pizzeria-by-jamie-oliver-dlf-phase-3,"3rd Floor, Ambience Mall, DLF Phase 3, Gurgaon",9.19599E+11,28.50421224,77.097084,not specified,not specified
CAD Tech Bar,"Finger Food, North Indian, Chinese, Fast Food",2500,"32nd avenue, nh8, gurgaon, gurgaon",4.2,1070,0.0,2,https://www.zomato.com/ncr/cad-tech-bar-sector-15,"32nd Avenue, NH 8, Part 2, Sector 15, Gurgoan",9.18882E+11,28.46201478,77.04941411,a tech savvy restaurant offering a unique dining experience with screens on tables giving it a futuristic feel,not specified
The Blue Parrot Cafe,"North Indian, Fast Food, Pasta, Italian, Pizza, Beverages, Coffee",1200,"kalkaji, new delhi",4.2,329,3.8,228,https://www.zomato.com/ncr/the-blue-parrot-cafe-kalkaji-new-delhi,"CC 26, 1st Floor, The Orion Plaza, Nehru Enclave, Kalkaji, New Delhi",9.199E+11,28.54715886,77.25381318,not specified,not specified
Three Tuns Cafe & Bar,"Continental, North Indian, Italian, Chinese",1400,"unity one mall, janakpuri, new delhi",4.2,1317,0.0,4,https://www.zomato.com/ncr/three-tuns-cafe-bar-janakpuri-new-delhi,"Unit 205, Second Floor, Janakpuri, New Delhi",9.18589E+11,28.62880521,77.07644206,not specified,not specified
Angithi,"North Indian, Chinese",1100,"mayur vihar phase 1, new delhi",4.2,902,3.9,4036,https://www.zomato.com/ncr/angithi-mayur-vihar-new-delhi,"D-33, Acharya Niketan, Near Kukreja Hospital, Mayur Vihar Phase 1, New Delhi",9.19311E+11,28.6091483,77.29509439,not specified,not specified
IHOP,"Cafe, American, Desserts, Beverages, Sandwich, Burger",1800,"cyber hub, dlf cyber city, gurgaon",4.2,2334,4.0,1358,https://www.zomato.com/ncr/ihop-dlf-cyber-city,"Ground Floor, Cyber Hub, DLF Cyber City, Gurgaon",9.11245E+11,28.49521077,77.08891366,not specified,not specified
Maharashtra Sadan,"Maharashtrian, North Indian",700,"india gate, new delhi",4.2,908,0.0,0,https://www.zomato.com/ncr/maharashtra-sadan-india-gate-new-delhi,"Behind Baroda House, Kasturbha Gandhi Marg, Near, India Gate, New Delhi",9.11123E+11,28.61800465,77.22902119,"chicken warhadi, matki usal, kolhapuri mutton, puran poli, missal pav, chicken kolhapuri","good for large groups, relaxed atmosphere, family place, parking, authenticity, breakfast"
The Ladakhi Kitchen,"Tibetan, Momos, Chinese",750,"supermart 1, dlf phase 4, gurgaon",4.2,863,4.0,4193,https://www.zomato.com/ncr/the-ladakhi-kitchen-dlf-phase-4,"A 218, Supermarket 1, DLF Phase 4, Gurgaon",9.19213E+11,28.46252204,77.0871729,"spicy momo, pork shapta, authentic tibetan food, tingmo, pork momo, wheat momo","rooftop ambience, cozy, cosy place, packed on weekends, family place, authentic food"
Café Pluck - Pullman New Delhi Aerocity,"Cafe, Italian, Street Food, North Indian, Desserts",3000,"pullman new delhi aerocity, aerocity, new delhi",4.2,400,3.1,44,https://www.zomato.com/ncr/café-pluck-pullman-new-delhi-aerocity-aerocity-new-delhi,"Asset 2, Hospitality District, Aerocity, New Delhi",9.19872E+11,28.553577,77.123161,not specified,not specified
Lha Kitchen,"Chinese, Nepalese, Tibetan",600,"safdarjung, new delhi",4.2,253,4.2,795,https://www.zomato.com/ncr/lha-kitchen-safdarjung-new-delhi,"168, 1st Floor, Humayunpur, Safdarjung Enclave, Near NCC Gate, Safdarjung, New Delhi",9.11141E+11,28.56140976,77.19397914,"aloo sadeko, thukpa noodles, chicken thali, pork ribs, chicken momo, momos","fusion dishes, gastronomical experience, cozy place, ample seating area, authenticity, fancy crowd"
Le Cirque - The Leela Palace,"French, Italian",5000,"the leela palace, chanakyapuri, new delhi",4.2,311,0.0,0,https://www.zomato.com/ncr/le-cirque-the-leela-palace-chanakyapuri-new-delhi,"The Leela Palace, Diplomatic Enclave, Chanakyapuri, New Delhi",9.11139E+11,28.57963823,77.18930539,"morel mushroom risotto, scallops, wine, cocktails, desserts","jazz music, relaxed atmosphere, view, waiter, great service, decor"
Lanterns Kitchen & Bar,"Fast Food, North Indian, Mughlai",1200,"rajendra place, new delhi",4.2,2142,3.8,16,https://www.zomato.com/ncr/lanterns-kitchen-bar-rajendra-place-new-delhi,"163-164, Rajendra Bhawan, Near Rachna Picture Hall, Rajendra Place, New Delhi",9.19015E+11,28.64313654,77.17790969,not specified,not specified
Branch Kitchen And Bar,"Asian, Italian, Burger, Sandwich, Sushi",1400,"south extension 2, new delhi",4.2,627,4.0,58,https://www.zomato.com/ncr/branch-kitchen-and-bar-south-extension-2-new-delhi,"E23, 3rd Floor, South Extension 2, New Delhi",9.2E+11,28.56840183,77.21990772,"mutton galouti kabab, margherita pizza, virgin mojito, thin crust pizza, mushrooms, mocktails","pretty cafe, couple friendly, beautiful cafe, serving staff, healthy options, ambience was super cool"
Gravity Spacebar,"Continental, North Indian, Chinese, Momos",1700,"sector 29, gurgaon",4.2,1495,0.0,1,https://www.zomato.com/ncr/gravity-spacebar-sector-29,"Plot 6 & 7, Sector 29, Gurgaon",9.19812E+11,28.46835235,77.06388731,not specified,not specified
The Creative Kitchen - Radisson Noida,"Continental, Chinese, North Indian",2800,"radisson, sector 55, noida, noida",4.2,501,0.0,0,https://www.zomato.com/ncr/the-creative-kitchen-radisson-noida-sector-55-noida,"C Block, Sector 55, Noida",9.19999E+11,28.60408551,77.35062283,not specified,not specified
Chateau De Pondichery,"Chettinad, French, South Indian, Tamil, Beverages",1700,"adchini, new delhi",4.2,731,3.9,97,https://www.zomato.com/ncr/chateau-de-pondichery-adchini-new-delhi,"84, Ground Floor, Aurobindo Marg, Opposite Hero Showroom, Adchini, New Delhi",9.19811E+11,28.5357137,77.19642833,"dessert crepe, chocolate ganache, churros, pepper chicken, filter coffee, prawn","overall the food was good, elegant decor, personal attention, calm, lovely ambience, bartender"
Electro - High Spirit Club,"Continental, Italian, North Indian",1400,"rajouri garden, new delhi",4.2,669,0.0,0,https://www.zomato.com/ncr/electro-high-spirit-club-rajouri-garden-new-delhi,"C 8, 2nd Floor, Vishal Enclave, Rajouri Garden, New Delhi",9.18589E+11,28.64711144,77.11805217,not specified,not specified
Shalom/Laidback Bar,"Continental, North Indian, Asian, Cafe, Pizza, Italian",2000,"dlf avenue, saket, new delhi",4.2,403,0.0,0,https://www.zomato.com/ncr/shalom-laidback-bar-saket-new-delhi,"Unit 11, 12, 13, 14, Plot D-1, Ground Floor, Salcon Ras Vilas Mall, District Centre, Saket, New Delhi",9.19999E+11,28.52767904,77.21729726,"mezze platter, hummus, chips, chilli chicken, drink, pizza","service by staff, amazing food and experience, calm, relaxed atmosphere, sheesha, family place"
Ching Singh,"Chinese, North Indian, Mughlai, Biryani, Seafood, Desserts",1600,"logix city centre, sector 32, noida, noida",4.2,719,3.8,1370,https://www.zomato.com/ncr/ching-singh-sector-31-noida,"2nd Floor, Logix City Centre Mall, Opposite PVR Gold, Sector 31, Noida",9.18587E+11,28.57438675,77.35381097,not specified,not specified
Kali Ghata,"North Indian, South Indian, Chinese, Fast Food, Mithai",500,"uttam nagar, new delhi",4.2,807,4.1,3460,https://www.zomato.com/ncr/kali-ghata-uttam-nagar-new-delhi,"Arya Samaj Road, Uttam Nagar, New Delhi",9.18881E+11,28.61979437,77.06054326,"dahi samosa, kaju katli, gajar halwa, rajkachori, golgappe, lassi","good for small groups, very clean place, spacious seating area, unique menu, good options, packed on weekends"
Baluchi - The Lalit New Delhi,"Mughlai, North Indian, South Indian, Kebab",4000,"the lalit new delhi, barakhamba road, new delhi",4.2,515,0.0,0,https://www.zomato.com/BaluchiNewDelhi,"Barakhamba Avenue, Barakhamba Road, New Delhi",9.18827E+11,28.63044702,77.22750507,"dal balluchi, pan kulfi, fish tikka, gulab jamun, breads, dessert","luxury, theme, hospitality, main course, decor, courteous staff"
Elma's Bakery & Kitchen,"Bakery, Italian, Continental, Beverages",1500,"hauz khas village, new delhi",4.2,2210,4.1,5449,https://www.zomato.com/ncr/elmas-bakery-kitchen-hauz-khas-village-new-delhi,"31, 2nd Floor, Hauz Khas Village, New Delhi",9.19711E+11,28.5543648,77.19497189,english style cafe with wide breakfast options and desserts,not specified
Haldiram's,"North Indian, South Indian, Fast Food, Mithai, Street Food, Bakery, Chinese",600,"lajpat nagar 3, new delhi",4.2,1365,4.1,8265,https://www.zomato.com/ncr/haldirams-lajpat-nagar-3-new-delhi,"45, Ring Road, Lajpat Nagar 3, New Delhi",9.11145E+11,28.56532973,77.23821882,"pista barfi, paneer cutlets, kesar kulfi faluda, delhi chaat, raj kachori, matar kulcha","drive through, economical, self service, casual seating area, serving staff, clean place"
Fateh Chand Kachori,Street Food,100,"civil lines, new delhi",4.2,289,4.3,3117,https://www.zomato.com/ncr/fateh-chand-kachori-civil-lines-new-delhi,"Opposite St. Xavier School, Civil Lines, New Delhi",9.1886E+11,28.6727017,77.2224822,"customizations available, elegantly decorated, drive through, economical, not very crowded, pocket friendly",not specified
Helix - The Celestial Kitchen,"Chinese, Asian, Continental, North Indian, Beverages",1600,"elements one mall, sector 49, gurgaon",4.2,344,3.9,29,https://www.zomato.com/ncr/helix-the-celestial-kitchen-south-city-2-gurgaon,"Element One Mall, South City 2, Gurgaon",9.196E+11,28.42012688,77.05067307,"shrimp cocktail, chips, drink, beer, pasta, paneer tikka","comfortable lounge atmosphere, casual dress code, fairly priced beers, live music, cool place, bar"
TCRC - The Club Road Cafe,"Chinese, Mughlai, North Indian, Beverages, Continental",1400,"punjabi bagh, new delhi",4.2,1461,3.6,42,https://www.zomato.com/ncr/tcrc-the-club-road-cafe-punjabi-bagh-new-delhi,"3rd Floor, NWA, Club Road, Punjabi Bagh, New Delhi",9.1744E+11,28.66631437,77.12632176,not specified,not specified
Food Exchange - Novotel New Delhi Aerocity,"North Indian, Continental, European, Desserts, Beverages, Asian",3000,"novotel new delhi aerocity, aerocity, new delhi",4.2,523,0.0,3,https://www.zomato.com/ncr/food-exchange-novotel-new-delhi-aerocity-aerocity-new-delhi,"Near IGI Airport, Asset 2, GMR Hospitality District, Aerocity, New Delhi",9.19872E+11,28.5537344,77.1232131,not specified,not specified
The Tummy Section,"Fast Food, Chinese",350,"jail road, new delhi",4.2,1765,4.1,15800,https://www.zomato.com/ncr/the-tummy-section-jail-road-new-delhi,"WZ-303, Plot GL-15, Hari Nagar, Jail Road, New Delhi",9.19871E+11,28.62928018,77.09973972,"garlic sauce momo, creamy chicken lollipops, chicken shawarama, crispy momos, shawarma rolls, gravy momo","not very crowded, best outlets, inexpensive, pocket friendly, seating arrangements, great recommendations"
Chacha Gyan Ka Dhaba,North Indian,500,"nit, faridabad",4.2,445,0.0,0,https://www.zomato.com/ncr/chacha-gyan-ka-dhaba-nit-faridabad,"1890, Fawda Chowk, Shaheed Bhagat Singh Marg, New Industrial Township 1, NIT, Faridabad",9.2E+11,28.38286951,77.30447475,"office crowd, cute little place, good crowd, good delivery, low price, reasonable prices",not specified
Pandit Ji Parantha Hut,"North Indian, Beverages",250,"ashok vihar phase 2, new delhi",4.2,1793,4.1,83200,https://www.zomato.com/ncr/pandit-ji-parantha-hut-ashok-vihar-phase-2-new-delhi,"10, Community Centre, Ashok Vihar Phase 2, New Delhi",9.17982E+11,28.6989632,77.1838455,not specified,not specified
Spize Barbeque & Bar,"North Indian, Chinese, BBQ, Mughlai, Beverages",1900,"sector 63, noida",4.2,1283,3.7,246,https://www.zomato.com/ncr/spize-barbeque-bar-sector-63-noida,"Plot 26, H 1A, Sector 63, Noida",9.19211E+11,28.62734171,77.37548724,not specified,not specified
Big Boyz Lounge Air Bar,"Bar Food, North Indian, Chinese, Fast Food, Desserts, Beverages",1800,"sector 29, gurgaon",4.2,1310,0.0,0,https://www.zomato.com/ncr/big-boyz-lounge-air-bar-sector-29,"4th & 5th Floor, Plot 13, 14, 15, Sector 29, Gurgaon",9.19712E+11,28.47008125,77.06294283,"tandoori chicken tikka, paneer tikka pizza, sangria, cocktail, tawa chicken, peri peri fries","music and ambience, no cover charge, awesome dj, dance floor, authentic, affordable"
Latest Recipe -  Le Meridien Gurgaon,"North Indian, Asian, Italian, European, Mediterranean, Salad, Desserts, Beverages",3000,"le meridien gurgaon, mg road, gurgaon",4.2,540,3.4,45,https://www.zomato.com/ncr/latest-recipe-le-meridien-gurgaon-mg-road,"Le Meridien Gurgaon, Delhi Border, Sector 26, MG Road, Gurgaon",9.11245E+11,28.48124238,77.10874256,not specified,not specified
Prem Dhaba,"North Indian, Mughlai",600,"karol bagh, new delhi",4.2,923,4.1,1500,https://www.zomato.com/ncr/prem-dhaba-karol-bagh-new-delhi,"11139, East Park Road, Opposite JD Titler School, Karol Bagh, New Delhi",9.11124E+11,28.65499163,77.20029138,"butter chicken and naan, chicken tenders, masala chaap, tawa chicken, afghani chicken, daal makhni","very cheap, desi vibes, pocket friendly, family crowd, tamper proof packaging, reasonable price"
Rewari Sweets,"Mithai, Street Food",150,"sadar bazar, gurgaon",4.2,566,0.0,0,https://www.zomato.com/ncr/rewari-sweets-sadar-bazar,"Near Post Office, Sadar Bazar, Gurgaon",9.199E+11,28.46198943,77.03055784,"chatpata chaats, paneer jalebi, thali options, gujiya, rasmalai, lassi","huge vegetarian menu, parking space available, comfortable chairs, hygienic place, family crowd, best place"
Delectable Cafe,"Continental, Mediterranean, Salad, Italian, Lebanese, Seafood",1600,"baani square, sector 50, gurgaon",4.2,417,4.1,1234,https://www.zomato.com/bon-bon-box-patisserie,"F-55, 1st Floor, Baani Square, Sector 50, Gurgaon",9.19871E+11,28.42542201,77.05706913,not specified,not specified
Culinary Blend,"Mexican, Chinese, Italian, Beverages",1200,"baani square, sector 50, gurgaon",4.2,426,4.1,318,https://www.zomato.com/ncr/culinary-blend-sector-50,"G 102, Ground Floor, Baani Square, Sector 50, Gurgaon",9.19871E+11,28.42540609,77.05710031,not specified,not specified
The Smoke Factory,"North Indian, Fast Food, Chinese, Beverages, Kebab, Mughlai",1500,"gardens galleria, sector 38 noida, noida",4.2,1104,0.0,1,https://www.zomato.com/ncr/the-smoke-factory-sector-38-noida,"Gardens Galleria Mall, Sector 38, Noida",9.18448E+11,28.56489687,77.32191447,not specified,not specified
#TYM Cafe & Restaurant,"Cafe, Continental, Chinese, North Indian, Healthy Food, Italian, Pizza",800,"raj nagar, ghaziabad",4.2,550,3.7,1052,https://www.zomato.com/ncr/tym-cafe-restaurant-raj-nagar-ghaziabad,"C 18, Ground Floor, RDC, Raj Nagar, Ghaziabad",9.18801E+11,28.67500058,77.44340982,not specified,not specified
Cafe G - Crowne Plaza,"North Indian, Continental, Chinese",3500,"crowne plaza, sector 29, gurgaon",4.2,373,3.7,30,https://www.zomato.com/ncr/cafe-g-crowne-plaza-sector-29,"Crowne Plaza, National Highway 8, Sector 29, Gurgaon",9.1886E+11,28.46806675,77.06039306,not specified,not specified
Judge & Jury,"North Indian, Chinese, Continental, Italian",1500,"hudson lane, new delhi",4.2,1051,3.4,243,https://www.zomato.com/ncr/judge-jury-vijay-nagar-new-delhi,"H-8, Hudson Lane, Vijay Nagar, New Delhi",9.19626E+11,28.69309435,77.20486186,not specified,not specified
Italiano,"Pizza, Italian, Desserts, Beverages",1100,"cyber hub, dlf cyber city, gurgaon",4.2,1654,3.6,438,https://www.zomato.com/ncr/italiano-dlf-cyber-city,"Shop 109, First Floor, DLF Cyber Hub, DLF Cyber City, Gurgaon",9.1991E+11,28.4949887,77.0877337,not specified,not specified
21 Shots - The MRP Bar,"Chinese, Continental, North Indian, Italian",1700,"sector 29, gurgaon",4.2,852,3.5,104,https://www.zomato.com/ncr/21-shots-the-mrp-bar-sector-29,"Plot 11-12, 1st Floor, Sector 29, Gurgaon",9.19599E+11,28.46956282,77.06307258,not specified,not specified
Gulab,"Mithai, North Indian, South Indian, Street Food, Fast Food, Chinese",600,"pitampura, new delhi",4.2,1547,4.1,46300,https://www.zomato.com/ncr/gulab-pitampura-new-delhi,"5, Main Road, Pitampura, New Delhi",9.17983E+11,28.69984709,77.13724673,easy on the pocket indian sweets along with a good variety of street food,not specified
"Cafe Dakia-Pizza,Pasta & More","Cafe, Fast Food, Panini, Pasta, Pizza, Italian, Beverages",600,"sushant lok, gurgaon",4.2,202,4.0,907,https://www.zomato.com/ncr/cafe-dakia-pizzapasta-more-sushant-lok,"ROF Portico 1, Vyapar Kendra Road, Sushant Lok, Gurgaon",9.18882E+11,28.4529348,77.0824381,"baked macaroni, peri peri paneer, brown rice, paneer tikka pizza, cheesecake, burger","impressive decor, quiet place, best prices, yummy dishes, fastest delivery, great atmosphere"
Seasonal Tastes - The Westin Gurgaon,"North Indian, Asian, Japanese, Thai, Sushi, Desserts",3400,"the westin gurgaon, sector 29, gurgaon",4.2,828,3.6,140,https://www.zomato.com/ncr/seasonal-tastes-the-westin-gurgaon-sector-29,"1, The Westin Hotel, Sector 29, Gurgaon",9.17838E+11,28.47775279,77.07099482,not specified,not specified
NutrioBox,"Continental, Fast Food, Healthy Food, Desserts, Beverages",600,"prashant vihar, new delhi",4.2,659,4.1,7918,https://www.zomato.com/ncr/nutriobox-prashant-vihar-new-delhi,"23, Fun City Mall, PVR Prashant Vihar Road, Sector 14, Prashant Vihar, New Delhi",9.19556E+11,28.71229003,77.13594418,"exotic fruit bowl, stuffed chicken breast, meal box, carrot cake, bbq chicken, omelette","quantity and quality of food, healthy options, casual seating area, economical, healthy food, more variety"
Al Jawahar,"Mughlai, North Indian",500,"jama masjid, new delhi",4.2,3234,3.8,523,https://www.zomato.com/ncr/al-jawahar-jama-masjid-new-delhi,"8, Opposite Gate 1, Matia Mahal Road, Jama Masjid, New Delhi",9.11123E+11,28.646616,77.240158,"chicken bihari, roti boti roll, kaleji gurda, sheer maal, badam pasanda, mutton quorma","gastronomical experience, loved it, themed decor, clean place, relaxed atmosphere, authenticity"
RP's Restaurant,"Mughlai, North Indian, South Indian, Fast Food, Chinese, Rolls",700,"malviya nagar, new delhi",4.2,1688,3.9,35600,https://www.zomato.com/ncr/rps-restaurant-malviya-nagar-new-delhi,"50-D, Savitri Nagar, Main Road, Malviya Nagar, New Delhi",9.19655E+11,28.54053649,77.21836712,"kashmiri aloo, soyabean chaap, hariyali chicken, ginger chicken, vegetable uttapam, deluxe veg thali","gastronomical experience, themed decor, fastest delivery, good menu, family restaurant, packed on weekends"
Chinese Panda,Chinese,1500,"sector 29, gurgaon",4.2,1023,4.0,4083,https://www.zomato.com/ncr/chinese-panda-sector-29,"SCO 33, Ground Floor, Main Market, Sector 29, Gurgaon",9.11244E+11,28.4682002,77.0622831,"pepper chicken wing, prawn manchurian, spicy fish, vegetable hakka noodles, dimsum platter, pepper prawns","good pricing, nice atmosphere, comfortable seating area, friendly service, family place, chinese"
Prego - The Westin Gurgaon,Italian,4000,"the westin gurgaon, sector 29, gurgaon",4.2,729,0.0,0,https://www.zomato.com/ncr/prego-the-westin-gurgaon-sector-29,"The Westin Gurgaon, 1, Sector 29, Gurgaon",9.17838E+11,28.47775191,77.0709965,california-influenced preparations and an extensive wine list,not specified
Shekaza - Since 1992,"North Indian, Mughlai, Chinese, Biryani, Thai",800,"chittaranjan park, new delhi",4.2,596,4.3,3446,https://www.zomato.com/ncr/shekaza-since-1992-chittaranjan-park-new-delhi,"19/6, EPDP Road, Opposite K Pocket, Chittaranjan Park, New Delhi",9.11126E+11,28.5396794,77.25252807,not specified,not specified
Nagaland's Kitchen,"Chinese, Thai, Seafood, Naga",1500,"green park, new delhi",4.2,1167,4.3,2903,https://www.zomato.com/ncr/nagalands-kitchen-green-park-new-delhi,"S-2, Uphaar Cinema Complex, Green Park Extension Market, Green Park, New Delhi",9.19311E+11,28.55768134,77.20576879,"bamboo shoot pork, naga thali, pork thali, meat curry, ribs, chicken dimsums","excellent variety, authentic, live band, ample seating area, cosy place, courteous service"
Dhaba At Atta,"North Indian, Chinese, Kebab, Desserts, Beverages",1000,"sector 18, noida",4.2,970,4.1,894,https://www.zomato.com/dhabaatatta,"G-56, 1st Floor, Sector 18, Noida",9.1956E+11,28.56923454,77.32427415,not specified,not specified
Momo's Point,"Chinese, Fast Food",500,"kamla nagar, new delhi",4.2,1669,4.1,4655,https://www.zomato.com/ncr/momos-point-kamla-nagar-new-delhi,"27 UB, Jawahar Nagar, Kamla Nagar, New Delhi",9.11124E+11,28.680635,77.20710017,"veg masala momos, crispy honey potatoes, juicy chicken drumsticks, thai noodles, chicken meal, chicken fried momos","elegantly decorated, bang for the buck, casual seating area, not very crowded, servings, great recommendations"
Walk In The Woods,"North Indian, Mughlai, Chinese",1300,"vaishali, ghaziabad",4.2,1309,4.3,1718,https://www.zomato.com/ncr/walk-in-the-woods-vaishali-ghaziabad,"12 - 14, Gaur Gravity, Near SBI, Vaishali, Ghaziabad",9.19556E+11,28.64645205,77.33996339,"honey potato, boneless chicken, rara chicken, sizzler, sweet corn soup, mocktail","themed decor, staff behavior, ample seating area, theme, family restaurant, family place"
The Whisky Bar & Brewpub,"North Indian, Fast Food, Italian",2000,"sector 29, gurgaon",4.2,479,0.0,7,https://www.zomato.com/ncr/the-whisky-bar-brewpub-sector-29,"SCO 53, 3rd Floor, Sector 29, Gurgaon",9.19999E+11,28.46814427,77.06402175,not specified,not specified
Smelling Salts,"North Indian, Chinese, Fast Food, Mughlai, Beverages",1200,"ashok vihar phase 2, new delhi",4.2,499,4.2,236,https://www.zomato.com/ncr/smelling-salts-ashok-vihar-phase-2-new-delhi,"C-2/13, Ashok Vihar Phase 2, New Delhi",9.11148E+11,28.69535835,77.17155587,not specified,not specified
Zaika-E-Dilli,"North Indian, Chinese, South Indian, Fast Food",400,"shahdara, new delhi",4.2,1656,3.8,43500,https://www.zomato.com/ncr/zaika-e-dilli-shahdara-new-delhi,"C-9/17, Yamuna Vihar, Shahdara, New Delhi",9.19557E+11,28.70018117,77.27200024,"stuffed chaap, paneer tika, mushroom masala, malai chaap roll, paneer naan, deluxe thali","comfortable seating area, relaxed atmosphere, themed decor, quality of food, family place, packed on weekends"
Cafe Culture,"Cafe, Italian, Continental, Beverages",1000,"greater kailash 1 (gk1), new delhi",4.2,429,4.3,106,https://www.zomato.com/ncr/cafe-culture-greater-kailash-gk-1-new-delhi,"M 33, Greater Kailash (GK) 1, New Delhi",9.11149E+11,28.54962628,77.23650657,"mint drink, berry smoothie, mezze platter, tiramisu, coffees, salads","romantic seating, brunch, good options, vibe, cafe, decor"
Maini's Green Leaf,"North Indian, Chinese",900,"kaushambi, ghaziabad",4.2,675,4.2,3378,https://www.zomato.com/ncr/mainis-green-leaf-kaushambi-ghaziabad,"3, Ground Floor, Near Kaushambi Metro Station, Kaushambi, Ghaziabad",9.11203E+11,28.6453569,77.32411757,"dahi ke sholey, sizzlers, tomato soup, malai kofta, soups, paneer lababdar","pure veg, good for large groups, relaxed atmosphere, nice decor, family restaurant, staff service"
Momo King,"Momos, Chinese, Tibetan, Fast Food, Malaysian, Nepalese, Thai",400,"sushant lok, gurgaon",4.2,423,3.9,7776,https://www.zomato.com/ncr/momo-king-sushant-lok,"Shop 29, Bestech Chambers, Block B, Sushant Lok, Gurgaon",9.11244E+11,28.46140935,77.07835313,not specified,not specified
Abdul Ghani Qureshi Kabab Corner,"Kebab, North Indian, Biryani, Fast Food",100,"jama masjid, new delhi",4.2,341,4.1,828,https://www.zomato.com/ncr/abdul-ghani-qureshi-kabab-corner-jama-masjid-new-delhi,"Urdu Bazar, Opposite Gate 1, Jama Masjid, New Delhi",9.19717E+11,28.64978717,77.23491199,"unlimited refills, office crowd, elegantly decorated, waiting time, inexpensive, good portions",not specified
Pling - Pullman New Delhi Aerocity,"Bar Food, North Indian, Continental",2700,"pullman new delhi aerocity, aerocity, new delhi",4.2,264,0.0,0,https://www.zomato.com/ncr/pling-pullman-new-delhi-aerocity-aerocity-new-delhi,"Pullman New Delhi Aerocity, Asset 2, Hospitality District, Aerocity, New Delhi",9.19872E+11,28.5546186,77.1240222,not specified,not specified
Jughead's Fast Food Corner,"Chinese, Fast Food, North Indian",500,"uday park, new delhi",4.2,857,4.1,5339,https://www.zomato.com/ncr/jugheads-fast-food-corner-uday-park-new-delhi,"1 And 3, Main Market, Uday Park, New Delhi",9.1991E+11,28.5604854,77.2179746,"butter chicken pizza, honey chilli potatoes, chilli paneer, pizzas, burgers, shahi paneer","pocket friendly, inexpensive, great recommendations, fast delivery, polite staff, portions"
Khidmat,"North Indian, Mughlai, Chinese, Beverages",800,"sector 50, noida",4.2,819,4.1,9472,https://www.zomato.com/ncr/khidmat-sector-50-noida,"Shop B-1/56, Sector 50, Noida",9.19999E+11,28.57009681,77.36264401,not specified,not specified
Flavors Of Chennai,South Indian,700,"malviya nagar, new delhi",4.2,820,4.2,19500,https://www.zomato.com/flavorsofchennai,"6, Corner Market, Near Hanuman Temple, Malviya Nagar, New Delhi",9.11141E+11,28.53898577,77.21354216,not specified,not specified
Symposium,"North Indian, Chinese, Italian, European, Beverages, Mughlai",1600,"city centre mall, sector 12, dwarka, new delhi",4.2,604,4.3,465,https://www.zomato.com/ncr/symposium-1-sector-12-dwarka-new-delhi,"101, 1st Floor, City Centre Mall, Sector 12, Dwarka, New Delhi",9.11128E+11,28.59264801,77.04117369,not specified,not specified
Kishu Di Hatti Sweets,Mithai,150,"sector 7, gurgaon",4.2,343,0.0,0,https://www.zomato.com/ncr/kishu-di-hatti-sweets-sector-7,"53 L, New Colony Market, Sector 7, Gurgaon",9.19811E+11,28.4656272,77.01649737,not specified,not specified
Wok In The Clouds,"Chinese, Thai, Continental, North Indian, Beverages",2000,"khan market, new delhi",4.2,1136,4.2,490,https://www.zomato.com/ncr/wok-in-the-clouds-khan-market-new-delhi,"Shop 52, Khan Market, New Delhi",9.1981E+11,28.60041454,77.22754162,"chicken triangles, mango sangria, kulfi platter, buffalo chicken wings, sizzling brownie, pad thai noodles","wooden interiors, courteous service, new menu, serving size, sheesha, band"
Bella Cucina - Le Meridien Gurgaon,Italian,3000,"le meridien gurgaon, mg road, gurgaon",4.2,176,0.0,0,https://www.zomato.com/ncr/bella-cucina-le-meridien-gurgaon-mg-road,"Le Meridien Gurgaon, Gurgaon-Delhi Border, Sector 26, MG Road, Gurgaon",9.11245E+11,28.48119523,77.10874356,not specified,not specified
The Artful Baker,"Bakery, Desserts, Beverages, Fast Food",500,"khan market, new delhi",4.2,398,4.3,391,https://www.zomato.com/ncr/the-artful-baker-khan-market-new-delhi,"Shop 13 B, Khan Market, New Delhi",9.11144E+11,28.59969423,77.22668163,"cheese croissant, chocolate muffin, macaroons, latte, hot chocolate, pastries","pretty decor, seat, courteous staff, chef, amazing place, owner"
Kaffiiaa - The Italian Kitchen,"Bakery, Italian, Pizza, Momos, Continental, Fast Food, Desserts, Beverages",1000,"sector 18, noida",4.2,381,3.7,921,https://www.zomato.com/kaffiiaacafe,"G 50, Sixth Floor, Near Malabar Jewellers, Sector 18, Noida",9.1801E+11,28.56981932,77.32445687,"moroccan pizza, arabic platter, classic margherita pizza, peri peri pizza, lasagna, chicken pizza","romantic seating, reasonable rate, best services, great packaging, parking, affordable prices"
Bhaja Govindam,"North Indian, South Indian, Fast Food",500,"asaf ali road, new delhi",4.2,420,4.3,554,https://www.zomato.com/ncr/bhaja-govindam-asaf-ali-road-new-delhi,"4/1, Ground Floor, Delite Theatre Building, Asaf Ali Road, New Delhi",9.19644E+11,28.6412582,77.2360077,"kaju korma, mysore masala dosa, tomato soup, special thali, sambhar, chutneys","cozy ambiance, cute little place, family restaurant, polite staff, prompt service, interior"
Cafe Grub Up,"Cafe, Fast Food, Chinese, Seafood, Desserts, Beverages",1000,"sector 15, faridabad",4.2,611,4.0,571,https://www.zomato.com/ncr/cafe-grub-up-sector-15-faridabad,"SCF 43, 2nd Floor, Main Market, Sector 15, Faridabad",9.18589E+11,28.395237,77.32353486,not specified,not specified
Bottles And Barrels,"North Indian, Asian, Italian, Momos",1900,"sector 30, gurgaon",4.2,668,3.5,33,https://www.zomato.com/ncr/bottles-and-barrels-sector-30,"2nd Floor, Star Tower, Exit 8, NH 8, Sector 30, Gurgaon",011 66103925,28.46067188,77.05218282,not specified,not specified
Haji Shabrati Nihari Wale,Mughlai,200,"jama masjid, new delhi",4.2,402,0.0,0,https://www.zomato.com/ncr/haji-shabrati-nihari-wale-jama-masjid-new-delhi,"Shop 722, Haveli Azam Khan, Chitli Qabar, Jama Masjid, New Delhi",9.1981E+11,28.64682485,77.23449055,"breakfast, yummy food, preparation, hygiene, owner, spicy",not specified
Flavours Of Chakhna,"North Indian, Mughlai, Chinese, Biryani",500,"amrapali leisure valley, greater noida",4.2,229,3.9,3433,https://www.zomato.com/ncr/flavours-of-chakhna-amrapali-leisure-valley-greater-noida,"Shop 23, Ground Floor, Icon Leisure Valley, Amrapali Leisure Valley, Greater Noida",9.19712E+11,28.58693939,77.43785933,not specified,not specified
Mystery Of Food,"North Indian, Chinese, Mughlai, Italian",2200,"indirapuram, ghaziabad",4.2,1072,3.9,1667,https://www.zomato.com/ncr/mystery-of-food-indirapuram-ghaziabad,"Eros Market Place, Shakti Khand 2, Indirapuram, Ghaziabad",9.19718E+11,28.64711703,77.37470068,not specified,not specified
Biryani Blues,"Biryani, Kebab",700,"supermart 1, dlf phase 4, gurgaon",4.2,2252,4.1,24300,https://www.zomato.com/ncr/biryani-blues-dlf-phase-4,"B 202, 203, Supermart 1, DLF Phase 4, Gurgaon",9.18011E+11,28.462046,77.087315,not specified,not specified
Prem Di Hatti,"North Indian, Street Food",200,"rajouri garden, new delhi",4.2,1004,4.1,18600,https://www.zomato.com/ncr/prem-di-hatti-rajouri-garden-new-delhi,"J-1/162, Opposite City Square Mall, Rajouri Garden, New Delhi",9.19312E+11,28.64820275,77.12135162,"chur chur naan thali, chola bhatura, lassi, rajma chawal, rajma rice, soya chaap","very cheap, great seating capacity, desi vibes, pocket friendly, parking space, breakfast"
Ghalib Kabab Corner,"North Indian, Mughlai, Kebab, Desserts, Beverages",400,"nizamuddin, new delhi",4.2,464,3.6,40,https://www.zomato.com/ncr/ghalib-kabab-corner-nizamuddin-new-delhi,"Shop 57, Ghalib Road, Near Lal Mahal, Nizamuddin, New Delhi",9.19811E+11,28.5921396,77.24254791,"beef kebabs, seekh kebabs, kababs, phirni, chicken tikka, mutton","economical, prompt service, polite staff, owner, flavour, best place"
Keralicious,"South Indian, Kerala",300,"supermart 1, dlf phase 4, gurgaon",4.2,259,3.9,2973,https://www.zomato.com/ncr/keralicious-1-dlf-phase-4,"B 211, Supermart 1, DLF Phase 4, Gurgaon",9.199E+11,28.46223407,77.08731506,"dosa chicken curry, kothu parotta, veg uttapam, appam, veg korma, filtered coffee","bang for the buck, inexpensive, south indian food, authentic taste, great recommendations, breakfast"
Depot48,"North Indian, Street Food, Modern Indian, Bengali, Desserts, Beverages",1800,"m block market, greater kailash 2 (gk2), new delhi",4.2,358,4.3,132,https://www.zomato.com/ncr/depot48-greater-kailash-gk-2-new-delhi,"M 9, First -Second Floor, M Block Market, Greater Kailash 2 (GK 2), New Delhi",9.19717E+11,28.53417822,77.24307463,"guacamole, quesadilla, waffles, tacos, salsa, cocktails",not specified
Downtown Kitchen & Bar - Courtyard by Marriott,"North Indian, Fast Food, Continental, Italian, Desserts, Beverages",3500,"courtyard by marriott, sushant lok, gurgaon",4.2,535,3.8,77,https://www.zomato.com/ncr/downtown-kitchen-bar-courtyard-by-marriott-sushant-lok,"Plot 27 B, Sushant Lok 1, Near Sushant Lok, Gurgaon",9.11245E+11,28.46040512,77.08033696,not specified,not specified
Udupi Krishna,"South Indian, North Indian, Chinese, Beverages",400,"kamla nagar, new delhi",4.2,584,4.3,2194,https://www.zomato.com/ncr/udupi-krishna-kamla-nagar-new-delhi,"F 45, Kohlapur Road, Kamla Nagar, New Delhi",9.19718E+11,28.67925782,77.203793,"paper plain dosa, matar mushroom, dahi vada, mysore masala dosa, filter coffee, sambar","casual seating area, nice crowd, family restaurant, south indian food, low price, chinese"
Jamavar - The Leela Palace,"North Indian, Mughlai",4000,"the leela palace, chanakyapuri, new delhi",4.2,351,0.0,0,https://www.zomato.com/ncr/jamavar-the-leela-palace-chanakyapuri-new-delhi,"The Leela Palace, Diplomatic Enclave, Chanakyapuri, New Delhi",9.11139E+11,28.57964176,77.18930505,"amazing ambience, decor, interior, mood, great service, great ambience",not specified
Rajan Corner,"South Indian, Chinese",350,"moti nagar, new delhi",4.2,377,0.0,0,https://www.zomato.com/ncr/rajan-corner-moti-nagar-new-delhi,"6/25, Moti Nagar, New Delhi",9.1965E+11,28.65888664,77.14141991,"economical, good crowd, great ambiance, prompt service, amazing food, best place",not specified
Cake Castle,"Bakery, Desserts, Fast Food",500,"sector 83, gurgaon",4.2,314,4.3,934,https://www.zomato.com/ncr/cake-castle-sector-83,"A 24, Vatika Town Square, Sector 82 A, Near Sector 83, Gurgaon",9.11245E+11,28.38914547,76.96840201,"coffee and doughnuts, melted chocolate, birthday cakes, wonderful cake, yummy cake, pancakes","goodie baskets, good for dessert, coffee date, pretty decor, packed on weekends, food presentation"
Pepper Pot - The Terrace Café,"Cafe, Chinese, North Indian",800,"sector 56, gurgaon",4.2,795,3.8,4083,https://www.zomato.com/ncr/pepper-pot-the-terrace-caf-sector-56,"Shop 40, District Commercial Center, Near Grace N Glamour, Harish Market, Sector 56, Gurgaon",9.2E+11,28.42822339,77.09951375,not specified,not specified
Goosebumps,"Ice Cream, Desserts, Beverages",400,"karkardooma, new delhi",4.2,966,4.2,2123,https://www.zomato.com/ncr/goosebumps-karkardooma-new-delhi,"House 1, Dayanand Vihar, Opposite HOD, Karkardooma, New Delhi",9.1999E+11,28.64687634,77.30188943,"nutella ice cream, coffee hazelnut, choco fudge, waffle cone, ice creams, icecream","great fragrance, totally worth it, table service, rooftop ambience, new menu, pocket friendly"
Oasis - Vivanta by Taj,"Continental, North Indian, Asian, Italian",2500,"vivanta by taj, suraj kund, faridabad",4.2,554,0.0,0,https://www.zomato.com/ncr/oasis-vivanta-taj-suraj-kund-faridabad,"Vivanta by Taj, Shooting Range Road, Suraj Kund, Faridabad",9.11297E+11,28.48927645,77.28529695,"get a complimentary night, earn up to 50% of spends as points at 250+ restaurants & much more. know more",not specified
Punjabi Zaika,"North Indian, Chinese, Mughlai, Biryani, Rolls",400,"ballabhgarh, faridabad",4.2,432,3.8,6708,https://www.zomato.com/ncr/punjabi-zaika-1-ballabhgarh-faridabad,"Plot 1, Tigaon Road, Ballabhgarh, Faridabad",9.19599E+11,28.34026216,77.32224237,"paneer malai kofta, hari mirch parantha, spicy chicken, afghani chaap, tandoori chaap, chicken rara","great recommendations, takeaway, spill proof packaging, polite staff, hygiene, wonderful presentation"
Los Amigo's Cafe,"Coffee, Healthy Food, Desserts, Fast Food, Beverages, Chinese, American, Italian",600,"sector 31, gurgaon",4.2,195,4.1,503,https://www.zomato.com/ncr/los-amigos-cafe-sector-31,"Shop 57, Ground & Basement, Huda Market, Sector 31, Gurgaon",9.18882E+11,28.45401342,77.05143213,"peri peri pizza, paneer tikka pizza, grilled fish, peri fries, hot chocolate, waffles","variety of pizza, customizable dishes, outdoor seating, weekend brunch, seating area, good music"
Hornbill,"Naga, Chinese",450,"safdarjung, new delhi",4.2,668,4.2,5736,https://www.zomato.com/ncr/hornbill-safdarjung-new-delhi,"Basement, 104/A, Near NCC Gate, Safdarjung, New Delhi",9.19811E+11,28.56078841,77.19269972,"chicken liver fry, smoked pork curry, bamboo shoot pork, fish thali, ribs, chutneys","free wifi, cozy place, chef, portion size, family crowd, interior"
Swagath,"North Indian, Chinese, South Indian, Seafood",2000,"defence colony main market, defence colony, new delhi",4.2,1097,3.8,59,https://www.zomato.com/ncr/swagath-defence-colony-new-delhi,"Shop 13 - 14, Defence Colony Market, Near Defence Colony, New Delhi",9.11124E+11,28.57342246,77.2300924,"crab butter, prawn koliwada, neer dosa, chettinad chicken, appam, jumbo prawns","family restaurant, family place, authenticity, comfortable seating, servings, best places"
Food Peddler,"Fast Food, Desserts, Beverages",300,"anand vihar, new delhi",4.2,260,4.3,190,https://www.zomato.com/ncr/food-peddler-anand-vihar-new-delhi,"G 7, Gupta Arcade, Shreshtha Vihar, Near DAV Public School, Anand Vihar, New Delhi",9.19999E+11,28.65756743,77.31711365,"peri fries, hot chocolate, white sauce pasta, pasta, burgers","casual seating area, office crowd, lip smacking food, cozy ambiance, behavior, good crowd"
Made In India - Radisson Blu,"North Indian, Kebab, Desserts, Mughlai",3800,"radisson blu, sector 18, noida, noida",4.2,604,3.6,16,https://www.zomato.com/ncr/made-in-india-radisson-blu-sector-18-noida,"Radisson Blu, L-2, Sector 18, Noida",9.199E+11,28.56845512,77.32254513,not specified,not specified
The Categorical Eat Pham,"North Eastern, Chinese, Naga",600,"safdarjung, new delhi",4.2,300,4.2,1573,https://www.zomato.com/ncr/the-categorical-eat-pham-safdarjung-new-delhi,"168, Ground Floor, Humayunpur, Safdarjung Enclave, Safdarjung, New Delhi",9.11142E+11,28.56148043,77.19390772,"smoked pork curry, duck curry, fish thali, chicken thali, sticky rice, fish curry","comfortable seating area, portion, young crowd, value for money, packaging, prices"
Royal China,"Chinese, Asian, Cantonese, Seafood, Desserts",2200,"nehru place, new delhi",4.2,1431,4.2,3417,https://www.zomato.com/ncr/royal-china-nehru-place-new-delhi,"Eros Corporate Tower, 16th Floor, Nehru Place, New Delhi",9.1115E+11,28.56043975,77.24669594,fusion of chinese and cantonese cuisine; view of bahai temple fom 16th floor,not specified
Tasim,"Asian, Thai, Japanese, Seafood, Sushi, Chinese, Momos",900,"rajouri garden, new delhi",4.2,649,3.8,1077,https://www.zomato.com/ncr/tasim-rajouri-garden-new-delhi,"J 13/47, Rajouri Garden, New Delhi",9.19964E+11,28.64012578,77.11888533,not specified,not specified
Mazaar,"Kebab, Afghan",800,"lajpat nagar 2, new delhi",4.2,526,4.2,3306,https://www.zomato.com/ncr/mazaar-lajpat-nagar-2-new-delhi,"I-78, Lajpat Nagar 2, New Delhi",9.11142E+11,28.57027778,77.24440131,"sheer yakh, afghani pulao, lamb ribs, mixed vegetables, skewers, rajma","gastronomical experience, comfortable seating area, family place, authenticity, packed on weekends, servings"
Ka Eclairs & Kafe,"Cafe, Bakery, Burger, Italian, Pizza, Salad, Fast Food, Beverages",950,"sector 18, noida",4.2,1054,3.9,1000,https://www.zomato.com/ka-eclairs-kafe,"G-50, Ground Floor, Sector 18, Noida",9.11204E+11,28.56959054,77.32419033,"tiramisu pastry, eclairs, black forest pastry, truffle pastry, blueberry cheese cake, fresh fruit cake","chic interiors, desi vibes, pretty decor, cashless payments, coffee date, serving size"
Young Wild Free Cafe,"Cafe, Fast Food, Chinese, Italian, Beverages",850,"satyaniketan, new delhi",4.2,1079,0.0,0,https://www.zomato.com/ncr/young-wild-free-cafe-satyaniketan-new-delhi,"13, 1st Floor, Opposite Venkateswara College, Satyaniketan, New Delhi",9.18826E+11,28.58777814,77.16710106,not specified,not specified
Star Crust,"Fast Food, Chinese, Desserts, Beverages",500,"sector 7, faridabad",4.2,1107,4.2,2000,https://www.zomato.com/ncr/star-crust-sector-7-faridabad,"2597, HBC, Sector 7, Faridabad",9.19655E+11,28.36935683,77.3278901,"peri peri pizza, kit kat shake, mixed sauce pasta, pastas, pizzas, oreo shake","inexpensive, economical, cute little place, nice crowd, great recommendations, prompt service"
PDA,Italian,2000,"greater kailash 2 (gk2), new delhi",4.2,229,0.0,0,https://www.zomato.com/ncr/pda-greater-kailash-gk-2-new-delhi,"M-8A, Greater Kailash 2 (GK2), New Delhi",9.11143E+11,28.53421592,77.24312257,"bartender, bar, vibe, concept, perfect place, ambiance",not specified
Dashi Dimsum & Sushi Bar,"Asian, Japanese, Sushi, Chinese, Desserts",800,"punjabi bagh, new delhi",4.2,325,4.2,3236,https://www.zomato.com/ncr/dashi-dimsum-sushi-bar-punjabi-bagh-new-delhi,"Studio 4, 49/43, AKS Complex, Punjabi Bagh, New Delhi",9.19911E+11,28.67104793,77.13471439,"smoked salmon roll, wasabi roll, poke bowl, sushi, dimsum, fish","elegantly decorated, light music, great recommendations, low price, prompt service, cute packaging"
The Shim Tur,"Korean, Salad",600,"paharganj, new delhi",4.2,577,0.0,0,https://www.zomato.com/ncr/the-shim-tur-paharganj-new-delhi,"2nd Floor, Navrang Guest House, Tooti Galli, Main Bazaar, Paharganj, New Delhi",9.1981E+11,28.64139195,77.21315827,not specified,not specified
Pizza Villa,"Pizza, Fast Food, Beverages",450,"nit, faridabad",4.2,1015,4.1,33600,https://www.zomato.com/ncr/pizza-villa-1-nit-faridabad,"5A-18, BP Railway Road, NIT, Faridabad",9.19668E+11,28.4056434,77.30508763,"melted chocolate, white sauce pasta, pizzas, noodles","plenty of vegetarian options, customizations available, chirpy crowd, drive through, elegantly decorated, economical"
Slic Chic,"Chinese, Salad, Momos, Beverages",500,"shalimar bagh, new delhi",4.2,475,4.0,1734,https://www.zomato.com/ncr/slic-chic-shalimar-bagh-new-delhi,"2, BS Market, Shalimar Bagh, New Delhi",9.19954E+11,28.7059,77.1573,"drum sticks, honey chilli potatoes, chilli garlic noodles, noodles, chinese food, pasta","elegantly decorated, chinese, sitting arrangement, great recommendations, polite staff, best places"
Yellow Mirchi - Hotel City Park,North Indian,2500,"hotel city park, pitampura, new delhi",4.2,395,0.0,0,https://www.zomato.com/ncr/yellow-mirchi-hotel-city-park-pitampura-new-delhi,"Hotel City Park, KP Block, Pitampura, New Delhi",9.11127E+11,28.70593244,77.14299403,"classy place, live music, best places, great ambience, courteous staff, environment",not specified
TBK Kulcha's,"Sandwich, Burger, Italian, Beverages, Fast Food, Street Food",300,"janakpuri, new delhi",4.2,646,4.2,5067,https://www.zomato.com/ncr/tbk-kulchas-janakpuri-new-delhi,"296-A, C4B, Near Surajmal College, Janakpuri, New Delhi",9.11166E+11,28.61921134,77.09177826,not specified,not specified
Foxtrot,"Continental, Italian, European, Modern Indian, Beverages, North Indian",1000,"dlf cyber city, gurgaon",4.2,264,3.9,23,https://www.zomato.com/ncr/foxtrot-dlf-cyber-city,"Unit 2 C, Under Ground Floor, Building 10, DLF Cyber City, Gurgaon",9.11244E+11,28.4949917,77.087685,"fusion taco, mustard aioli, chicken 65, pao bhaji, kulcha, drink","extensive bar menu, good for large groups, ample seating area, packed on weekends, family place, live music"
Dingdong Pizza By Big Wong,"Pizza, Italian, Fast Food",700,"sector 29, gurgaon",4.2,488,4.1,5128,https://www.zomato.com/ncr/dingdong-pizza-by-big-wong-sector-29,"387, First Floor, Sco Complex, Near IFFCO Chowk Metro Station, Sector 29, Gurgaon",9.1801E+11,28.471685,77.071197,"salted caramel shake, cheesiest pizza, paneer makhni pizza, butter chicken pizza, cheese roll, lasagna","cozy ambiance, casual seating area, good crowd, great recommendations, low price, good packaging"
Mughal Darbar,"North Indian, Mughlai",400,"jnu, new delhi",4.2,374,0.0,0,https://www.zomato.com/ncr/mughal-darbar-jnu-new-delhi,"Opposite Lohit Hostel, JNU, New Delhi",9.1981E+11,28.54356985,77.16081362,"mutton jahangiri, chicken jahangiri, afghan chicken, mughlai food, butter naan, tandoori roti","open ambience, low price, friendly place, comfortable seating, prompt service, best food"
Cafe on 3 - Holiday Inn,"Continental, Chinese, Thai, Mediterranean",2000,"holiday inn, mayur vihar, new delhi",4.2,507,3.6,39,https://www.zomato.com/ncr/cafe-on-3-holiday-inn-mayur-vihar-new-delhi,"Holiday Inn, 13 A, District Centre, Mayur Vihar Phase 1, New Delhi",9.18861E+11,28.58997582,77.29838312,"dinner buffet, shawarma, deserts, starter, mocktails, sweets","poolside view, impressive decor, luxury, great hospitality, beautiful place, amazing ambience"
Tikka Junction Courtyard,"North Indian, Chinese, Fast Food, Desserts, Beverages",800,"malviya nagar, new delhi",4.2,442,4.0,3856,https://www.zomato.com/ncr/tikka-junction-courtyard-malviya-nagar-new-delhi,"LLP 3, MMTC Market, Opposite Aurobindo College, Malviya Nagar, New Delhi",9.19718E+11,28.53299146,77.20367264,"paneer papdi, soya malai tikka, tandoori spring roll, bhatti chicken, butter chicken pizza, fried rice","courtyard, affordable, family place, good for large groups, fancy crowd, comfortable seating"
Heritage,"North Indian, Chinese, Fast Food",1200,"sector 15, gurgaon",4.2,343,4.1,213,https://www.zomato.com/ncr/heritage-sector-15,"SCO 55, 1st Floor, Old Judicial Complex, Civil Lines, Sector 15, Gurgaon",9.19311E+11,28.4584264,77.0332149,not specified,not specified
Kent's Fast Food,"Fast Food, Burger, Pizza, Sandwich, Ice Cream, Desserts, Beverages",500,"defence colony main market, defence colony, new delhi",4.2,1160,4.2,12100,https://www.zomato.com/ncr/kents-fast-food-defence-colony-new-delhi,"Shop 29, Main Market, Defence Colony, New Delhi",9.11124E+11,28.57402548,77.23050278,not specified,not specified
TC Bar & Restaurant,"North Indian, Continental, Finger Food",1300,"adchini, new delhi",4.2,978,3.2,46,https://www.zomato.com/ncr/tc-bar-restaurant-adchini-new-delhi,"81, Sri Aurobindo Marg, MMTC Colony, Adchini, New Delhi",9.19811E+11,28.53559588,77.19758235,best rock night in town with dj sagar every friday and saturday!,"beers, chilli chicken, cocktails, drinks, starters, pizzas"
The Royal Kitchen,"North Indian, Chinese, Mughlai, Biryani",700,"gamma 1, greater noida",4.2,719,3.9,23100,https://www.zomato.com/ncr/the-royal-kitchen-gamma-1-greater-noida,"Shop 46, Lower Ground Floor, Jagat Plaza 2, Jagat Farm, Gamma 1, Greater Noida",9.11204E+11,28.482313,77.498685,"crispy chilli potatoes, panneer butter masala, egg curry, noodle, chicken malai tikka, dal tadka","affordable, themed decor, ample seating area, awesome service, fast delivery, best food"
Shikhara,"North Indian, Mughlai",1000,"greater kailash 1 (gk1), new delhi",4.2,452,4.1,1395,https://www.zomato.com/ncr/shikhara-greater-kailash-gk-1-new-delhi,"4, Guru Nanak Market, R Block, Greater Kailash (GK) 1, New Delhi",9.11126E+11,28.5469689,77.24400837,"saag chicken, tandoori prawns, chicken tikka masala, fish tikka, malai kofta, butter chicken","attentive staff, decent price, atmosphere, customer service, tandoori, server"
Changezi Chicken,"North Indian, Mughlai",550,"daryaganj, new delhi",4.2,817,3.9,296,https://www.zomato.com/ncr/changezi-chicken-daryaganj-new-delhi,"3614, N.S.Marg, Daryaganj, New Delhi",9.17065E+11,28.64366854,77.2404246,"chicken nihari, changezi chicken, phirni, rumali roti, malai tikka, butter chicken","cleanliness, great value, crowd, preparation, good ambience, reasonable price"
Mizo Diner,North Eastern,600,"safdarjung, new delhi",4.2,340,0.0,5,https://www.zomato.com/ncr/mizo-diner-safdarjung-new-delhi,"85, Humayunpur, Safdarjung, New Delhi",9.17066E+11,28.56182614,77.19239831,"vawksa rep, stir fry pork, smoked pork, pork ribs, chicken curry, thali","artistic decor, authenticity, art, good quality food, location, great place"
La Vera Pizzeria - The Wood Fired Pizza House,"Pizza, Fast Food, Italian, Beverages",300,"sector 31, gurgaon",4.2,456,3.5,1816,https://www.zomato.com/ncr/la-vera-pizzeria-the-wood-fired-pizza-house-sector-31,"Shop 198, Basement, Huda Market, Sector 31, Gurgaon",9.11244E+11,28.45365822,77.05164403,not specified,not specified
Kitchen District - Hyatt Regency,"Asian, Continental, North Indian, Japanese",3000,"hyatt regency, sector 83, gurgaon, gurgaon",4.2,324,3.7,256,https://www.zomato.com/ncr/kitchen-district-hyatt-regency-sector-83,"Hyatt Regency, NH-8, Sector 83, Gurgaon",9.18699E+11,28.3928473,76.9770779,not specified,not specified
Sethi's Restaurant & Barbeque,"North Indian, Chinese, BBQ, Mughlai",700,"rajouri garden, new delhi",4.2,768,4.0,14800,https://www.zomato.com/ncr/sethis-restaurant-barbeque-rajouri-garden-new-delhi,"4-8-9, J Block, DDA Market, Community Centre, Rajouri Garden, New Delhi",9.18645E+11,28.63946606,77.12047286,"beliram chicken, malai soya chaap, fried chicken, malai kofta, afghani chicken, paneer butter masala","outdoor seating, friendly place, great recommendations, waiter, best places, main course"
Flavours Of Magadh,"North Indian, Mughlai, Bihari",600,"sector 52, noida",4.2,474,3.9,1530,https://www.zomato.com/ncr/flavours-of-magadh-sector-52-noida,"Shop 8/9, Harishchand Market, Axis Bank ATM, Sector 73, Near Sector 72, Noida",9.19818E+11,28.580792,77.383225,"mushroom matar masala, paneer masala tikka, chicken keema masala, dahi sholey, veg executive thali, veg jalfrezi","food packaging, tamper proof packaging, best restaurant, quick delivery, weekend brunch, fast delivery"
Mandarin Trail,"Chinese, Thai, North Indian",1700,"the great india place, sector 38, noida",4.2,809,4.0,324,https://www.zomato.com/ncr/mandarin-trail-sector-38-noida,"3rd Floor, The Great India Place Mall, Sector 38-A, Near Sector 38, Noida",9.1991E+11,28.56720133,77.32590392,not specified,not specified
Untapped Brew & Pub,"North Indian, Chinese, Continental",1900,"sector 21, gurgaon",4.2,330,0.0,0,https://www.zomato.com/ncr/untapped-brew-pub-sector-21,"Ground Floor, Suncity Trade Tower, Sector 21, Gurgaon",9.19718E+11,28.50795816,77.07115475,"tequila sunrise, chilli mushroom, drums of heaven, mocktails, veg platter, chilli chicken","private dining area, happy hour, packed on weekends, dj, amazing ambience, vibe"
Pandit Ji Paranthe Wale,North Indian,200,"ashok vihar phase 2, new delhi",4.2,2510,3.8,6336,https://www.zomato.com/ncr/pandit-ji-paranthe-wale-ashok-vihar-phase-2-new-delhi,"Shop 1&2, LSC Plot 15, Ashok Vihar Phase 2, New Delhi",9.19654E+11,28.69649003,77.17982613,"anda parantha, mix paratha, kadhi chawal, aloo pyaz paratha, tea","economical, not very crowded, cozy ambiance, cute little place, pocket friendly, food service"
Too Mikkii Tapas Now Baking,"Cafe, Continental, Fast Food, Beverages, Desserts",800,"south extension 2, new delhi",4.2,445,4.2,102,https://www.zomato.com/ncr/too-mikkii-tapas-now-baking-south-extension-2-new-delhi,"E 25, South Extension 2, New Delhi",9.19911E+11,28.5438305,77.25109678,"banana bread, dessert platter, cappuccino, hot chocolate, coffees, cheese pizza","great ambience and tasty food, great for birthdays, bookshelf, beautiful interior, calm, customizable dishes"
Cafe Connect,"North Indian, Italian, Continental, Mediterranean",700,"vasant kunj, new delhi",4.2,709,3.7,4651,https://www.zomato.com/ncr/cafe-connect-vasant-kunj-new-delhi,"Ground Floor, Chattarpur Road, Abdul Gaffar Khan Marg, Near Ambience Towers Car Market, Vasant Kunj, New Delhi",9.11142E+11,28.51416335,77.16494691,not specified,not specified
The Culinary Court - Park Ascent,"North Indian, Chinese, Continental",2200,"park ascent, sector 62, noida, noida",4.2,385,3.9,95,https://www.zomato.com/ncr/the-culinary-court-park-ascent-sector-62-noida,"Park Ascent, Plot 126, Noida Khoda Road, Opposite IIM Lucknow Noida Campus, Sector 62, Noida",9.11207E+11,28.62372129,77.35524427,"cheerful staff, classy ambience, worth the price, relaxed atmosphere, beautiful ambience, good options",not specified
Maati,"North Indian, Chinese, Fast Food, Desserts",600,"amrapali dream valley, greater noida",4.2,558,3.5,6101,https://www.zomato.com/ncr/maati-1-amrapali-dream-valley-greater-noida,"Zamindaar Ramchandra Market, Gautam Buddha Nagar, Amrapali Dream Valley, Greater Noida",9.19668E+11,28.57552446,77.44488236,not specified,not specified
Mom Hand Momos,"Momos, Chinese",300,"satyaniketan, new delhi",4.2,1042,4.0,19100,https://www.zomato.com/ncr/mom-hand-momos-satyaniketan-new-delhi,"Opposite Venkateshwara College, Satyaniketan, New Delhi",9.19953E+11,28.58767304,77.16850486,"gravy momo, tandoori paneer momos, chicken chowmein, noodle, chicken momos, spring roll","casual seating area, not very crowded, inexpensive, elegantly decorated, prompt service, polite staff"
Pasta Xpress,"Italian, Pizza, Fast Food",500,"sector 11, dwarka, new delhi",4.2,789,3.7,6746,https://www.zomato.com/ncr/pasta-xpress-sector-11-dwarka,"G-35, Manish Market, Sector 11, Dwarka, New Delhi",9.11147E+11,28.58670121,77.04564594,"cottage cheese pasta, tandoori pasta, garlic bread with cheese, pastas, chicken burger, white sauce pasta","great recommendations, customer service, good quantity, best places, great taste, preparation"
La Kababiyaa,"North Indian, Mughlai, Chinese, Kebab",950,"sector 7, dwarka, new delhi",4.2,873,4.0,30500,https://www.zomato.com/ncr/la-kababiyaa-sector-7-dwarka,"C 390, Ramphal Chowk, Palam Extension, Sector 7, Dwarka, New Delhi",9.11146E+11,28.58514175,77.07000777,"matar mushroom, pudina parantha, changezi chicken, dahi kabab, panneer butter masala, chicken fried rice","good for large groups, packed on weekends, family place, excellent taste, customer service, prompt service"
Namak Mandi,"North Indian, Awadhi, Kebab, Mughlai, Beverages",1800,"dlf promenade mall, vasant kunj, new delhi",4.2,852,4.1,221,https://www.zomato.com/ncr/namak-mandi-1-vasant-kunj-new-delhi,"307, 2nd Floor, DLF Promenade Mall, Vasant Kunj, New Delhi",9.19644E+11,28.54231163,77.1559843,"orange kulfi, lamb briyani, galawati kebab, mango mojito, thandai, khameeri roti","relaxed atmosphere, good for large groups, ample seating area, perfect ambience, authentic food, authenticity"
Mallacca,"Malaysian, Asian",2100,"32nd avenue, nh8, gurgaon, gurgaon",4.2,510,3.9,24,https://www.zomato.com/ncr/mallacca-sector-15,"Unit 34, Ground Floor, Elliptical Building, 32nd Avenue Complex, Part 2, Sector 15, Gurugram",9.17303E+11,28.46132535,77.04999547,"roti jala, lamb rendang, tofu salad, penang curry, fried rice chicken, nasi goreng","relaxed atmosphere, good for large groups, authenticity, fancy crowd, authentic food, beautiful place"
Nazeer Delicacies,"North Indian, Mughlai, Chinese",700,"sector 135, noida",4.2,678,3.7,1570,https://www.zomato.com/ncr/nazeer-delicacies-sector-135-noida,"SH-23, Fourth Floor, Reet Square, Near Sector 141, Sector 135, Noida",9.18383E+11,28.50873938,77.41521083,"mutton barra, khameeri roti, roasted chicken, phirni, mughlai food, chicken biryani","staff behaviour, food service, nice staff, great staff, nice service, nice ambience"
Shake Eat Up,"Fast Food, Italian, Chinese, Desserts, Beverages, Pasta",600,"delhi university-gtb nagar, new delhi",4.2,1067,3.8,143,https://www.zomato.com/ncr/shake-eat-up-1-delhi-university-gtb-nagar-new-delhi,"2509, Ground Floor, Hudson Lane, Delhi University-GTB Nagar, New Delhi",9.19014E+11,28.69587655,77.20411856,"milky way shake, turtle sundae, masala garlic bread, nutella jar, pineapple mojito, chicken bbq wings","casual seating area, cozy ambiance, lightings, pretty place, elegantly decorated, office crowd"
Dvar Indian Restaurant - Radisson Blu Dwarka,"North Indian, Mughlai",3000,"radisson blu, sector 13, dwarka, new delhi",4.2,372,0.0,0,https://www.zomato.com/ncr/dvar-indian-restaurant-radisson-blu-dwarka-sector-13-dwarka-new-delhi,"Radisson Blu, Plot 4, Sector 13, Dwarka, New Delhi",9.19205E+11,28.59638872,77.03613851,"live sufi music, live kitchen, worth the price, classy place, great ambience, hospitality",not specified
Red Chilli,"Asian, North Indian, Continental, Chinese, Fast Food, Beverages",1400,"rajouri garden, new delhi",4.2,785,3.4,21,https://www.zomato.com/ncr/red-chilli-rajouri-garden-new-delhi,"J2/7, 3rd Floor, BK Dutta Market, Rajouri Garden, New Delhi",9.1114E+11,28.64766783,77.11971615,not specified,not specified
The Pizza Story,"Pizza, Continental",700,"sector 17, faridabad",4.2,391,3.7,4641,https://www.zomato.com/ncr/the-pizza-story-sector-17-faridabad,"SCF 130, Ground Floor, Sector 17, Faridabad",9.11295E+11,28.41031849,77.32732449,"triple delight, chicken meatballs, spicy paneer, stuffed garlic bread, cheese burst, cheese pizza","best quality at best price, good options, recommended place, amazing place, portions, young crowd"
Changezi Chicken,"North Indian, Afghan",500,"karol bagh, new delhi",4.2,1103,4.0,6246,https://www.zomato.com/ncr/changezi-chicken-karol-bagh-new-delhi,"Property 11172/3, 11136/1, 11137 To 11145, Shop 1, 3, 5, Shidipura, East Park Road, Karol Bagh, New Delhi",9.11136E+11,28.65489189,77.20010798,"butter tandoori chicken, changezi chicken, mughlai chicken, khameeri roti, firni, spicy chicken","nice crowd, pocket friendly, great recommendations, great ambiance, authentic taste, prompt service"
Chinese Kitchen,"Momos, Chinese, North Indian, Beverages",550,"karkardooma, new delhi",4.2,488,4.0,9851,https://www.zomato.com/ncr/chinese-kitchen-karkardooma-new-delhi,"Shop 11-A, Plot 5, Parmesh Tower 1, Community Centre, Karkardooma, New Delhi",9.18827E+11,28.64844372,77.30327345,"afghan chicken, paneer momos, drums of heaven, noodle, chilly potato, chicken lollipop","open seating, cute little place, good crowd, good packing, sitting area, great ambiance"
Pink Box,"Bakery, Desserts",400,"hauz khas, new delhi",4.2,458,4.2,3908,https://www.zomato.com/ncr/pink-box-hauz-khas-new-delhi,"B 1/30, Near Aurobindo Marg, Hauz Khas, New Delhi",9.11142E+11,28.55136592,77.20436297,not specified,not specified
The Rolling Joint,"Rolls, North Indian, Beverages",500,"connaught place, new delhi",4.2,1313,4.2,2202,https://www.zomato.com/ncr/the-rolling-joint-connaught-place-new-delhi,"M 61/1, Middle Lane, Near Odeon Cinema, Connaught Place, New Delhi",9.199E+11,28.63355105,77.22201794,"soya chaap tikka roll, pink mojito, masala lime soda, peri chicken roll, kokum drink, chicken khurchan","nice concept, excellent place, good crowd, wonderful place, friendly place, quick service"
Hishi Cafe,"Cafe, Continental, Fast Food, Beverages",850,"jangpura, new delhi",4.2,1317,4.1,6808,https://www.zomato.com/ncr/hishi-cafe-jangpura-new-delhi,"Shop 28, Block H, Jangpura, New Delhi",9.1115E+11,28.58138238,77.24279232,"pork ham sandwich, cheese chicken omelette, tomato basil bruschetta, classic veg burger, tuna sandwich, bubblegum shake","freshly prepared, sit and read, quiet, highly recommended, tasty stuff, delivery on time"
Ramesh Vaishno Dhaba,North Indian,500,"chander nagar, new delhi",4.2,643,4.1,306,https://www.zomato.com/ncr/ramesh-vaishno-dhaba-chander-nagar-new-delhi,"Shop 2, Shivpuri, Main Parparganj Road, Chander Nagar, New Delhi",9.19874E+11,28.651152,77.2783735,"veg korma, stuffed chaap, shahi paneer, paneer tikka","reasonable prices, good place, food quality, price, quantity, ambience"
Cafe Lungta,"Tibetan, Nepalese, Momos",1200,"sector 15, gurgaon",4.2,329,4.3,84,https://www.zomato.com/ncr/cafe-lungta-sector-15,"SCO 23, Ground Floor, Sector 15, Gurgaon",9.19734E+11,28.45812633,77.04445906,"chicken shyapta, pork shapta, nepali thali, tingmo, chicken momo, cocktail",not specified
Edesia - Crowne Plaza,"Continental, North Indian, Mughlai, Chinese, Fast Food",3000,"crowne plaza, okhla, new delhi",4.2,437,0.0,6,https://www.zomato.com/ncr/edesia-crowne-plaza-okhla-delhi,"Crowne Plaza, Community Centre, Okhla Phase 1, New Delhi",9.19583E+11,28.52856245,77.27195565,not specified,not specified
Mughlai Junction,"North Indian, Mughlai, Rolls",700,"connaught place, new delhi",4.2,555,4.2,5862,https://www.zomato.com/ncr/mughlai-junction-connaught-place-new-delhi,"N-33/10, Middle Circle, Connaught Place, New Delhi",9.11144E+11,28.63080251,77.22029597,"jahangiri chicken korma, tangdi chicken, chicken burrah, rara meat, authentic mughlai food, khameeri roti","good pricing, clean place, family place, waiter, courteous staff, polite staff"
Bikanervala Angan,"Mithai, Street Food, North Indian, Chinese, South Indian, Beverages, Desserts",500,"karol bagh, new delhi",4.2,1162,4.2,9368,https://www.zomato.com/ncr/bikanervala-angan-karol-bagh-new-delhi,"10181, 82, Arya Samaj Road, Karol Bagh, New Delhi",9.11129E+11,28.64824365,77.19317213,"deluxe veg thali, kaju barfi, south indian platter, ras malai, jalebi, tandoori platter","sweetshop+restaurant, very clean place, parking space available, affordable, breakfast menu, fancy crowd"
McDonald's,"Burger, Fast Food, Beverages, Desserts",500,"karkardooma, new delhi",4.2,822,4.2,6185,https://www.zomato.com/ncr/mcdonalds-karkardooma,"Shop 7 To 10, Plot 29 & 31, Aggarwal Fun City Mall, East CBD, Karkardooma, New Delhi",9.19873E+11,28.66101428,77.29760595,"veg pizza mcpuff, mcaloo tikki, choco brownie, peri fries, iced tea, burgers","not very crowded, cute little place, inexpensive, cozy ambiance, pocket friendly, great recommendations"
Amritsari Kulccha Corner,"North Indian, Street Food",300,"vikaspuri, new delhi",4.2,372,4.2,5035,https://www.zomato.com/ncr/amritsari-kulccha-corner-vikaspuri-new-delhi,"Site 4/56, C Block, Vikaspuri, New Delhi",9.19718E+11,28.63541025,77.07169186,"mixed kulcha, aloo pyaz kulcha, cheese kulcha, boondi raita, gulab jamun, thali","inexpensive, great recommendations, great ambiance, prompt service, polite staff, amazing taste"
Bakers Oven,"Bakery, Fast Food, Beverages, Pizza, Wraps",400,"sector 31, gurgaon",4.2,431,4.1,2612,https://www.zomato.com/ncr/bakers-oven-sector-31,"141, Sector 31-32 A, Near Sector 31, Gurgaon",9.19874E+11,28.45306483,77.05066871,"walnut chocolate pastry, veg pattice, veg grilled sandwich, fresh fruit cake, pastries, cakes","highly recommended, coffee date, pretty decor, food presentation, good taste, great place"
Giani's,"Ice Cream, Desserts, Beverages",300,"paschim vihar, new delhi",4.2,492,4.3,10100,https://www.zomato.com/ncr/gianis-paschim-vihar-new-delhi,"A-3, 1, DDA Market, Paschim Vihar, New Delhi",9.11145E+11,28.67040723,77.10876804,"caramel mocha sundae, brownie sunday, chocolate fudge, belgian chocolate, ice creams, icecream","best place, flavour, presentation, menu, ambience, food"
Champaran Meat House,North Indian,500,"gaur city 2, greater noida",4.2,494,3.8,4162,https://www.zomato.com/ncr/champaran-meat-house-gaur-city-2-greater-noida,"Shop 3-A, 1st Floor, Bhavishya India Tower, Sector 16 C, Opposite 10th Avenue, Gaur City 2, Greater Noida",9.19717E+11,28.618151,77.427399,"handi mutton, mutton curry, handi chicken, fish curry, chicken curry, meat","lip smacking food, inexpensive, economical, comfort food, mouth watering food, great recommendations"
Janta Eating House,North Indian,300,"shahdara, new delhi",4.2,1559,4.2,29500,https://www.zomato.com/ncr/janta-eating-house-shahdara-new-delhi,"1/2843, Loni Road, Ram Nagar, Shahdara, New Delhi",9.19999E+11,28.68209451,77.29238972,"shahi paneer makhani, paneer naan, panneer butter masala, jeera rice, rajma, butter roti","bang for the buck, elegantly decorated, low price, great recommendations, great ambiance, polite staff"
Delhicacy,"Street Food, South Indian, North Indian, Mithai",400,"dlf galleria, dlf phase 4, gurgaon",4.2,727,3.9,23800,https://www.zomato.com/ncr/delhicacy-dlf-phase-4,"SF 14, Floor 1, DLF Galleria, DLF Phase 4, Gurgaon",9.19954E+11,28.46762141,77.08231274,"golgappa shots, palak patta chat, sev puri, bedmi puri, jalebi, matar kulcha","professional behaviour, bang for the buck, cute little place, pocket friendly, authentic food, cozy place"
Punjab Chicken Corner,"North Indian, Chinese, Mughlai, Rolls",700,"gaur city 1, greater noida",4.2,444,3.7,9487,https://www.zomato.com/ncr/punjab-chicken-corner-gaur-city-1,"56, Lower Ground Floor, City Plaza, Gaur City 1, Greater Noida",9.17043E+11,28.615074,77.427749,"pindi chana masala, masala tikka, honey chilli potatoes, chicken rara, mutton curry, paneer butter masala","good food good quality, bang for the buck, office crowd, casual seating area, cute little place, good crowd"
The Salad Story,"Cafe, Healthy Food, Salad, Fast Food, Beverages",900,"chanakyapuri, new delhi",4.2,445,4.0,327,https://www.zomato.com/ncr/the-salad-story-chanakyapuri-new-delhi,"Pallavi Shopping Arcade, Opposite Taj Palace, Chanakyapuri, New Delhi",9.11127E+11,28.59513408,77.17193205,"blended cold coffee, berry smoothie, grilled chicken, mocha, salads, wraps","healthy options, fresh ingredients, healthy food, outdoor seating, view, courteous staff"
Rice - Radisson Blu Dwarka,"Chinese, Thai, Vietnamese, Japanese",4000,"radisson blu, sector 13, dwarka, new delhi",4.2,449,0.0,0,https://www.zomato.com/ncr/rice-radisson-blu-dwarka-sector-13-dwarka-new-delhi,"Radisson Blu, Plot 4, Sector 13, Dwarka, New Delhi",9.18861E+11,28.59634397,77.03611638,"kung pao chicken, buffet, dimsums, prawns, soup, ice cream","classy decor, wonderful service, chinese, server, excellent food, hospitality"
Cocopots,"Bakery, Cafe, Fast Food, Beverages",1000,"kamla nagar, new delhi",4.2,264,4.2,371,https://www.zomato.com/ncr/cocopots-kamla-nagar-new-delhi,"50 D, Ground Floor, Satyawati Marg, Kamla Nagar, New Delhi",9.11141E+11,28.68291427,77.20064744,not specified,not specified
Pizza Connection,"Pizza, Fast Food",400,"kalkaji, new delhi",4.2,409,4.2,2394,https://www.zomato.com/ncr/pizza-connection-2-kalkaji-new-delhi,"J 4/91, DDA Flats, Block L 1, Kalka Public School Road, Govindpuri, Kalkaji, New Delhi",9.19999E+11,28.52849087,77.25515999,"paneer peri peri, peri chicken, stuffed garlic bread, paneer pizza, white sauce pasta, pasta","pocket friendly, nice crowd, great ambiance, polite staff, prompt service, worth the money"
Wing Ding - Pub & Cafe,"Continental, Lebanese, Mediterranean, North Indian",1800,"gardens galleria, sector 38 noida, noida",4.2,613,0.0,0,https://www.zomato.com/ncr/wing-ding-pub-cafe-sector-38-noida,"Shop 205 - 206, 1st Floor, Gardens Galleria Mall, Plot A-2, Sector 38, Noida",9.17429E+11,28.56452113,77.32139949,"beers, chilli potatoes, nachos, prawns, starter, white sauce pasta","happy hour menu, balcony area, affordable food, outdoor sitting, good vibe, helpful staff"
Mehak Food,"North Indian, Street Food",250,"kalkaji, new delhi",4.2,758,4.0,8461,https://www.zomato.com/ncr/mehak-food-kalkaji-new-delhi,"A 105, Double Storey, Opposite HDFC Bank, Kalkaji, New Delhi",9.19871E+11,28.54358428,77.25080241,"bang for the buck, nice crowd, polite staff, prompt service, hygiene, good taste",not specified
The Brown Box,"Cafe, Bakery, Italian, Desserts",750,"panchsheel park, new delhi",4.2,276,4.1,80,https://www.zomato.com/ncr/the-brown-box-panchsheel-park-new-delhi,"Shop 2, S Block, DDA Shopping Complex, Panchsheel Park, New Delhi",9.1991E+11,28.54140949,77.21568123,"cappuccino, pastries, oreo shake, desserts, sandwiches, cold coffee","surrounding, calm, beautiful place, cafe, owner, decor"
New York Slice,"Pizza, Italian, Sandwich, Fast Food, Beverages",600,"golf course road, gurgaon",4.2,242,4.1,2554,https://www.zomato.com/ncr/new-york-slice-golf-course-road,"Shop 2, Ground Floor, La-Mart Shopping, Lalagune Housing Society, Golf Course Road, Gurgaon",9.11245E+11,28.43710615,77.10432496,"american veg pizza, veggie pasta, cheese dip, peri peri pizza, margherita pizza, pepperoni","excellent packing, delivery on time, great customer service, finest place, variety of pizza, best services"
Kings Kulfi,"Ice Cream, Desserts",150,"rajinder nagar, new delhi",4.2,222,4.4,836,https://www.zomato.com/ncr/kings-kulfi-rajinder-nagar-new-delhi,"3/72, Old Rajinder Nagar, Main Shankar Road, Rajinder Nagar, New Delhi",9.11145E+11,28.63714818,77.18264412,"jamun kulfi, ice cream sundae, chocolate fudge, ice creams","location, best place, packing, prices, quality, staff"
Cicchetti By Mr Beans,"European, Italian, Continental, Bar Food",2000,"dlf cyber city, gurgaon",4.2,394,3.9,19,https://www.zomato.com/ncr/cicchetti-by-mr-beans-dlf-cyber-city,"A-2B, 10, Upper Ground Floor, Near HDFC Bank, Cyber Hub, DLF Cyber City, Gurgaon",9.11244E+11,28.49479146,77.08759401,"spaghetti pomodoro, flatbreads, coffee frappe, croissant, tomato soup, hot chocolate","relaxed atmosphere, ample seating area, courteous staff, server, family crowd, good ambience"
Carl's Jr.,"Burger, Fast Food",450,"dlf mall of india, sector 18,  noida, noida",4.2,1161,4.0,1729,https://www.zomato.com/ncr/carls-jr-sector-18-noida,"F-457/C, 3rd Floor, DLF Mall Of India, Sector 18, Noida",9.11206E+11,28.56732382,77.32128315,"mango jalapeno burger, chicken tikka masala burger, onion burger, wasabi fries, chicken slider, lamb patty","free refills, unlimited refills, pocket friendly, low price, good crowd, combos"
KOOLCHAS - Mera Wala Kulcha,"North Indian, Fast Food, Beverages, Desserts",350,"sushant lok, gurgaon",4.2,441,3.9,2587,https://www.zomato.com/ncr/koolchas-mera-wala-kulcha-sushant-lok,"15, Ground Floor, Bestech Chambers, Block B, Sushant Lok, Gurgaon",9.11244E+11,28.46116058,77.07803227,"soda sikhanji, paneer jalfrezi, kokum drink, kulfi, kulcha, mutton seekh","cozy ambiance, pocket friendly, cute little place, great ambiance, prompt service, courteous staff"
Cafe Coffee Day,"Coffee, Cafe, Fast Food, Sandwich, Desserts, Beverages",550,"chanakyapuri, new delhi",4.2,678,4.1,0,https://www.zomato.com/ncr/cafe-coffee-day-chanakyapuri-new-delhi,"Pallavi AWWA Complex, Opposite Taj Palace Hotel, Chanakyapuri, New Delhi",18001025093,28.5951279,77.17192099,"coffee frappe, chocolate fantasy, coffees, veg sandwich, cappuccino, brownie","sit and read, best location, peaceful environment, surrounding, best outlets, peaceful place"
Bamboo Shoots,Asian,1600,"sector 18, noida",4.2,701,4.3,543,https://www.zomato.com/ncr/bamboo-shoots-sector-18-noida,"F 2/3, Sector 18, Noida",9.19319E+11,28.57185867,77.32453063,"lobster, fried prawns, kung pao chicken, sweet corn soup, soups, prawn","chinese, family restaurant, good value, authentic taste, decent place, prompt service"
Chicago Chimney,"Italian, Fast Food, Desserts",300,"sector 37, noida",4.2,442,3.5,166,https://www.zomato.com/ncr/chicago-chimney-sector-37-noida,"Shop 1, Godavari Complex, Arun Vihar, Sector 37, Noida",9.18448E+11,28.56534975,77.34052699,not specified,not specified
Kulcha Walas,North Indian,400,"sector 31, gurgaon",4.2,474,4.2,4630,https://www.zomato.com/ncr/kulcha-walas-sector-31,"136, Huda Market, Sector 31, Gurgaon",9.18131E+11,28.45315533,77.0508625,"aloo pyaz kulcha, onion kulcha, cholle bhature, chutney","great recommendations, breakfast, polite staff, tamper proof packaging, owner, contactless delivery"
Tokyo Table,"Japanese, Sushi",600,"worldmark 1, aerocity, new delhi",4.2,397,4.0,89,https://www.zomato.com/ncr/tokyo-table-aerocity-new-delhi,"Unit 2, Lower Ground Floor, Worldmark 1, Aerocity, New Delhi",9.1956E+11,28.55075865,77.12125774,"chicken curry rice, chicken gyoza, bread roll, cheese roll, noodle","chirpy crowd, drive through, pocket friendly, nice crowd, polite, nice staff"
The Biryani Smoke House,"Biryani, North Indian, Chinese",600,"indirapuram, ghaziabad",4.2,477,3.7,5411,https://www.zomato.com/ncr/the-biryani-smoke-house-indirapuram-ghaziabad,"211, Shakti Khand 4, Near Harsha City Mall, Indirapuram, Ghaziabad",9.19999E+11,28.64779347,77.37044167,"authentic hyderabadi biryani, non veg biryani, chicken dum biryani, shahi tukda, briyani, starters","authentic taste, polite staff, nice ambience, hospitality, good ambience, good taste"
Tasty Noodle Twist,"Chinese, Asian, Thai, Momos, Seafood, Healthy Food",700,"model town 2, new delhi",4.2,289,4.0,2471,https://www.zomato.com/ncr/tasty-noodle-twist-model-town-2-new-delhi,"F14/58, Model Town 2, New Delhi",9.19354E+11,28.70856169,77.19098713,"chocolate roll, paneer cheese, fried chicken wings, noodle, chilli potatoes, chilli garlic noodles","authentic, gastronomical experience, great value, chinese, hospitality, preparation"
Hashery,"Cafe, Mediterranean, Desserts, Beverages",650,"connaught place, new delhi",4.2,328,0.0,0,https://www.zomato.com/ncr/hashery-connaught-place-new-delhi,"B 12/1, B Block, Middle Circle, Connaught Place, New Delhi",9.1933E+11,28.63432675,77.21798424,"vegetable dimsums, hot chocolate, hot coffee, tea, white sauce pasta, shakes","cozy ambience, cozy place, staff behaviour, host, beautiful ambience, vibe"
World Art Dining - Cook House,"North Indian, Asian, European",2000,"punjabi bagh, new delhi",4.2,427,3.7,97,https://www.zomato.com/ncr/world-art-dining-cook-house-punjabi-bagh-new-delhi,"1, North West Avenue, Club Road, Punjabi Bagh, New Delhi",9.1956E+11,28.66584927,77.12779094,"mezze platter, dahi kebab, tiramisu, mocktail, honey chilli potatoes, paneer lababdar","buffet variety and quality, live kitchen, classy place, worth the price, luxury, prime location"
Bamboo Boat,"Asian, Thai, Chinese",1200,"dlf phase 4, gurgaon",4.2,578,4.0,8114,https://www.zomato.com/ncr/bamboo-boat-dlf-phase-4,"Near Supermart 2, DLF Phase 4, Gurgaon",9.19718E+11,28.46132653,77.08885599,not specified,not specified
Cravity,"Cafe, Bakery",1200,"hauz khas, new delhi",4.2,404,4.3,1079,https://www.zomato.com/cravity,"A-15A/1, Hauz Khas, New Delhi",9.11142E+11,28.55328312,77.20801748,"almond croissant, blueberry cheesecake, hot chocolate, cappuccino, ice tea, desserts","beautiful cafe, cozy, food menu, vibe, breakfast, friendly staff"
Pikwik,"North Indian, Chinese, Mughlai, Fast Food, Rolls, Seafood, Desserts, Beverages",850,"pitampura, new delhi",4.2,800,3.9,7604,https://www.zomato.com/ncr/pikwik-pitampura-new-delhi,"66, Shakti Vihar, Pitampura, New Delhi",9.11143E+11,28.69380461,77.13062972,"tandoori raan, punjabi chicken, pudina parantha, malai kofta, paneer lababdar, manchurian","family favorite, relaxed atmosphere, ample seating area, family place, family restaurant, decent ambience"
36 lebzelter,"Bakery, Desserts, Fast Food",250,"mayur vihar phase 1, new delhi",4.2,278,4.3,1509,https://www.zomato.com/ncr/36-lebzelter-mayur-vihar-new-delhi,"C 30/2, Ground Floor, Acharya Niketan, Mayur Vihar Phase 1, Delhi ",9.19655E+11,28.6074013,77.2959284,"mawa cake, paneer puff, blueberry cheese cake, truffle pastry, cupcakes, pastries","coffee date, pretty decor, courteous staff, young crowd, value for money, best place"
Coffee Bond,"Cafe, Coffee, Pizza, Fast Food",800,"uday park, new delhi",4.2,609,3.4,1401,https://www.zomato.com/ncr/coffee-bond-uday-park-new-delhi,"Shop 4, Uday Park Shopping Complex, Uday Park, New Delhi",9.11147E+11,28.5602566,77.2181031,not specified,not specified
Butter Chicken Factory,North Indian,1200,"sector 14, gurgaon",4.2,509,4.1,5079,https://www.zomato.com/ncr/butter-chicken-factory-sector-14,"17/6, Old Delhi Gurgaon Road, Sector 14, Gurgaon",9.18001E+11,28.47313196,77.0486242,"black pepper chicken tikka, gulkand ice cream, butter chicken roti, tikka achari, amritsari fish fry, soya tikka masala","good destination, awesome packing, not very crowded, great presentation, nice packaging, light music"
Elborz,"Continental, North Indian, Chinese, Mughlai, Beverages",1100,"alpha 2, greater noida",4.2,372,4.0,384,https://www.zomato.com/ncr/elborz-alpha-2-greater-noida,"Shop 12, 2nd Floor, KB Complex, Alpha 2, Greater Noida",9.19561E+11,28.47762135,77.51735765,"grilled chicken steak, malai kofta, drink, dessert, paneer tikka, starters","outdoor section, great buffet spread, extensive bar menu, fusion dishes, ambience is very nice, themed decor"
The Sweeet Jar,"Cafe, Chinese, Italian, Fast Food, Sandwich, Burger, Beverages",800,"karkardooma, new delhi",4.2,675,4.4,792,https://www.zomato.com/ncr/the-sweeet-jar-karkardooma-new-delhi,"SG 61-62, Aditya Mega Mall, Karkardooma, New Delhi",9.11144E+11,28.65569332,77.30104789,"pesto sandwich, choco truffle cake, baked pasta, peri peri pizza, thick shakes, blueberry cheesecake","intimate seating, beautiful ambience, good options, beautiful place, good ambience, vibe"
Amaranta - The Oberoi,"Modern Indian, Seafood, North Indian",7000,"the oberoi, udyog vihar, gurgaon",4.2,183,0.0,0,https://www.zomato.com/ncr/amaranta-the-oberoi-udyog-vihar,"443, Phase 5, Udyog Vihar, Gurgaon",9.11242E+11,28.50191259,77.08689127,"worth the price, pool, fantastic place, great hospitality, cutlery, appetizers",not specified
Foodzilla,"North Indian, Chinese, Mughlai, Beverages",700,"gamma 1, greater noida",4.2,1019,3.9,16400,https://www.zomato.com/ncr/foodzilla-gamma-1,"5, Amritpuram, Near Pragyan School, Jagat Farms market, Gamma 1, Noida",9.11205E+11,28.47955787,77.50105217,"murgh patiala, schezwan chicken, hyderabadi chicken, murgh rara, handi paneer, panneer butter masala","relaxed atmosphere, ample seating area, packed on weekends, family place, design, behavior"
Thok,"North Indian, Mughlai, Chinese, Rolls, Biryani",700,"lajpat nagar 4, new delhi",4.2,632,3.8,7998,https://www.zomato.com/ncr/thok-lajpat-nagar-4-new-delhi,"A 67, Dayanand Colony, Lajpat Nagar 4, New Delhi",9.17042E+11,28.56168214,77.24957664,"handi meat, kadhai mushroom, kheer, roomali roti, tandoori momos, afghani chicken","late night delivery, quick delivery, decent place, awesome food, quick service, nice ambience"
Tandoori Innings,"North Indian, Chinese",700,"sector 50, gurgaon",4.2,450,3.8,4757,https://www.zomato.com/ncr/tandoori-innings-sector-50,"LG-01, Lower Ground Floor, Shopping Arcade, Malibu Towne, Sector 50, Gurgaon",9.18745E+11,28.42191024,77.05234911,not specified,not specified
The China Wall,"Chinese, Thai, Seafood, North Indian",500,"sector 135, noida",4.2,347,3.8,1628,https://www.zomato.com/ncr/the-china-wall-sector-135-noida,"Shop 5, Amenity Block 2, Candor Techspace, Sector 135, Noida",9.19971E+11,28.49679013,77.40218394,"chilli garlic crispy chicken, juicy chicken drumsticks, veg talumein soup, vegetable manchurian, chicken spring roll, chilli paneer gravy","decent prices, reasonable rate, best restaurant, wonderful presentation, perfect presentation, healthy food"
Raw Creams,"Ice Cream, Desserts, Beverages, Fast Food",350,"vijay nagar, new delhi",4.2,581,3.7,1365,https://www.zomato.com/ncr/raw-creams-vijay-nagar-new-delhi,"B-30/B, Near Mother Diary, Vijay Nagar, New Delhi",9.19717E+11,28.690563,77.201558,"liquid nitrogen ice cream, chocolate explosion, nutella hazelnut, nutella waffles, ice creams, cheesy fries","bank for the buck, pretty decor, totally worth it, table service, affordable, games"
Doosri Mehfil,"North Indian, Chinese, Mughlai, Kebab",1800,"sector 18, noida",4.2,564,3.9,263,https://www.zomato.com/ncr/doosri-mehfil-sector-18-noida,"D-2C, Sector 18, Noida",9.19711E+11,28.57165138,77.32440759,"haryali chicken tikka, chicken burra, cheese naan, tandoori mushroom, chicken lollypop, rara chicken","ghazal performance, dining room, great customer service, attentive service, good atmosphere, great prices"
QRO Gourmeteriia,"Cafe, Beverages, Italian, Chinese",600,"satyaniketan, new delhi",4.2,590,3.9,1705,https://www.zomato.com/ncr/qro-gourmeteriia-satyaniketan-new-delhi,"2, First Floor, Benito Juarez Marg, Opposite Sri Venkateshwara College, Satyaniketan, New Delhi",9.19873E+11,28.58794889,77.16758654,"fusion platter, ferrero rocher, butter chicken pizza, peri peri pizza, keema, kitkat shake","sheesha, pocket friendly prices, hookah, nice interiors, comfortable seating, favorite place"
The CUP N CAKE Factory,"Bakery, Desserts",400,"sector 50, gurgaon",4.2,625,4.3,1349,https://www.zomato.com/ncr/the-cup-n-cake-factory-sector-50,"B-1, Unitech Business Zone, Nirvana Country, Near Sodhis, Sector 50, Gurgaon",9.19911E+11,28.41361863,77.07220215,"cup cakes, cupcakes, choco fudge, chocolate truffle, red velvet cake, pastries",not specified
Halki Aanch,"Mughlai, Biryani, Chinese, North Indian",700,"dlf phase 3, gurgaon",4.2,549,4.0,1351,https://www.zomato.com/ncr/halki-aanch-dlf-phase-3,"Sector 24, Garden Estate, MG Road, DLF Phase 3, Gurgaon",9.19312E+11,28.48358904,77.10145399,"sikandari raan, achari aloo, tawa paneer, tawa chicken, sweet corn soup, afghani chicken","cosy place, excellent food, chinese, great ambiance, quick service, awesome food"
Biryani Queen,"Biryani, North Indian, Mughlai, Hyderabadi, Kebab, Rolls",600,"omaxe connaught place, beta 2, greater noida",4.2,192,4.0,1234,https://www.zomato.com/ncr/biryani-queen-beta-2-greater-noida,"FT-07, 2nd Floor, Block H, Omaxe Connaught Place Mall, Beta 2, Greater Noida",9.19953E+11,28.48880879,77.51398847,"boneless mutton biriyani, spicy soya chaap biryani, shahi paneer tikka biryani, raita, paneer butter masala, meat","boneless chicken biryani, relaxed atmosphere, portions, wonderful presentation, best food under best budget, prices"
Dora Cafe,"Healthy Food, Continental, Italian, Mexican, Beverages",900,"punjabi bagh, new delhi",4.2,153,3.9,38,https://www.zomato.com/ncr/dora-cafe-punjabi-bagh-new-delhi,"NW-30, Club Road, Punjabi Bagh, New Delhi",9.18861E+11,28.66664856,77.1207555,"bottomless brunch, totally worth it, hearty breakfasts, variety of pizza, customizable dishes, outdoor seating",not specified
The Mad Teapot/The Wishing Chair,"Cafe, Bakery, Italian",1000,"shahpur jat, new delhi",4.2,333,0.0,0,https://www.zomato.com/ncr/the-mad-teapot-the-wishing-chair-shahpur-jat-new-delhi,"86-A, Shahpur Jat, New Delhi",9.11147E+11,28.54930467,77.21437532,"glass noodle salad, sour cream, spaghetti, hot chocolate, salads, pastas","chair, warm place, pure veg, beautiful cafe, fresh ingredients, host"
Pizzaa79,"Pizza, Italian, Fast Food, Desserts, Beverages",500,"sector 81, faridabad",4.2,1481,4.1,5548,https://www.zomato.com/ncr/pizzaa79-sector-81-faridabad,"SCO 58, 1st Floor, Omaxe World Street, Sector 79, Near Sector 81, Faridabad",9.19595E+11,28.38738103,77.35336673,"queen margherita pizza, onion cheese pizza, maharaja supreme burger, sweet corn pizza, choco brownie, capsicum pizza","good space, not very crowded, cute little place, great restaurant, fastest delivery, great menu"
Amritsari Kitchen,"North Indian, Rolls",450,"sector 63, noida",4.2,597,3.9,11100,https://www.zomato.com/ncr/amritsari-kitchen-sector-63-noida,"A-127, A Block, Sector 63, Noida",9.19811E+11,28.61868746,77.37938147,not specified,not specified
Goli Vada Pav No. 1,"Street Food, Beverages",350,"sector 18, noida",4.2,538,4.1,19300,https://www.zomato.com/ncr/goli-vada-pav-no-1-sector-18-noida,"G-15, Krishna Apra Plaza, Plot 3, Block P, Sector 18, Noida",9.11204E+11,28.56973452,77.32550796,"makkai palak vada pav, paneer vada pav, crunchy roll, cheese vada pao, misal pav, peri peri fries","cozy ambiance, street food, good crowd, great recommendations, authentic taste, delivery time"
Spring - Radisson Blu Dwarka,"Continental, North Indian, Beverages",3000,"radisson blu, sector 13, dwarka, new delhi",4.2,685,0.0,11,https://www.zomato.com/ncr/spring-radisson-blu-dwarka-sector-13-dwarka-new-delhi,"Plot 4, Sector 13, Dwarka, New Delhi",9.19818E+11,28.5963687,77.03625385,"dinner buffet, deserts, fish, breads, drinks, dal makhani","warm welcome, excellent experience, live music, host, great hospitality, breakfast"
Kebabs and Curries Company by Dilli Dil Se,"North Indian, Mughlai, Chinese, Kebab",700,"vasant kunj, new delhi",4.2,352,4.0,4174,https://www.zomato.com/ncr/kebabs-and-curries-company-by-dilli-dil-se-vasant-kunj-new-delhi,"Shop 36, Ground Floor, DDA Market, Community Shopping Centre, Pocket 3-4, Sector D, Vasant Kunj, New Delhi",9.17414E+11,28.518487,77.157996,"matka chicken, butter paneer masala, soya malai chaap, laccha parantha, afghani chicken, kebabs","delivery time, good quantity, tasty, awesome food, packing, amazing food"
Masala Fusion Delight,"North Indian, Mughlai, Rolls, Biryani",400,"sohna road, gurgaon",4.2,414,3.9,4236,https://www.zomato.com/ncr/masala-fusion-delight-sohna-road,"Scottish Mall, Sector 47, Sohna Road, Gurgaon",9.18751E+11,28.41107844,77.04122465,"chicken seekh masala, tawa chicken, chicken 65, chole, soya chaap, rumali roti","worth on price, freshly prepared, highly recommended, delivery on time, many choices, tasty stuff"
Scorpio Cafe,"Chinese, Fast Food, Pizza, Burger, Sandwich",400,"mayur vihar phase 2, new delhi",4.2,1059,4.1,8481,https://www.zomato.com/ncr/scorpio-cafe-mayur-vihar-phase-2-new-delhi,"G-4, Durga Complex, Pocket B, Mayur Vihar Phase 2, New Delhi",9.19999E+11,28.61968989,77.30108444,"spicy chicken sandwich, chilli potato, pastas, white sauce pasta, chicken burger, burgers","not very crowded, cozy ambiance, clean place, inexpensive, great staff, great value"
Chinese Garage,"Chinese, Momos, Asian",600,"east of kailash, new delhi",4.2,701,4.0,7909,https://www.zomato.com/ncr/chinese-garage-east-of-kailash-new-delhi,"23, Community Center, D Block, East of Kailash, New Delhi",9.18377E+11,28.55862252,77.24571157,"classic chilli paneer, vegetable dimsums, schezwan noodles, chicken drumsticks, dim sums, chilli chicken dry","not very crowded, pocket friendly, chinese, quick delivery, great recommendations, authentic taste"
Cafe Pasticcino,"Cafe, Fast Food, Healthy Food, Sandwich, Modern Indian, Italian, Rolls, Beverages",1300,"dlf phase 1, gurgaon",4.2,213,4.0,484,https://www.zomato.com/ncr/cafe-pasticcino-dlf-phase-1,"N 2, Qutub Plaza, DLF Phase 1, Gurgaon",9.11245E+11,28.47254693,77.10169908,"lasagna, alfredo pasta, chips, pizzas, salad, shakes","intimate seating, efficient staff, cozy, cafe, courteous staff, good ambience"
Mon Delice,"Fast Food, Beverages, Desserts",500,"baani square, sector 50, gurgaon",4.2,226,4.2,631,https://www.zomato.com/ncr/mon-delice-sector-50,"G-87, Baani Square, Sector 50, Gurgaon",9.2E+11,28.42538515,77.05710568,"choco fudge brownie, hazelnut pastry, tiramisu pastry, croissant, cookies, chocolate cake","bank for the buck, totally worth it, table service, decoration, fancy crowd, student crowd"
FewBucks,"Chinese, North Indian, Fast Food",650,"sushant shopping arcade, sushant lok, gurgaon, gurgaon",4.2,265,4.2,1472,https://www.zomato.com/ncr/fewbucks-sushant-lok,"D 8, Sushant Shopping Arcade, Sushant Lok, Gurgaon",9.18596E+11,28.46043253,77.07886476,"manchurian balls, matar paneer, masala chaap, chilli chicken dry, jeera rice, egg curry","bang for the buck, amazing packaging, great recommendations, low price, cutlery, great ambiance"
Sandwich Factory,"Sandwich, Fast Food, Beverages, Mexican, Desserts",500,"mayur vihar phase 2, new delhi",4.2,639,3.9,7345,https://www.zomato.com/SandwichFactory,"25A, Pocket B, Mayur Vihar Phase 2, New Delhi",9.18883E+11,28.61924018,77.30109148,"signature bruschetta, jumbo focaccia burger, chocolate croissant, panini sandwich, classic burger, burrito","preparation, polite staff, quick service, tasty, amazing place, owner"
Tandoori Knights,"North Indian, Chinese",450,"sector 11, faridabad",4.2,1047,3.6,7731,https://www.zomato.com/ncr/tandoori-knights-sector-11-faridabad,"Booth 15, DLF Market, Sector 11, Faridabad",9.19991E+11,28.37194581,77.31868107,"chicken leg fry, mushroom matar, chicken tangri, hakka noddles, veg rolls, boondi raita","good space, great restaurant, casual seating area, great menu, best quality, hygienic food"
The Waffee,"Desserts, Fast Food, Beverages",400,"vivek vihar, new delhi",4.2,418,4.3,1138,https://www.zomato.com/ncr/the-waffee-vivek-vihar-new-delhi,"C-206, Jhilmil Colony, Near Reliance Fresh, Vivek Vihar, New Delhi",9.19999E+11,28.66816564,77.3121405,"chocolate chip waffle, peri fries, waffles, hot coffee, hot chocolate, maggi","economical, new menu, cozy ambiance, great recommendations, prompt service, best places"
Rozaana,"North Indian, Chinese, South Indian, Fast Food",400,"sector 63, noida",4.2,346,3.9,3697,https://www.zomato.com/ncr/rozaana-sector-63-noida,"C-210, Sector 63, Noida",9.17839E+11,28.6182248,77.3873597,"bedmi poori, gajar halwa, panneer butter masala, idli, pao bhaji, sambhar","value for money, nice packaging, good crowd, combos, great quality, great recommendations"
Bakes N Berries,Bakery,200,"south city 2, gurgaon",4.2,257,4.3,908,https://www.zomato.com/ncr/bakes-n-berries-south-city-2,"Shop 18, Ground Floor, F-Block Market, South City 2, Gurgaon",9.2E+11,28.4178369,77.05611493,"ferrero rocher cake, blueberry pastry, eggless cake, choco truffle, cakes, pastries","great taste, presentation, packing, prices, quality, experience"
Snack Adda,"North Indian, Chinese, Fast Food, Beverages",600,"sector 45, noida",4.2,842,4.0,17600,https://www.zomato.com/ncr/snack-adda-sector-45-noida,"Shop 14, VDC Market, Sector 45, Noida",9.19541E+11,28.55554042,77.34660555,"paneer pizza, noodle, tandoori momos, paneer lababdar, spring roll, starter","not very crowded, elegantly decorated, inexpensive, great recommendations, hygienic food, great ambiance"
Lip Lock,"North Indian, Chinese, Mughlai",600,"sector 71, noida",4.2,408,3.9,6677,https://www.zomato.com/ncr/lip-lock-sector-71-noida,"BH 93, Sector 70, Near Sector 71, Noida",9.188E+11,28.597525,77.385979,"kashmiri dum aloo, honey chilli potatoes, noodle, spring roll, tandoori roti, manchurian","hygienic food, reasonable prices, great recommendations, tamper proof packaging, fast delivery, wonderful presentation"
iHf Delite Punjabi,"North Indian, Rolls, Mughlai, Fast Food",450,"dlf phase 3, gurgaon",4.2,513,3.6,10300,https://www.zomato.com/ncr/ihf-delite-punjabi-dlf-phase-3,"Shop 107, Basement Market, U Block, DLF Phase 3, Gurgaon",9.1999E+11,28.48959086,77.09497143,"afghan chicken, deluxe thali, butter roti, chilly paneer, veg biryani, paneer butter masala","bang for the buck, pocket friendly, takeaway, great recommendations, prompt service, great ambiance"
The Streat,"North Indian, Chinese, Fast Food",1000,"dlf phase 2, gurgaon",4.2,251,4.0,2741,https://www.zomato.com/ncr/the-streat-dlf-phase-2,"M11 A/9, Opposite DLF Square, DLF Phase 2, Gurgaon",9.196E+11,28.49019848,77.08389625,"mushroom cheese omelette, sauteed vegetables, malai soya chaap, oreo shake, dal, naan","romantic place, bang for the buck, nice crowd, cozy, prompt service, polite staff"
Devkinandan,"North Indian, Chinese, South Indian, Fast Food, Beverages",300,"sector 18, noida",4.2,247,3.5,982,https://www.zomato.com/ncr/devkinandan-sector-18-noida,"G-12 & 14, Krishna Apra Plaza, Sector 18, Noida",9.11204E+11,28.56970596,77.32553277,"deluxe thali, special thali, afghani chaap, pao bhaji, kheer, lassi","plenty of vegetarian options, not very crowded, elegantly decorated, pocket friendly, great recommendations, polite staff"
Dilli BC,"North Indian, Mughlai, Biryani, Rolls",700,"sector 72, noida",4.2,243,3.9,2570,https://www.zomato.com/ncr/dilli-bc-sector-72-noida,"12A, GH 10, Gardenia Gateway, Sector 75, Near Sector 72, Noida",9.1999E+11,28.57171675,77.38271009,"soya tikka roll, missi rotis, bhatti chicken, dal dhaba, paneer lababadar, tawa chaap masala","very good quality, bang for the buck, chirpy crowd, perfect service, value for money, elegantly decorated"
Sirf Biryani,"Biryani, North Indian",400,"rodeo drive, sector 49, gurgaon, gurgaon",4.2,272,3.3,1594,https://www.zomato.com/ncr/sirf-biryani-sector-49,"137, 1st Floor, Block D, Rodeo Drive, Arcadia 2, Sector 49, Gurgaon",9.19774E+11,28.42000835,77.05182843,"kolkata chicken biryani, mutton biriyani, chaap, meat, sauce","mouth watering food, comfort food, low price, quick delivery, favorite place, great recommendations"
Nirvana Restaurant,"North Indian, Mughlai",600,"dlf cyber city, gurgaon",4.2,282,4.0,422,https://www.zomato.com/ncr/nirvana-restaurant-dlf-cyber-city,"Building 5, Tower B, DLF Epitome, DLF Cyber City, Gurgaon",9.19971E+11,28.49017697,77.09187482,"bhindi kurkure, rajma rice, chicken rara, rajma chawal, chicken tikka masala, tandoori platter","employee, good location, excellent taste, hygienic food, great quality, good price"
Mango Chutney,"North Indian, Mughlai, Rolls",500,"malviya nagar, new delhi",4.2,271,3.6,438,https://www.zomato.com/ncr/mango-chutney-malviya-nagar-new-delhi,"139/D, Ground Floor, Behind Savitri Nagar, Malviya Nagar, New Delhi",9.17985E+11,28.53827504,77.21920062,"butter paneer, malai soya chaap, malai kofta, veg thali, tandoori chicken, paneer tikka","cordial staff, pocket friendly, good packing, great recommendations, quick delivery, amazing place"
Nikashee,"Chinese, Thai",700,"malviya nagar, new delhi",4.2,738,4.1,3580,https://www.zomato.com/ncr/nikashee-malviya-nagar-new-delhi,"E-1/12, Ground Floor, Main Market, Malviya Nagar, New Delhi",9.11127E+11,28.53389633,77.20903773,"kung pao chicken, manchow soup, soups, honey chilli potatoes, chilly paneer, chilly chicken","the quality and the quantity, affordable, chinese, family place, authenticity, good value"
Mad 4 Bar B Que,"Mughlai, North Indian, Chinese, Rolls, Biryani, Momos",700,"sector 29, faridabad",4.2,576,3.8,19100,https://www.zomato.com/ncr/mad-4-bar-b-que-sector-29-faridabad,"DSS 8, HUDA Market, Sector 29, Faridabad",9.19719E+11,28.4336269,77.32246969,"tandoori chaap, chicken soup, chilli potatoes, tawa chicken, paneer butter masala, hakka noodles","good delivery, fantastic place, family place, quick delivery, yummy food, good quality food"
Railway Yard,"North Indian, Chinese, Mughlai, Fast Food, Beverages",600,"gujranwala town, new delhi",4.2,1322,4.0,10700,https://www.zomato.com/ncr/railway-yard-gujranwala-town-new-delhi,"B-36/11, GT Karnal Road Industrial Area, Near Nanak Piao Gurudwara, Gujranwala Town, New Delhi",9.11142E+11,28.69367814,77.18519624,"cigar roll, matki chicken, chilli mushroom, butter paneer, maggie, white sauce pasta","drive through, not very crowded, pocket friendly, games, cozy ambiance, good hospitality"
China Garden,Chinese,2400,"m block market, greater kailash 2 (gk2), new delhi",4.2,962,3.9,236,https://www.zomato.com/ncr/china-garden-greater-kailash-gk-2-new-delhi,"M 73, M Block Market, Greater Kailash (GK) 2, New Delhi",9.19812E+11,28.53284212,77.24330563,"aromatic honey chicken, soya wine fish, sapo chicken, hakka chowmein, date pancakes, crispy lotus stem","modern vibe, intimate setting, sophisticated, attentive service, worth the price, chinese restaurant"
Pizza Exp 24/7,"Pizza, Fast Food, Beverages",600,"sector 54, gurgaon",4.2,320,3.3,67,https://www.zomato.com/ncr/pizza-exp--sector-54,"1605, Sarasvati Kunj, Sector 54, Gurgaon",9.19555E+11,28.4347602,77.0961676,not specified,not specified
Ganesh Restaurant,"North Indian, Mughlai, Rolls",400,"karol bagh, new delhi",4.2,898,4.0,5528,https://www.zomato.com/ncr/ganesh-restaurant-karol-bagh-new-delhi,"2298, Gurudwara Road Chowk, Karol Bagh, New Delhi",9.1981E+11,28.64844225,77.19278622,"egg pakora, fish pakoda, tandoori chicken tikka, chicken afghani, fish fry, chicken fry","service time, fast delivery service, best services, great recommendations, prompt delivery, friendly place"
Yangkiez - Momos & More,"Chinese, Momos",400,"baani square, sector 50, gurgaon",4.2,185,3.7,1032,https://www.zomato.com/ncr/yangkiez-momos-more-sector-50,"Shop 6, Ground Floor, Baani Square, Sector 50, Gurgaon",9.19318E+11,28.42554762,77.05775376,"wheat momo, fried chicken wings, manchurian noodles, chicken momo, spring rolls, chilli potato","seating capacity, weekend brunch, good music, elaborate menu, family crowd, cute packaging"
Pema's,"Chinese, Asian, Naga, Tibetan, Momos",700,"malviya nagar, new delhi",4.2,841,4.1,15800,https://www.zomato.com/ncr/pemas-malviya-nagar-new-delhi,"Shop 5, 3/31, Upper Ground Floor, Shivalik Road, Malviya Nagar, New Delhi",9.11142E+11,28.53432961,77.20717158,"sliced pork, tingmo, chicken momo, veg momos, chicken fried rice, soups","prompt delivery, comfort food, chinese, great value, customer service, owner"
Sushiya,"Sushi, Rolls, Japanese",800,"select citywalk mall, saket, new delhi",4.2,857,4.0,11700,https://www.zomato.com/ncr/sushiya-saket-new-delhi,"1st Floor, Select Citywalk Mall, Saket, New Delhi",9.19312E+11,28.52872564,77.21963044,"maki, california roll, sashimi, miso soup, sushi rolls, salmon sushi","cute little place, fresh ingredients, great value, good value, delivery time, polite staff"
Burger Point,"Fast Food, Burger, Beverages",300,"sector 15, gurgaon",4.2,446,4.2,1700,https://www.zomato.com/ncr/burger-point-1-sector-15,"108, Part 2, Sector 15, Gurgaon",9.11244E+11,28.45867813,77.0436829,"maharaja supreme burger, cheese sandwich, wraps, veg burger, sandwiches, french fries","preparation, reasonable price, great place, good place, ambiance, value for money"
Dramz,"Continental, Italian, European, Asian",1300,"mehrauli, new delhi",4.1,1712,0.0,2,https://www.zomato.com/ncr/dramz-mehrauli-new-delhi,"1580/1, KD Marg, Near Qutub Minar, Mehrauli, New Delhi",9.19311E+11,28.52468147,77.18366504,"chocolate pie, kiwi drink, orange mojito, date night, stuffed mushrooms, wine","view on terrace is lovely, magnificent view, breathtaking view, best view, excellent view, perfect view"
The Sky High,"Continental, North Indian, Mughlai, Italian",1800,"ansal plaza mall, khel gaon marg, new delhi",4.1,1703,0.0,0,https://www.zomato.com/ncr/the-sky-high-khel-gaon-marg-new-delhi,"C-306 A - 307, T-101 & 102, 3rd Floor, Ansal Plaza Mall, Khel Gaon Marg, New Delhi",+91 8068974455,28.56231026,77.22429547,not specified,not specified
Clue,"Finger Food, North Indian, Continental, Chinese, Mughlai, Beverages",1300,"punjabi bagh, new delhi",4.1,730,0.0,0,https://www.zomato.com/ncr/clue-punjabi-bagh-new-delhi,"27, 3rd Floor, North West Avenue, Club Road, Near Axis Bank, Punjabi Bagh, New Delhi",011 66107202,28.66645941,77.12449148,not specified,not specified
The Wine Company,"Modern Indian, Italian, European",3000,"cyber hub, dlf cyber city, gurgaon",4.1,3020,0.0,0,https://www.zomato.com/ncr/the-wine-company-dlf-cyber-city,"Cyber Hub, DLF Cyber City, Gurgaon",9.19643E+11,28.49608413,77.08895758,not specified,not specified
Ghoomar Traditional Thali Restaurant,"Rajasthani, North Indian",800,"connaught place, new delhi",4.1,482,3.5,860,https://www.zomato.com/ghoomarthalicp,"K-43, 1st Floor, Opposite PVR Plaza, Connaught Place, New Delhi",9.19811E+11,28.63507478,77.21960496,not specified,not specified
Limitless Cookhouse & Bar,"North Indian, Mughlai, Fast Food, Chinese",2000,"ansal plaza mall, khel gaon marg, new delhi",4.1,782,0.0,0,https://www.zomato.com/ncr/limitless-cookhouse-bar-khel-gaon-marg-new-delhi,"3rd Floor, Ansal Plaza Mall, Khel Gaon Marg, New Delhi",+91 8068974651,28.56223399,77.22477693,not specified,not specified
The Dineroom,"North Indian, Chinese, Continental, Desserts, Beverages",1400,"punjabi bagh, new delhi",4.1,248,4.2,81,https://www.zomato.com/ncr/the-dineroom-punjabi-bagh-new-delhi,"37, 2nd & 3rd Floor, North West Avenue, Club Road, Punjabi Bagh, New Delhi",9.19774E+11,28.66681124,77.12390207,not specified,not specified
RYU Bar,"Chinese, Thai, Asian, Bar Food, Desserts",2500,"32nd avenue, nh8, gurgaon, gurgaon",4.1,331,4.2,200,https://www.zomato.com/ncr/ryu-bar-sector-15,"Plot 27, 32nd Avenue, Part 2, National Highway 8, Sector 15, Gurgaon",9.1981E+11,28.4619149,77.0502437,euphoric nightlife experience with a rooftop bar and pan-asian and oriental dining,not specified
Kylin Experience,"Asian, Chinese, Thai, Japanese, Malaysian, Vietnamese",1800,"ambience mall, vasant kunj, new delhi",4.1,1311,4.2,1413,https://www.zomato.com/ncr/kylin-experience-vasant-kunj-new-delhi,"T-302, 3rd Floor, Ambience Mall, Vasant Kunj, New Delhi",9.19872E+11,28.54106047,77.15511058,"re-invented with luxurious ambience, new scrumptious pan asian dishes and exciting cocktails on the menu.",not specified
Qubitos - The Terrace Cafe,"Thai, European, Mexican, North Indian, Chinese",1600,"rajouri garden, new delhi",4.1,1456,0.0,1,https://www.zomato.com/ncr/qubitos-the-terrace-cafe-rajouri-garden-new-delhi,"C 7, Vishal Enclave, Opposite Metro Pillar 417, Rajouri Garden, New Delhi",9.1886E+11,28.647304,77.117843,not specified,not specified
Catalyst Gastrobar,"North Indian, European, Chinese, Fast Food, Tex-Mex, Continental, Italian, Beverages",1500,"sector 16, faridabad",4.1,429,3.8,76,https://www.zomato.com/ncr/catalyst-gastrobar-sector-16-faridabad,"SCO 8, 2nd Floor, HUDA Market, Sector 16, Faridabad",9.1721E+11,28.40949219,77.31900059,not specified,not specified
G2 Cafe,"Asian, Continental, Italian, North Indian, Pizza",800,"anand vihar, new delhi",4.1,401,4.1,344,https://www.zomato.com/ncr/g2-cafe-anand-vihar-new-delhi,"Pearl Grand Galaxy, 3 CBD, Opposite Leela Ambiance Hotel, Anand Vihar, New Delhi",9.17043E+11,28.66174535,77.30293717,not specified,not specified
The Forestta,"North Indian, Chinese, Italian",1000,"sector 54, gurgaon",4.1,1552,3.4,823,https://www.zomato.com/ncr/the-forestta-sector-54,"Plot 27, Saraswati Kunj, Suncity, Opposite Alchemist Hospital, Sector 54, Gurgaon",9.19818E+11,28.439295,77.103987,"fried icecream, murgh malai tikka, veg sweet corn soup, veg spring rolls, drums of heaven, chicken manchow soup","cover charges, pool table, beautiful cafe, best ambience, good vibe, calm"
Unlocked - Bar.Kitchen.Escape Room,"European, American, Italian, Continental, Desserts, Beverages",1600,"32nd avenue, nh8, gurgaon, gurgaon",4.1,324,2.9,16,https://www.zomato.com/ncr/unlocked-barkitchenescape-room-sector-15,"Unit 3, Ground Floor, 32nd Avenue, NH 8, Part 2, Sector 15, Gurgaon",011 71565092,28.46162806,77.04988886,"a restaurant offering a unique dining experience with authentic european dishes, a collection of board games and an escape room.",not specified
Noire - Live Kitchen,"Continental, Italian, Desserts, Fast Food, Beverages",2100,"m block market, greater kailash 2 (gk2), new delhi",4.1,252,4.1,356,https://www.zomato.com/ncr/noire-live-kitchen-greater-kailash-gk-2-new-delhi,"M-84, Ground Floor, M Block Market, Greater Kailash 2 (GK 2), New Delhi",9.11145E+11,28.53226686,77.24257439,not specified,not specified
Cafe Hawkers,"North Indian, Fast Food, Chinese, Italian, Mexican, Beverages, Desserts",1300,"connaught place, new delhi",4.1,1403,3.7,51,https://www.zomato.com/CafeHawkers,"L/ 22, Near Odean Cinema, Radial Road, Connaught Place, New Delhi",9.11123E+11,28.63454569,77.22125988,not specified,not specified
Invitation,"North Indian, Mughlai, Chinese",1300,"ashok vihar phase 2, new delhi",4.1,741,3.8,142,https://www.zomato.com/ncr/invitation-ashok-vihar-phase-2-new-delhi,"3, Community Centre, Ashok Vihar Phase 2, New Delhi",9.11127E+11,28.69641533,77.17943855,"paneer birbali, tomato soup, butter chicken, dal makhani, kadhai paneer, shahi paneer","relaxed atmosphere, family restaurant, server, food taste, interior, quick service"
Seoul Restaurant,"Japanese, Korean, Beverages",2500,"ansal plaza mall, khel gaon marg, new delhi",4.1,160,4.4,191,https://www.zomato.com/ncr/seoul-restaurant-2-khel-gaon-marg-new-delhi,"3rd Floor, Ansal Plaza Mall, C Block, Near Siri Fort, Khel Gaon Marg, New Delhi",9.11141E+11,28.562292,77.22443294,not specified,not specified
Cafe Soul Garden,"Cafe, Continental, Italian, Pizza",1300,"dlf phase 4, gurgaon",4.1,830,3.6,161,https://www.zomato.com/ncr/cafe-soul-garden-dlf-phase-4,"Near Supermart 2, DLF Phase 4, Gurgaon",9.17702E+11,28.46161539,77.08880804,"chicken thai curry, iced lemon tea, pizza alle verdure, veggie delight, stroganoff, chicken shawarama","romantic place, great for birthdays, good food good quality, cozy ambience, serving staff, beautiful cafe"
Mr Ohashi,"Asian, Sushi, Chinese, Japanese, Momos, Thai",1200,"sector 14, faridabad",4.1,203,4.3,671,https://www.zomato.com/ncr/mr-ohashi-sector-14-faridabad,"SCF 73 &74, 1st Floor, Sector 14, Faridabad",9.11294E+11,28.3946076,77.32969858,not specified,not specified
#3BROS,"Continental, Chinese, North Indian, Mughlai, Thai, Italian, Beverages",1000,"sector 63, noida",4.1,361,3.5,232,https://www.zomato.com/ncr/3bros-1-sector-63-noida,"Plot 19, 1st Floor, Block H1A, Noida City Zone-1, Near HDFC Bank, Sector 63, Noida",9.17211E+11,28.62811,77.375701,not specified,not specified
Kwality,"North Indian, Mughlai, Fast Food, Desserts, Beverages",2400,"connaught place, new delhi",4.1,526,4.0,109,https://www.zomato.com/ncr/kwality-connaught-place-new-delhi,"7, Regal Building, Connaught Place, New Delhi",9.11124E+11,28.62960919,77.2169831,not specified,not specified
The Bar Company,"Chinese, North Indian, Continental, Italian",2300,"gardens galleria, sector 38 noida, noida",4.1,490,0.0,0,https://www.zomato.com/ncr/the-bar-company-sector-38-noida,"2nd Floor, Gardens Galleria Mall, Sector 38, Noida",9.18929E+11,28.56489451,77.32170794,not specified,not specified
Pindi,"North Indian, Mughlai, Chinese, Beverages",1400,"pandara road market, new delhi",4.1,705,4.3,301,https://www.zomato.com/ncr/pindi-pandara-road-new-delhi,"16, Pandara Road Market, New Delhi",9.19819E+11,28.60795562,77.22982217,not specified,not specified
"Sorrento - Shangri-La's - Eros Hotel, New Delhi","Continental, Italian, Pizza, Seafood",3300,"shangri-la's - eros hotel, connaught place, new delhi",4.1,293,0.0,9,https://www.zomato.com/ncr/sorrento-shangri-las-eros-hotel-new-delhi-connaught-place-new-delhi,"19, Lobby Level, Ashoka Road, Connaught Place, New Delhi",9.11141E+11,28.62119823,77.21675009,not specified,not specified
Guftagu Cafe,"Cafe, Continental, Italian",800,"dlf phase 2, gurgaon",4.1,461,3.9,42,https://www.zomato.com/ncr/guftagu-cafe-dlf-phase-2,"Main Road, Opposite DLF City Court, DLF Phase 2, Gurgaon",9.1931E+11,28.48437144,77.09428947,"chicken crostini, blackberry mojito, butter maggi, peri fries, masala tea, hot coffee","variety of pasta, romantic place, peaceful ambience, calm, beautiful cafe, ambience was super cool"
Duty Free | Vayu Bar,"Continental, Mexican, North Indian, Pasta, Asian, Mughlai, Pizza",1500,"sector 29, gurgaon",4.1,1971,0.0,17,https://www.zomato.com/ncr/duty-free-vayu-bar-sector-29,"SCO - 32, Sector 29, Gurgaon",9.19811E+11,28.46873669,77.06325598,not specified,not specified
Mala-Akbari,"North Indian, Mughlai",1600,"sector 15, gurgaon",4.1,126,0.0,1,https://www.zomato.com/ncr/mala-akbari-sector-15,"Unit 21, 32nd Avenue, NH 8, Sector 15, Gurgaon",+91 8068974454,28.46234,77.050291,not specified,not specified
"Shang Palace - Shangri-La's - Eros Hotel, New Delhi","Asian, Beverages, Seafood",3500,"shangri-la's - eros hotel, connaught place, new delhi",4.1,320,0.0,9,https://www.zomato.com/ncr/shang-palace-shangri-las-eros-hotel-new-delhi-connaught-place-new-delhi,"19, Lobby Level, Ashoka Road, Connaught Place, New Delhi",9.196E+11,28.62110581,77.21695628,not specified,not specified
Mosaic - Crowne Plaza,"Italian, Continental, North Indian, Asian, Desserts, Beverages",3000,"crowne plaza hotel, rohini, new delhi",4.1,669,3.9,79,https://www.zomato.com/ncr/mosaic-crowne-plaza-rohini-new-delhi,"Crowne Plaza, Twin District Centre, Sector 10, Rohini, New Delhi",9.11145E+11,28.72069193,77.11051516,not specified,not specified
Cha Bar,"Cafe, Fast Food, Desserts, Biryani, Italian, Sandwich",600,"connaught place, new delhi",4.1,5269,3.9,59,https://www.zomato.com/ncr/cha-bar-connaught-place-new-delhi,"N-81, Oxford Bookstore, Connaught Place, New Delhi",9.19911E+11,28.63134604,77.22181208,"passion fruit ice tea, cardamom tea, bun tikki, earl grey tea, rose tea, smoked chicken pasta","books books and books, unique cafe, lovely cafe, positive vibe, peaceful environment, interesting place"
Baba's,"North Indian, Mughlai, Kebab",1000,"golf course road, gurgaon",4.1,1045,4.1,10400,https://www.zomato.com/ncr/babas-golf-course-road,"Opposite Metro Pillar 200, Sector 53, Golf Course Road, Gurgaon",9.1917E+11,28.43400369,77.10436989,"lemon mushroom, baba butter chicken, reshmi chicken, hari mirch paratha, masala cola, tangdi chicken","serving size, waiting time, cozy place, fancy crowd, great hospitality, authentic taste"
The Colony Bistro,"Continental, North Indian, Chinese, Fast Food, Beverages",1500,"amar colony, new delhi",4.1,1080,4.0,2785,https://www.zomato.com/ncr/the-colony-bistro-amar-colony-new-delhi,"C-31, Amar Colony Main Market, Amar Colony, New Delhi",9.17304E+11,28.56326758,77.24456828,not specified,not specified
Epic Restro Bar,"North Indian, Chinese, Fast Food, Beverages",2500,"hauz khas village, new delhi",4.1,330,0.0,8,https://www.zomato.com/ncr/epic-restro-bar-hauz-khas-village-new-delhi,"8A, Ground Floor, Near Deer Park, Hauz Khas Village, New Delhi",9.2E+11,28.5543315,77.1945163,not specified,not specified
Foresta Bistro And Cafe,"Cafe, North Indian, Mughlai, Italian, Continental",600,"champa gali, saket, new delhi",4.1,832,4.0,517,https://www.zomato.com/ncr/foresta-bistro-and-cafe-sainik-farms-new-delhi,"631, 2nd Floor, Lane 3, Champa Gali, Westend Marg, Saidulajab, Sainik Farms, New Delhi",9.1777E+11,28.51802154,77.19922226,not specified,not specified
Krua Thai,"Asian, Thai",1500,"golf course extension, gurgaon",4.1,196,4.5,374,https://www.zomato.com/ncr/krua-thai-golf-course-extension-gurgaon,"Ramgarh, Sector 67, Golf Course Extension, Gurgaon",9.19999E+11,28.390561,77.066905,not specified,not specified
By the Bay,"North Indian, Italian, Chinese, Bar Food",1300,"delhi university-gtb nagar, new delhi",4.1,1086,3.9,160,https://www.zomato.com/ncr/by-the-bay-delhi-university-gtb-nagar-new-delhi,"2522, First Floor, Hudson Lane, Kingsway Camp, Delhi University-GTB Nagar, New Delhi",9.2E+11,28.694929,77.204236,not specified,not specified
Black Club+Café,"North Indian, Italian, Fast Food",1500,"gaur city 1, greater noida",4.1,284,0.0,0,https://www.zomato.com/ncr/black-club-café-gaur-city-1-greater-noida,"Shop 10, T012A-14, 2A-2B, 3rd Floor, Gaur City Mall, Gaur City 1, Greater Noida",9.19312E+11,28.60625755,77.43000514,"service is great, average sized portions, ambience was super cool, sanitised service, excellent location, fantastic decoration",not specified
360° -  The Oberoi,"Italian, Continental, North Indian, Mediterranean",5000,"the oberoi, dr. zakir hussain marg, new delhi",4.1,249,0.0,0,https://www.zomato.com/ncr/360°-the-oberoi-zakir-hussain-marg-new-delhi,"The Oberoi, Dr. Zakir Hussain Marg, New Delhi",9.11124E+11,28.59624,77.239717,"great for dates, worth the price, hospitality, great service, decor, ambiance",not specified
Tesoro Mio,"Continental, Chinese, Italian, Fast Food, North Indian, Mughlai, Tex-Mex, Beverages",1500,"preet vihar, new delhi",4.1,1011,4.0,352,https://www.zomato.com/ncr/tesoro-mio-preet-vihar-new-delhi,"G-13, Top Floor, Opposite Metro Pillar 106, Vikas Marg, Preet Vihar, New Delhi",9.19811E+11,28.64364118,77.29847465,family place with cosy ambiance and good continental food,not specified
Little Attock,"Modern Indian, Continental, Street Food, Desserts, Beverages",1500,"okhla phase 3, new delhi",4.1,168,4.0,176,https://www.zomato.com/ncr/little-attock-okhla-phase-3-new-delhi,"F 95, Modi Mills, Okhla Phase 3, New Delhi",9.11145E+11,28.55059403,77.27125961,"slow-cooked in copper utensils, unprocessed seasonal ingredients, and traditional practices of undivided india, make for an immersive food experience of a slow life so we can again relive the joys of nutritious, healthy, and gratifying food.",not specified
Not Just Paranthas,"North Indian, Kebab, Beverages, Mughlai",1100,"cyber hub, dlf cyber city, gurgaon",4.1,2027,3.8,116,https://www.zomato.com/ncr/not-just-paranthas-dlf-cyber-city,"Shop 108, 1st Floor, Cyber Hub, DLF Cyber City, Gurgaon",9.19972E+11,28.49513857,77.088685,"pan pizza parantha, sharabi parantha, churchur paratha, amritsari parantha, mutton parantha, dal parantha","affordable, nice environment, ample seating area, outdoor sitting, staff service, menu options"
3B's -  Country Inn & Suites,"Continental, Chinese, North Indian, Beverages",2800,"country inn & suites by carlson, sahibabad, ghaziabad",4.1,291,0.0,0,https://www.zomato.com/ncr/3bs-country-inn-suites-sahibabad-ghaziabad,"Country Inn & Suites By Carlson, Sahibabad, Ghaziabad",9.18801E+11,28.65370885,77.34418653,not specified,not specified
Dhaba - A Punjabi Theme,"North Indian, Chinese, Kebab",2000,"rajouri garden, new delhi",4.1,1324,3.9,5052,https://www.zomato.com/ncr/dhaba-a-punjabi-theme-rajouri-garden-new-delhi,"A-5, Vishal Enclave, Rajouri Garden, New Delhi",9.19891E+11,28.64766224,77.11925581,"murgh rara, fish platter, palak panner, tangdi kabab, authentic punjabi food, mushroom masala","dhaba feel, perfect family restaurant, pocket friendly place, ample seating area, relaxed atmosphere, service charge"
Cayenne The House Of Spice,"North Indian, Chinese",1200,"sector 63, noida",4.1,257,3.9,61,https://www.zomato.com/ncr/cayenne-the-house-of-spice-sector-63-noida,"H1A/35, 1st Floor, Sector 63, Noida",9.11205E+11,28.62665219,77.37520024,not specified,not specified
Plats,"European, Fast Food, Beverages, Bakery",2000,"malviya nagar, new delhi",4.1,163,4.4,136,https://www.zomato.com/ncr/plats-1-malviya-nagar-new-delhi,"C 51, Ground Floor, Shivalik, Malviya Nagar, New Delhi",9.11142E+11,28.53904,77.212147,"family crowd, elaborate menu, good music, amazing food, amazing place, customizable food",not specified
Aatithyam,"South Indian, North Indian, Chinese",850,"hajipur, noida",4.1,255,3.9,315,https://www.zomato.com/ncr/aatithyam-hajipur,"HA 102, 1st Floor, Sector 104, Near Hajipur, Noida",9.188E+11,28.53999396,77.36669865,"outside seating, south indian food, weekend brunch, elaborate menu, portion size, wonderful presentation",not specified
Masala Art - Taj Palace,"North Indian, Mughlai",3500,"taj palace, chanakyapuri, new delhi",4.1,469,0.0,0,https://www.zomato.com/ncr/masala-art-taj-palace-chanakyapuri-new-delhi,"Taj Palace, 2, Sardar Patel Marg, Chanakyapuri, New Delhi",9.11126E+11,28.59518824,77.17174027,"get a complimentary night, earn up to 50% of spends as points at 250+ restaurants & much more. know more",not specified
The Himalayan Kitchen,"Tibetan, Asian, Nepalese, Chinese",1300,"m block market, greater kailash 2 (gk2), new delhi",4.1,223,4.2,329,https://www.zomato.com/ncr/the-himalayan-kitchen-greater-kailash-gk-2-new-delhi,"M-20, M Block Market, Greater Kailash 2 (GK 2), New Delhi",9.17304E+11,28.53368219,77.24226661,not specified,not specified
Kalaakaar - The Melodramatic Cafe,"North Indian, Chinese, Pizza, Momos, Rolls, Desserts, Beverages",850,"rajouri garden, new delhi",4.1,248,4.1,524,https://www.zomato.com/ncr/kalaakaar-the-melodramatic-cafe-1-rajouri-garden-new-delhi,"E-1, Block E, Rajouri Garden, New Delhi",9.17702E+11,28.642342,77.123946,not specified,not specified
Rajdhani,"Gujarati, Rajasthani, North Indian",1100,"connaught place, new delhi",4.1,2073,3.9,2351,https://www.zomato.com/ncr/rajdhani-connaught-place-new-delhi,"9 A, Atmaram Mansion, Scindia House, Connaught Place, New Delhi",9.11144E+11,28.63009682,77.22044885,"strawberry halwa, misi roti, ker sangri, rajasthani thaali, gujarati thali, dal baati","good for large groups, amazing food and experience, ample seating area, excellent food and service, warm welcome, unlimited refills"
Pizza Studio,"Pizza, Fast Food",450,"laxmi nagar, new delhi",4.1,653,3.9,14200,https://www.zomato.com/ncr/pizza-studio-1-laxmi-nagar-new-delhi,"Shop 29, DDA Market, Nirman Vihar, Near Malik Radix Hospital, Laxmi Nagar, New Delhi",9.19698E+11,28.6347814,77.28820212,not specified,not specified
Mitra Da Dhaba,"North Indian, Chinese",350,"west patel nagar, new delhi",4.1,978,0.0,3,https://www.zomato.com/ncr/mitra-da-dhaba-west-patel-nagar-new-delhi,"Shop X-57, West Patel Nagar, New Delhi",9.17292E+11,28.64961328,77.1640145,"afghani chaap, panneer butter masala, chana masala, daal makhni, soya chaap, shahi paneer","great seating capacity, desi vibes, pocket friendly, hygiene, food quality, great food"
The Nerdy Indian Cafe,"Asian, Continental, North Indian, Beverages",700,"champa gali, saket, new delhi",4.1,286,3.7,135,https://www.zomato.com/ncr/the-nerdy-indian-cafe-sainik-farms-new-delhi,"Champa Gali, Westend Marg, Saidulajab, Sainik Farms, New Delhi",9.19583E+11,28.51743402,77.20017236,not specified,not specified
Elation,"North Indian, European, Italian, Finger Food, Chinese",1500,"greater kailash 1 (gk1), new delhi",4.1,590,3.6,88,https://www.zomato.com/ncr/elation-greater-kailash-gk-1-new-delhi,"M-32, 2nd Floor, Greater Kailash (GK) 1, New Delhi",9.18528E+11,28.54957268,77.23621521,not specified,not specified
Churchill's Cafe,"Continental, Chinese, North Indian, Italian, Beverages",1600,"sector 21, dwarka, new delhi",4.1,163,3.9,35,https://www.zomato.com/ncr/churchills-cafe-sector-21-dwarka-new-delhi,"Pacific Mall, Airport Express Line, Sector 21, Dwarka, New Delhi",9.17704E+11,28.55301984,77.05802366,not specified,not specified
Elan - The Lodhi,"North Indian, Continental, Italian, Salad",3500,"the lodhi, lodhi road, new delhi",4.1,380,0.0,8,https://www.zomato.com/ncr/elan-the-lodhi-lodhi-road-new-delhi,"The Lodhi, Lodhi Road, New Delhi",9.1729E+11,28.59145632,77.23806392,"cappuccino, buffet, dessert, dal makhni, pasta, breads","great for dates, great lighting, sophisticated, worth the price, courteous service, view"
Chawla's Tandoori Junction,"North Indian, Mughlai, Chinese, Biryani",800,"karkardooma, new delhi",4.1,612,4.0,7680,https://www.zomato.com/ncr/chawlas-tandoori-junction-karkardooma-new-delhi,"G-3, Pankaj Plaza 2, Community Center, Karkardooma, New Delhi",9.11122E+11,28.64803651,77.30307765,"rajma masala, tawa chaap, chicken malai tikka, tandoori chicken, spring roll, garlic naan","quality of food, relaxed atmosphere, takeaway, cleanliness, family crowd, amazing place"
Capital Kitchen - Taj Palace,"North Indian, European, Asian",4500,"taj palace, chanakyapuri, new delhi",4.1,352,0.0,0,https://www.zomato.com/ncr/capital-kitchen-taj-palace-chanakyapuri-new-delhi,"Taj Palace 2, Sardar Patel Marg, Chanakyapuri, New Delhi",9.11126E+11,28.59518412,77.17169803,"get a complimentary night, earn up to 50% of spends as points at 250+ restaurants & much more. know more",not specified
TGI Fridays,"American, Tex-Mex, Italian, Mexican, Continental, Beverages",2500,"dlf promenade mall, vasant kunj, new delhi",4.1,1933,4.2,546,https://www.zomato.com/ncr/tgi-fridays-vasant-kunj-new-delhi,"302-304, 2nd Floor, DLF Promenade, Vasant Kunj, New Delhi",9.17053E+11,28.54187808,77.15626426,not specified,not specified
The Brewhouse - Radisson Gurugram Sohna Road City Center,"Bar Food, Asian, North Indian, Continental, Desserts, Beverages",1500,"radisson gurugram sohna road city center, sohna road, gurgaon",4.1,204,0.0,0,https://www.zomato.com/ncr/the-brewhouse-radisson-gurugram-sohna-road-city-center-sohna-road,"Radisson Gurugram Sohna Road City Center, Block S, Sohna Road, Gurgaon",9.11245E+11,28.41644538,77.04136949,not specified,not specified
World Cafe - Vibe By The LaLiT Traveller,"North Indian, Continental, Chinese, Fast Food, Beverages, Desserts",1500,"vibe by the lalit traveller, mathura road, faridabad",4.1,302,4.3,145,https://www.zomato.com/ncr/world-cafe-vibe-by-the-lalit-traveller-sector-35-faridabad,"Vibe by The Lalit Traveller, 12/7, Sector 35, Faridabad",9.11294E+11,28.47256285,77.3062725,"panneer butter masala, buffet, mocktails, dal makhni, pasta, starters","customizable, extensive food menu, private dining room, sophisticated, jazz music, worth the price"
Gaon,"North Indian, Bihari, Biryani, Rajasthani",800,"malviya nagar, new delhi",4.1,610,3.9,9589,https://www.zomato.com/ncr/gaon-malviya-nagar-new-delhi,"7, Ground Floor, Opposite AXIS Bank Shivalik Road, Block C, Malviya Nagar, New Delhi",9.1114E+11,28.53751042,77.21031915,not specified,not specified
San Gimignano - The Imperial,Italian,5500,"the imperial, janpath, new delhi",4.1,181,0.0,0,https://www.zomato.com/ncr/san-gimignano-the-imperial-janpath-new-delhi,"The Imperial, Janpath, New Delhi",9.19899E+11,28.62499031,77.21908294,not specified,not specified
Sandhouse Café,"Continental, Pizza, Burger, Fast Food, Beverages",1000,"32nd avenue, nh8, gurgaon, gurgaon",4.1,397,4.2,382,https://www.zomato.com/ncr/sandhouse-caf-sector-15,"Unit 11, Ground Floor, 32nd Avenue, Sector 15, Gurgaon",9.19999E+11,28.46157648,77.05043267,"choco milkshake, nutty caramel shake, garden pizza, peri peri fries, mocha, onion rings","service by staff, ambience and service, pocket friendly, outdoor seating, seating area, cafe"
Honey & Dough,"Bakery, Desserts, Fast Food, Beverages, Italian, Coffee",500,"malviya nagar, new delhi",4.1,190,4.1,497,https://www.zomato.com/ncr/honey-dough-malviya-nagar-new-delhi,"C-64, Ground Floor, Shivalik, Malviya Nagar, New Delhi",9.17828E+11,28.54034269,77.21183661,not specified,not specified
Rebound Cafe And Lounge,"North Indian, Continental, Chinese, Mughlai",1200,"raj nagar, ghaziabad",4.1,161,3.9,16,https://www.zomato.com/ncr/rebound-cafe-and-lounge-raj-nagar-ghaziabad,"D3, 4 & 5, 1st Floor, RDC, Opposite BSNL Telephone Exchange, Raj Nagar, Ghaziabad",9.17304E+11,28.67517,77.44155,"sanitised service, best staff, served quickly, fantastic decoration, clean and hygienic place, very affordable",not specified
Cafe Me Diner,"North Indian, Italian, Chinese, Momos, Thai, Continental",1400,"janakpuri, new delhi",4.1,894,3.7,2262,https://www.zomato.com/ncr/cafe-me-diner-janakpuri-new-delhi,"B1/1, Community Centre, Janakpuri, New Delhi",9.17065E+11,28.6283988,77.09148321,not specified,not specified
Nizam's Kathi Kabab,"North Indian, Mughlai, Rolls, Beverages",250,"connaught place, new delhi",4.1,2515,4.2,1733,https://www.zomato.com/ncr/nizams-kathi-kabab-connaught-place-new-delhi,"H-5/6, Plaza Building, Connaught Place, New Delhi",9.11124E+11,28.63497238,77.21947018,"kadak chicken tikka, nimbu pani, kathi rolls, seekh roll, firni, chicken roll","relaxed atmosphere, comfortable seating area, cozy place, art, authenticity, good options"
Dough & Cream,"Bakery, Fast Food, Beverages, Desserts",400,"subhash nagar, new delhi",4.1,409,4.3,967,https://www.zomato.com/ncr/dough-cream-subhash-nagar-new-delhi,"Shop 6 - 8, Ground Floor, Property 9/64, Subhash Nagar, New Delhi",9.11146E+11,28.63652875,77.11866137,"clean and hygienic place, served quickly, best staff, sanitised service, decoration, great veg options",not specified
Poker Face,"North Indian, Chinese, Continental",1500,"sector 21, dwarka, new delhi",4.1,197,3.9,89,https://www.zomato.com/ncr/poker-face-sector-21-dwarka-new-delhi,"H/2F/12, 2nd Floor, Pacific Mall, Airport Express Line, Sector 21, Dwarka, New Delhi",+91 8068971360,28.5517747,77.0578036,not specified,not specified
Mystique Melange,"North Indian, Mughlai, Chinese, Continental, Kebab",1800,"ashok vihar phase 2, new delhi",4.1,631,4.0,239,https://www.zomato.com/ncr/mystique-melange-ashok-vihar-phase-2-new-delhi,"C 3/8, Ashok Vihar Phase 2, New Delhi",9.11147E+11,28.69642416,77.17047762,not specified,not specified
Kaleva,"Mithai, Fast Food, Street Food, North Indian",350,"gole market, new delhi",4.1,499,4.2,7477,https://www.zomato.com/ncr/kaleva-gole-market-new-delhi,"109, Bangla Saheb Marg, Gole Market, New Delhi",9.17982E+11,28.63326237,77.20850665,"kesar jalebi, paneer pakora, kalakand, dhokla, rasmalai, raj kachori","street food, great ambiance, polite staff, contactless delivery, perfect presentation, extensive menu"
Punjab Junction,"North Indian, Mughlai, Chinese, Fast Food, Beverages, Biryani, Rolls",700,"old railway road, gurgaon",4.1,809,3.9,13600,https://www.zomato.com/ncr/punjab-junction-2-old-railway-road,"P2A, Circular Road, New Colony, Near Mehta Showroom, Old Railway Road, Gurgaon",9.19812E+11,28.46786014,77.01672301,"afghani bbq chicken, mushroom masala, kurkure momo, mutton handi, chilli potatoes, tandoori momos","not very crowded, indoor seating, great recommendations, low price, view, interior"
Kuch Bhi Chalega,"Chinese, Fast Food, Street Food, Momos, Beverages",600,"janakpuri, new delhi",4.1,207,4.0,272,https://www.zomato.com/ncr/kuch-bhi-chalega-janakpuri-new-delhi,"C 4B/303A, Near Surajmal Institute, Janakpuri, New Delhi",9.19872E+11,28.61871307,77.09177524,"bubblegum shake, kurkure momo, veg spring roll, mixed sauce pasta, paneer momos, noodle","pocket friendly place, elegantly decorated, servings, ambience was super cool, quality of food, great recommendations"
Cafe Walias - Bistro & Bakery,"Cafe, Finger Food, Chinese, Fast Food, Beverages, Pasta",500,"karkardooma, new delhi",4.1,186,4.2,203,https://www.zomato.com/ncr/cafe-walias-bistro-bakery-karkardooma-new-delhi,"120, Ground Floor, Hargobind Enclave, Karkardooma, New Delhi",9.18369E+11,28.64832485,77.3018207,"good service n hygienic food, great food great service, variety of pizza, nice concept, beautiful place, good music",not specified
Roms Pizza,"Pizza, Burger, Fast Food",300,"laxmi nagar, new delhi",4.1,731,3.9,13900,https://www.zomato.com/ncr/roms-pizza-1-laxmi-nagar-new-delhi,"U 112-B, Laxmi Nagar, New Delhi",9.11141E+11,28.63053165,77.2777801,not specified,not specified
Kill The Bill,"North Indian, Chinese, Continental, Italian, Fast Food",1200,"connaught place, new delhi",4.1,1335,4.1,397,https://www.zomato.com/ncr/kill-the-bill-connaught-place-new-delhi,"F-14/15, 1st Floor, Middle Circle, Connaught Place, New Delhi",9.1114E+11,28.63080516,77.22078279,"chocolate dream, butter popcorn, vegetable club sandwich, jager bomb, kurkure paneer, tandoori non veg platter","fairly priced beers, casual dress code, lightings, sofas, awesome music, nice interiors"
Bread & More,"Bakery, Cafe, Fast Food, Beverages",600,"greater kailash 1 (gk1), new delhi",4.1,480,4.1,3382,https://www.zomato.com/ncr/bread-more-greater-kailash-gk-1-new-delhi,"N-17, N Block Market, Greater Kailash (GK) 1, New Delhi",9.11129E+11,28.55655552,77.23291643,not specified,not specified
Lebanese Point,"Lebanese, Rolls",500,"pvr anupam complex, saket, new delhi",4.1,529,4.2,3607,https://www.zomato.com/ncr/lebanese-point-saket-new-delhi,"Shop 7, Ground Floor, PVR Anupam Shopping Complex, Saket, New Delhi",9.11142E+11,28.52346122,77.20720526,"lebanese chicken, chicken shawarama, grill chicken, chicken platter, shawarma, hummus","authenticity, polite staff, vibe, location, seating, owner"
The Société,"North Indian, Continental, Chinese, Fast Food, Bar Food, European, Pizza, Beverages",1500,"eros city square mall, sector 49, gurgaon, gurgaon",4.1,320,4.2,123,https://www.zomato.com/ncr/the-socit-sector-49,"Second Floor, Commercial Complex, Eros City Square Mall, Sector 49, Gurgaon",011 61495445,28.41302502,77.05501925,"decor is excellent, good food and good service, music and ambience, service is great, amazing decor, live band",not specified
Haldi - Desi Rasoi Urban Tadka,"North Indian, Rolls, Mughlai",600,"sector 71, noida",4.1,344,4.1,1561,https://www.zomato.com/ncr/haldi-desi-rasoi-urban-tadka-1-sector-71-noida,"BH 19, Gautam Budh Nagar, Sector 70, Near Sector 71, Noida",9.19874E+11,28.599619,77.385246,not specified,not specified
Fifth Avenue Bakery & Cafe,"Bakery, Cafe, Desserts, Fast Food, Italian",1000,"32nd avenue, nh8, gurgaon, gurgaon",4.1,294,4.0,412,https://www.zomato.com/ncr/fifth-avenue-bakery-cafe-sector-15,"32nd Avenue, Sector 15, Gurgaon",9.17982E+11,28.46161244,77.05023017,"salted caramel pastry, blueberry cheese cake, cupcakes, cappuccino, pastries, deserts","portion size was good, coffee date, pretty decor, staff behavior, cashless payments, vibe"
Culina 44 - Taj City Centre Gurugram,"North Indian, Asian, Thai, Continental, Beverages",3500,"taj city centre gurugram, sector 44, gurgaon, gurgaon",4.1,484,3.9,36,https://www.zomato.com/ncr/culina-44-taj-city-centre-gurugram-sector-44,"Near HUDA City Center Metro Station, Sector 44, Gurgaon",9.1974E+11,28.45514388,77.07054522,"get a complimentary night, earn up to 50% of spends as points at 250+ restaurants & much more. know more",not specified
Curry House CoCo Ichibanya,"Japanese, Asian, Seafood, Beverages, Fast Food",800,"cyber hub, dlf cyber city, gurgaon",4.1,177,4.4,412,https://www.zomato.com/ncr/curry-house-coco-ichibanya-dlf-cyber-city,"Unit 112, 1st Floor, Cyber Hub, DLF Cyber City, Gurgaon",9.19312E+11,28.4965417,77.0890517,"excellent food service, best decor, comforting atmosphere, clean and hygienic place, staff behaviour, fantastic decoration",not specified
Drunken Detective,"North Indian, Chinese, Finger Food, Fast Food, Desserts",1200,"indirapuram, ghaziabad",4.1,237,3.7,144,https://www.zomato.com/ncr/drunken-detective-indirapuram-ghaziabad,"1st Floor, C Block, Indirapuram Habitat Center, Ahinsa Khand 1, Indirapuram, Ghaziabad",9.19316E+11,28.64001484,77.36930843,not specified,not specified
Dayal Da Dhaba,North Indian,200,"gole market, new delhi",4.1,314,3.7,837,https://www.zomato.com/ncr/dayal-da-dhaba-gole-market-new-delhi,"Shop 34, Baird Line, Gole Market, New Delhi",9.1931E+11,28.63256258,77.20660765,"soya chaap gravy, dal chawal, plain roti, chicken masala, aloo parantha, matar paneer","worth the price, best in service, sanitised service, hygienic place, served quickly, nice concept"
100% Rock,"Finger Food, North Indian, Chinese, Continental, Seafood",1200,"ambience mall, vasant kunj, new delhi",4.1,1178,3.1,35,https://www.zomato.com/ncr/100-rock-vasant-kunj-new-delhi,"3rd Floor, Ambience Mall, Vasant Kunj, New Delhi",9.19818E+11,28.54083692,77.15477698,we've got a special package for you. call us to know more! 9818009286,not specified
Happy Tummy,"North Indian, Chinese, Fast Food, Desserts, Italian, Momos, Beverages",1000,"karkardooma, new delhi",4.1,548,4.0,11100,https://www.zomato.com/ncr/happy-tummy-karkardooma-new-delhi,"G-8 -10, United Plaza, Karkardooma Community Centre, Karkardooma, New Delhi",9.19874E+11,28.64833397,77.30232697,"momo platter, deluxe thali, mixed vegetables, noodle, peri peri fries, mix veg","comfortable seating area, relaxed atmosphere, good packaging, nice food, best food, good quantity"
Hira Sweets,"Mithai, North Indian, South Indian, Fast Food, Street Food, Ice Cream, Desserts, Beverages",600,"laxmi nagar, new delhi",4.1,1717,4.1,35300,https://www.zomato.com/ncr/hira-sweets-laxmi-nagar-new-delhi,"E-60, Vikas Marg, Laxmi Nagar, New Delhi",9.11123E+11,28.63369819,77.28207227,"fruit rabri, balushahi, matar kachori, stuffed aloo, kaju katli, kalakand","gift baskets available, sweetshop+restaurant, spacious seating area, good for families, parking space available, comfortable chairs"
Otik Cake Shop,"Bakery, Desserts, Fast Food",400,"rajouri garden, new delhi",4.1,634,4.0,6741,https://www.zomato.com/ncr/otik-cake-shop-rajouri-garden-new-delhi,"Shop 2, J-12/22, Rajouri Garden, New Delhi",9.11141E+11,28.64055921,77.1203069,"chocolate mud pastry, choco crunch, choco truffle, cupcakes, tiramisu, pastry","highly recommended, design, decoration, family crowd, concept, courteous staff"
Burger King,"Burger, Desserts, Beverages, Fast Food",400,"aggarwal city mall, pitampura, new delhi",4.1,514,4.3,11100,https://www.zomato.com/ncr/burger-king-karkardooma,"Unit 27, Plot 29-31, Ground Floor, Aggarwal Fun City Mall, Karkardooma, New Delhi",9.18657E+11,28.66085512,77.29750335,"economical, cozy ambiance, nice crowd, inexpensive, great recommendations, polite staff",not specified
Privee',"Continental, North Indian, Chinese, Bar Food",5000,"janpath, new delhi",4.1,605,0.0,0,https://www.zomato.com/ncr/privee-janpath-new-delhi,"Shangri-La's Eros Hotel Complex, 19, Ashoka Road, Above Kanishka Shopping Mall Arcade, Janpath, New Delhi",9.18595E+11,28.62110523,77.21695796,"best club, live entertainment, dj, great music, packed on weekends, good crowd",not specified
Food Strikers,"North Indian, Chinese",250,"mg road, gurgaon",4.1,362,4.0,18600,https://www.zomato.com/ncr/food-strikers-mg-road,"Sco 20, Shopping Complex, Saraswati Vihar, MG Road, Gurgaon",9.18851E+11,28.4757296,77.08236974,"dal masala, mushroom butter masala, aloo gobhi, special thali, kadhai paneer, rice","elegantly decorated, low price, fast service, good packaging, polite staff, good quality food"
Urban Punjab,"North Indian, Chinese, Rolls",500,"vivek vihar, new delhi",4.1,560,0.0,3,https://www.zomato.com/ncr/urban-punjab-vivek-vihar-new-delhi,"C-207, Near Reliance Fresh, Jhilmil Colony, Vivek Vihar, New Delhi",9.11122E+11,28.66810798,77.31208418,"achaari chaap, malai chaap roll, dal makhni, paneer tikka, rolls","casual seating area, low price, polite staff, reasonable prices, seating, great taste"
Kitty Su - The Lalit New Delhi,"Finger Food, Italian",5000,"the lalit new delhi, barakhamba road, new delhi",4.1,1039,0.0,0,https://www.zomato.com/KittySuNewDelhi,"Barakhamba Avenue, Barakhamba Road, New Delhi",9.19972E+11,28.63044702,77.22750507,"variety of beer, best club, sound system, good bartenders, dance floor, amazing music",not specified
Cinnamon Kitchen,"North Indian, Chinese, Continental, Italian, Fast Food, Beverages",1400,"aditya city centre, indirapuram, ghaziabad",4.1,889,3.8,2424,https://www.zomato.com/ncr/cinnamon-kitchen-indirapuram-ghaziabad,"AG 9, Aditya City Centre, Vaibhav Khand, Indirapuram, Ghaziabad",9.188E+11,28.63871099,77.36181367,"mushroom kabab, chicken lollipop, mocktails, kadhai paneer, spring roll, butter naan","live music, chinese, good value, good staff, best restaurant, decent place"
Gujarat Bhawan Restaurant,"Gujarati, South Indian",300,"chanakyapuri, new delhi",4.1,608,0.0,0,https://www.zomato.com/ncr/gujarat-bhawan-restaurant-chanakyapuri-new-delhi,"11, Kautilya Marg, Chanakyapuri, New Delhi",9.11146E+11,28.59845081,77.19720583,"fafda jalebi, authentic gujarati food, gujarati kadhi, mixed dal, khichadi, dhokla","clean environment, ample seating area, clean place, servings, breakfast, good value"
SOHO Kitchen & Co.,"Pizza, Salad, Burger, Sandwich, Lebanese, Italian",900,"sector 37, noida",4.1,442,3.7,1121,https://www.zomato.com/ncr/soho-kitchen-co-sector-37-noida,"7, Godavari Complex, Sector 37, Noida",9.19818E+11,28.5654858,77.34036136,"watermelon drink, chicken ham, chicken lasagna, lasagne, pie, peri fries","bang for the buck, chirpy crowd, cute little place, casual seating area, economical, more variety"
The One - Le Meridien,Continental,4500,"le meridien, janpath, new delhi",4.1,572,3.9,53,https://www.zomato.com/ncr/the-one-le-meridien-janpath-new-delhi,"Le Meridien, Windsor Place, Janpath, New Delhi",9.11123E+11,28.61873897,77.21868731,not specified,not specified
Roasted By Roseate,"Cafe, Bakery, Fast Food, Continental, Beverages, Coffee",1600,"roseate house, aerocity, new delhi",4.1,166,0.0,12,https://www.zomato.com/ncr/roasted-by-roseate-aerocity-new-delhi,"Roseate House, Asset 10, Hospitality District, Aerocity, New Delhi",9.11172E+11,28.5508906,77.121595,not specified,not specified
Sabzi Heritage,"North Indian, Fast Food, Beverages",1000,"golf course extension, gurgaon",4.1,138,3.9,70,https://www.zomato.com/ncr/sabzi-heritage-golf-course-extension,"Shop 6, 7, Block 7, M3M Urbana Mall, Sector 67, Golf Course Extension, Delhi NCR, Delhi NCR",9.18376E+11,28.39056567,77.06683036,not specified,not specified
Viva O' Viva Goa,"Goan, Seafood",600,"chanakyapuri, new delhi",4.1,514,0.0,0,https://www.zomato.com/ncr/viva-o-viva-goa-chanakyapuri-new-delhi,"14, Goa Niwas, Bir Tikendrajit Marg, Behind Akbar Bhawan, Chanakyapuri, New Delhi",9.11126E+11,28.5835637,77.18829889,"prawn balchao, authentic goan food, peri peri prawn, chicken xacuti, sea food, seafood","authentic food, host, good value, live music, atmosphere, best places"
Amritsari Naan & Kulcha,North Indian,250,"kirti nagar, new delhi",4.1,464,3.8,3338,https://www.zomato.com/ncr/amritsari-naan-kulcha-kirti-nagar-new-delhi,"B-1/2, Saraswati Garden, Shani Mandir, Kirti Nagar, New Delhi",9.19891E+11,28.646095,77.138924,"unlimited refills, cozy ambiance, nice crowd, inexpensive, elegantly decorated, pocket friendly",not specified
The Tea Room From Blossom Kochhar,"Cafe, Fast Food, Sandwich",650,"hauz khas village, new delhi",4.1,271,0.0,0,https://www.zomato.com/ncr/the-tea-room-from-blossom-kochhar-hauz-khas-village-new-delhi,"1, Part One, Hauz Khas Village, New Delhi",9.11141E+11,28.55502682,77.1950946,"white tea, ginger tea, masala chai, pancakes, hot chocolate, cookies","board games, soothing ambience, excellent variety, lightings, cozy, peaceful place"
Saleem's Restaurant,"North Indian, Mughlai, Kebab",600,"kailash colony, new delhi",4.1,678,4.0,12900,https://www.zomato.com/ncr/saleems-restaurant-kailash-colony-new-delhi,"HS-24, Kailash Colony Market, Kailash Colony, New Delhi",9.11142E+11,28.5536532,77.24062244,"kadhai gosht, sikandari raan, mutton nahari, chicken burra, afghan chicken, authentic mughlai food","comfortable seating area, best staff, family place, very affordable, served quickly, nice concept"
Crazy Kitchen Rooftop & Lounge,"North Indian, Chinese, Italian, Fast Food",700,"satyaniketan, new delhi",4.1,431,3.7,165,https://www.zomato.com/ncr/crazy-kitchen-rooftop-lounge-satyaniketan-new-delhi,"37, South Moti Bagh, Satyaniketan, New Delhi",9.19899E+11,28.58809904,77.16785073,not specified,not specified
Moolchand Parantha,"North Indian, Beverages",400,"kalkaji, new delhi",4.1,936,4.1,44100,https://www.zomato.com/ncr/moolchand-parantha-kalkaji-new-delhi,"Shop 3, Krishna Market, Opposite Deshbandhu College, Kalkaji, New Delhi",9.18449E+11,28.54162626,77.2553521,"mutton parantha, aloo pyaz paratha, gobhi parantha, parathas, raita, dal makhni","chirpy crowd, good delivery, low price, nice taste, good packaging, breakfast"
Madan Sweets and Restaurant,"North Indian, South Indian, Chinese, Fast Food, Mithai",500,"nehru nagar, ghaziabad",4.1,370,4.1,6020,https://www.zomato.com/ncr/madan-sweets-and-restaurant-1-nehru-nagar-ghaziabad,"3, K-23, Rakesh Marg, Nehru Nagar, Ghaziabad",9.11203E+11,28.65371886,77.44497523,"imarti, chilli potatoes, sweets, samosa, pav bhaji, lassi","great recommendations, reasonable prices, wonderful presentation, good place, ambience, delicious food"
Pizza'81,"Pizza, Fast Food",400,"preet vihar, new delhi",4.1,532,3.9,1500,https://www.zomato.com/ncr/pizza81-preet-vihar-new-delhi,"Shop 9, Ground Floor, CSC Swasthya Vihar, Preet Vihar, New Delhi",9.11135E+11,28.64045181,77.28994288,not specified,not specified
24/7 Restaurant - The Lalit New Delhi,"Continental, North Indian, Italian, Asian, Biryani, Beverages, Desserts",5100,"the lalit new delhi, barakhamba road, new delhi",4.1,693,3.8,57,https://www.zomato.com/24-7RestaurantNewDelhi,"The Lalit, Barakhamba Avenue, Barakhamba Road, New Delhi",9.18827E+11,28.63044819,77.22750943,"dal baluchi, sushi, cappuccino, deserts, hot chocolate, salads","worth the price, breakfast, brunch, friendly staff, meals, excellent food"
Essex Village - Kitchen & Bar,"North Indian, Italian, Chinese",1500,"essex farms, adchini, new delhi",4.1,721,0.0,0,https://www.zomato.com/ncr/essex-village-kitchen-bar-adchini-new-delhi,"Essex Farms, 4 Aurobindo Marg, Adchini, New Delhi",9.19874E+11,28.5437769,77.20131196,"vegetable spring roll, chicken handi, mutton seekh kebab, rasmalai, mocktail, gulab jamun","bowling, good for large groups, cozy, perfect ambience, packed on weekends, beautiful place"
Thalaivar,"South Indian, Kerala, Andhra, Tamil",800,"shahpur jat, new delhi",4.1,289,4.1,1393,https://www.zomato.com/ncr/thalaivar-1-shahpur-jat-new-delhi,"Shop-1-2, Ground Floor 252/B, Shanti Bhavan, Opposite Bank Of India, Shahpur Jat, New Delhi",9.11146E+11,28.54833984,77.21121216,"mutton keema dosa, kuzhi paniyaram, roasted mutton, appam, mysore masala dosa, pepper chicken","excellent food, preparation, courteous staff, portions, decor, flavour"
Sticky Rice,"Asian, Japanese, Beverages, Desserts",1500,"punjabi bagh, new delhi",4.1,286,4.1,281,https://www.zomato.com/ncr/sticky-rice-punjabi-bagh-new-delhi,"Building 28, Central Market, West Punjabi Bagh, Near Punjabi Bagh, New Delhi",9.19668E+11,28.67033545,77.13393085,"asparagus tempura, sticky rice, kung pao chicken, sushi, dimsums","amazing food at amazing price, great food great service, great buffet spread, themed decor, good for large groups, great packaging"
Citrus Cafe,"North Indian, Asian, European, South Indian, Beverages",1000,"sandal suites by lemon tree hotels, sector 135 noida, noida",4.1,373,0.0,0,https://www.zomato.com/ncr/citrus-cafe-sector-135-noida,"22, Sandal Suites, Assotech Business Cresterra, Sector 135, Noida",9.19205E+11,28.49646748,77.40212459,not specified,not specified
Kulcha Junction,Street Food,200,"karol bagh, new delhi",4.1,594,3.5,986,https://www.zomato.com/ncr/kulcha-junction-1-karol-bagh-new-delhi,"T2935, Ground Floor, Faiz Road, Karol Bagh, New Delhi",9.19711E+11,28.64758868,77.19855666,"garlic paneer kulcha, mixed kulcha, paneer naan, aloo kulcha, boondi raita, lassi","drive through, casual seating area, not very crowded, authenticity, more variety, cleanliness"
Dilli 32 - The Leela Ambience Convention Hotel,"North Indian, Mughlai, Biryani, Fast Food, Beverages",3500,"the leela ambience convention hotel, new delhi",4.1,378,0.0,5,https://www.zomato.com/ncr/dilli-32-the-leela-ambience-convention-hotel-vivek-vihar-new-delhi,"The Leela Ambience Convention Hotel, Plot 1, CBD Shahdara, Near Vivek Vihar, New Delhi",9.18131E+11,28.6616718,77.30290499,"live music, comfortable seating, excellent service, environment, great service, nice ambience",not specified
Jazbaa,"North Indian, Chinese, Italian, Beverages",2300,"rajouri garden, new delhi",4.1,1238,3.6,48,https://www.zomato.com/ncr/jazbaa-rajouri-garden-new-delhi,"F-89, Vishal Enclave, Rajouri Garden, New Delhi",9.18E+11,-5.975199521,2.65046306,not specified,not specified
Shri Radhe Krishna Chole Bhature,North Indian,300,"karkardooma, new delhi",4.1,991,3.9,74200,https://www.zomato.com/ncr/shri-radhe-krishna-chole-bhature-karkardooma-new-delhi,"118-Hargovind Enclave, Opposite DDA Market, Karkardooma, New Delhi",9.19999E+11,28.64831661,77.30182942,"kulhad lassi, gobi naan, matar mushroom, paneer rice, chur chur naan thali, cholle bhature","chirpy crowd, economical, cozy ambiance, nice crowd, great ambiance, great recommendations"
Kerala Hotel,"Kerala, Biryani",400,"ina, new delhi",4.1,280,0.0,0,https://www.zomato.com/ncr/kerala-hotel-ina,"211-A, Mohan Singh Market, INA Market, INA, New Delhi",9.19811E+11,28.57410704,77.21008848,"roasted beef, crab, chicken fry, mutton curry, prawns, meat","good food, quantity, staff, service, experience, taste"
Uber Lounge,"Continental, North Indian, Italian, Salad",2100,"m block market, greater kailash 2 (gk2), new delhi",4.1,662,4.4,336,https://www.zomato.com/ncr/uber-lounge-greater-kailash-gk-2-new-delhi,"M-42, M Block Market, Greater Kailash 2 (GK 2), New Delhi",9.188E+11,28.53359176,77.24359732,"paneer tikka pudina, shisha, tandoori chicken tikka, beer, chilli chicken, white sauce pasta","no cover charge, awesome staff, sheesha, hookah, cozy, comfortable seating"
Cultured - Heartcrafted Brew & Eatery,"Continental, Fast Food, Mediterranean, Beverages",700,"safdarjung, new delhi",4.1,131,3.9,219,https://www.zomato.com/ncr/cultured-heartcrafted-brew-eatery-safdarjung-new-delhi,"House 168, 2nd Floor, Humyupur, NCC Gate, Safdarjung, New Delhi",9.11142E+11,28.56143155,77.19395801,"assamese thali, croque monsieur, buttermilk pancakes, almond cake, tea, coffee","gastronomical experience, vibe, breakfast, good quality food, cafe, portions"
Maa Tara,"Bengali, North Indian",500,"chittaranjan park, new delhi",4.1,921,3.9,7817,https://www.zomato.com/ncr/maa-tara-chittaranjan-park-new-delhi,"45, 46, & 47, Market 2, Chittaranjan Park, New Delhi",9.19999E+11,28.53616641,77.25341152,"rohu kalia, mustard fish curry, fish paturi, doi maach, mutton kasha, begun bhaja","authenticity, serving size, good crowd, low price, prompt service, polite staff"
Kunafa,"Desserts, Middle Eastern",300,"lodhi colony, new delhi",4.1,304,4.0,56,https://www.zomato.com/ncr/kunafa-lodhi-colony-new-delhi,"70, Mehar Chand Market, Lodhi Colony, New Delhi",9.199E+11,28.58482614,77.22648516,"cashew baklava, turkish tea, kunafa, sweets, desserts, coffee","owner, cafe, amazing place, great place, good place, presentation"
Shakahari Restaurant,North Indian,500,"chawri bazar, new delhi",4.1,403,0.0,4,https://www.zomato.com/ncr/shakahari-restaurant-chawri-bazar-new-delhi,"3624/9, Chawri Bazar, New Delhi",9.11123E+11,28.64928434,77.22706217,"polite staff, owner, flavour, prices, ambience, delicious food",not specified
Broadway - Radisson Blu,"North Indian, Italian, Chinese, Continental, Beverages",3000,"radisson blu faridabad, sector 20, faridabad, faridabad",4.1,325,0.0,9,https://www.zomato.com/ncr/broadway-radisson-blu-sector-20-faridabad,"Radisson Blu, Plot 4, Mathura Road, Sector 20B, Near Sector 20, Faridabad",9.19999E+11,28.38738516,77.312801,"tawa mutton, jalebi, noodle, deserts, salads, mocktails","cooking stations, sophisticated, worth the price, bar counter, decorations, more variety"
Domino's Pizza,"Pizza, Fast Food, Desserts, Beverages",500,"ballabhgarh, faridabad",4.1,611,4.0,5655,https://www.zomato.com/ncr/dominos-pizza-ballabhgarh-faridabad,"Unit 301/302, Tigaon Road, Bhikam Colony, Ballabhgarh, Faridabad",9.11292E+11,28.3413897,77.32463423,"good delivery, cozy ambiance, nice crowd, prompt service, delivery time, polite staff",not specified
Sardar-Ji-Bakhsh Coffee & Co.,"Cafe, Italian, Fast Food",500,"hauz khas, new delhi",4.1,402,4.1,1462,https://www.zomato.com/ncr/sardar-ji-bakhsh-coffee-co-hauz-khas-new-delhi,"Shop 8, Surya Mansion, Chaudhary Dalip Singh Marg, Kaushalya Park, Padmini Enclave, Hauz Khas, New Delhi",9.19667E+11,28.55051363,77.20459633,"hazelnut coffee, peri fries, thick shakes, chicken popcorn, coffees, mocha","service time, parking, environment, nice ambience, friendly staff, decor"
Chaska,"North Indian, Chinese, Mughlai, Beverages, Kebab",600,"nit, faridabad",4.1,432,4.2,7903,https://www.zomato.com/ncr/chaska-nit-faridabad,"5G-40, Near Singh Sabha Gurudwara, NIT, Faridabad",9.199E+11,28.3980905,77.30426352,"veg malai kofta, afghan chicken, tawa chicken, chicken malai tikka, tandoori roti","nice food, good taste, excellent food, good ambience, great taste, food quality"
Roshan Di Kulfi,"Chinese, North Indian, South Indian, Ice Cream, Mithai",350,"karol bagh, new delhi",4.1,1735,4.1,11100,https://www.zomato.com/ncr/roshan-di-kulfi-karol-bagh-new-delhi,"2816, Block 34P, Ajmal Khan Road, Karol Bagh, New Delhi",9.11129E+11,28.65045006,77.19241273,"faluda kulfi mix, badami kheer, chana bhatura, pan kulfi, dosa sambar, paneer pakora","bang for the buck, street food, cute little place, good crowd, comfortable seating, low price"
Chai Point,"Tea, Fast Food, Beverages, Street Food",450,"cyber hub, dlf cyber city, gurgaon",4.1,998,4.1,8260,https://www.zomato.com/ncr/chai-point-dlf-cyber-city,"Gate 1, Unit 1D-B, Ground Floor, Upper Ground Floor, Building-10, DLF Cyber City, Gurgaon",9.18288E+11,28.4950389,77.0876363,"banana pie, ginger lemon tea, egg sandwich, masala chai, poha, paneer tikka sandwich","no plastic cups, bamboo straws, paper straws, nice concept, family crowd, good options"
Simply South,South Indian,300,"gamma 1, greater noida",4.1,472,4.1,13500,https://www.zomato.com/ncr/simply-south-gamma-1-greater-noida,"Shop 1, Jagat Farm, Gamma 1, Greater Noida",9.19999E+11,28.482695,77.498121,"vada sambar, filtered coffee, mysore masala dosa, idli","bang for the buck, elegantly decorated, nice crowd, more variety, south indian food, polite staff"
Shri Hari Restaurant,North Indian,400,"lajpat nagar 2, new delhi",4.1,270,3.6,2516,https://www.zomato.com/ncr/shri-hari-restaurant-lajpat-nagar-2-new-delhi,"J-30B, Lajpat Nagar 2, New Delhi",9.1886E+11,28.56885175,77.24314034,"pocket friendly, economical, prompt service, quick service, portion, best place",not specified
Kullhad Chai,"South Indian, Street Food, North Indian, Tea, Beverages",300,"rajinder nagar, new delhi",4.1,153,4.0,1271,https://www.zomato.com/ncr/kullhad-chai-1-rajinder-nagar-new-delhi,"Shop 13, Ground Floor, Kailash Arcade, Old Rajendra Nagar Market, Rajinder Nagar, New Delhi",9.19312E+11,28.64161705,77.18516205,"bun maskas, tandoori chai, vada pav, filter coffee, pav bhaji, maggi","not very crowded, cordial staff, cozy ambiance, inexpensive, great ambiance, low price"
Kant Khana Khazana,North Indian,450,"sector 16, faridabad",4.1,302,0.0,0,https://www.zomato.com/ncr/kant-khana-khazana-sector-16-faridabad,"135, Huda Market, Sector 16, Faridabad",9.19313E+11,28.41061162,77.31861837,not specified,not specified
Shake Square,"Beverages, Fast Food, Ice Cream, Desserts",300,"connaught place, new delhi",4.1,1611,3.6,890,https://www.zomato.com/ncr/shake-square-connaught-place-new-delhi,"C 24/2, Middle Circle, Connaught Place, New Delhi",9.1981E+11,28.63476197,77.22054742,not specified,not specified
Mr. Choy,"Asian, Chinese, Japanese, Sushi, Desserts, Thai",1700,"khan market, new delhi",4.1,721,3.9,48,https://www.zomato.com/ncr/mr-choy-khan-market-new-delhi,"Flat 15, 1st & 2nd Floor, Khan Market, New Delhi",9143760030,28.59996681,77.22673226,"custard bao, sizzling chicken, shanghai chicken, scallops, ramen, dimsum","relaxed atmosphere, cosy place, chinese, lights, server, vibe"
Bunta Bar Live,"North Indian, Chinese, Momos, Fast Food",1400,"janpath, new delhi",4.1,1073,0.0,1,https://www.zomato.com/ncr/bunta-bar-live-janpath-new-delhi,"76, Floor 2, Janpath, New Delhi",9.19355E+11,28.62832552,77.21970655,"walnut brownie sundae, achari paneer, cheesy fries, cocktails, soya chaap, alfredo pasta","kid friendly, lightings, lovely ambience, comfortable seating, beautiful ambience, packed on weekends"
Club Lepid - By Cafe After Hours,"North Indian, Chinese, Continental",2000,"city centre mall, sector 12, dwarka, new delhi",4.1,405,3.9,553,https://www.zomato.com/ncr/club-lepid-by-cafe-after-hours-sector-12-dwarka-new-delhi,"1st Floor, City Centre Mall, Near Sector 12 Metro Station, Sector 12, Dwarka",9.19999E+11,28.59248109,77.0415616,not specified,not specified
Crops & Curries,"North Indian, Continental, Chinese, Desserts, Fast Food, Beverages",1700,"sector 72, noida",4.1,173,0.0,7,https://www.zomato.com/ncr/crops-curries-sector-72-noida,"2nd Floor, Amrapali Crystal Homes Market, Shopping Orcette, Sector 76, Near Sector 72, Noida",9.1999E+11,28.57120441,77.38262661,not specified,not specified
Cheese & More - The Kitchen,"Continental, Fast Food",600,"charmwood village, faridabad",4.1,230,4.0,1897,https://www.zomato.com/ncr/cheese-more-the-kitchen-charmwood-village-faridabad,"1st Floor, Vatika Complex, Charmwood Village, Faridabad",9.11294E+11,28.4920169,77.29225125,not specified,not specified
Flavours,"Chinese, Fast Food, Beverages",400,"pitampura, new delhi",4.1,797,0.0,1,https://www.zomato.com/ncr/flavours-pitampura-delhi,"2, Chanderlok Enclave, Pitampura, New Delhi",9.11127E+11,28.69084559,77.13567127,"noodle, chowmein, cheese burger, veg burger, spring roll, chilli potato","economical, great recommendations, seating arrangement, friendly place, sitting, polite staff"
Janki Vaishno Dhaba,"North Indian, Chinese, Fast Food",400,"subhash nagar, new delhi",4.1,375,4.1,764,https://www.zomato.com/ncr/janki-vaishno-dhaba-subhash-nagar-new-delhi,"WZ 714, Tihar Village, Government Girls Convent School, Ashok Nagar, Subhash Nagar, New Delhi",9.19959E+11,28.63438678,77.1032846,"desi vibes, pocket friendly, quick delivery, reasonable price, food quality, good food",not specified
KFC,"Burger, Fast Food, Beverages, Desserts",450,"rohini, new delhi",4.1,715,4.1,12100,https://www.zomato.com/ncr/kfc-2-rohini-new-delhi,"17, Unity One Mall, MLCP Plot, Near Rohini Unity Mall, Rohini, New Delhi",9.18043E+11,28.71474622,77.11614545,"strawberry storm, ginger chicken, popcorn chicken, french fries, burgers","casual seating area, office crowd, economical, good crowd, great recommendations, low price"
The Library - The Leela Palace,"Italian, Continental",3500,"the leela palace, chanakyapuri, new delhi",4.1,103,0.0,0,https://www.zomato.com/ncr/the-library-the-leela-palace-chanakyapuri-new-delhi,"The Leela Palace, Diplomatic Enclave, Chanakyapuri, New Delhi",9.11139E+11,28.57971654,77.18929902,not specified,not specified
Dial a Cake,Bakery,350,"pandav nagar, new delhi",4.1,453,4.2,14900,https://www.zomato.com/ncr/dial-a-cake-pandav-nagar-new-delhi,"64, Main Road, Pandav Nagar, New Delhi",9.19289E+11,28.62031824,77.28542637,"chocolate crunch cake, exotic fruit cake, white forest cake, chocolate truffle pastry, pineapple cake, choco lava cake","good service good quality, pretty decor, coffee date, good packaging, reasonable prices, young crowd"
Bhape Da Hotel,"North Indian, Mughlai",600,"connaught place, new delhi",4.1,689,4.0,390,https://www.zomato.com/ncr/bhape-da-hotel-connaught-place-new-delhi,"75, Municipal Market, Connaught Place, New Delhi",9.19812E+11,28.63467605,77.22222347,"tomato paneer, dahi mutton, chicken saag, saag meat, keema kaleji, chicken curry","inexpensive, pocket friendly, prompt service, polite staff, quick service, portions"
Delhi Pavilion - Sheraton New Delhi Hotel,"North Indian, Continental, Asian",3000,"sheraton new delhi hotel, saket, new delhi",4.1,396,0.0,0,https://www.zomato.com/ncr/delhi-pavilion-sheraton-new-delhi-hotel-saket-new-delhi,"Sheraton New Delhi Hotel, District Centre, Saket, New Delhi",9.11143E+11,28.52720184,77.21560244,"chicken croquettes, seafood, buffet, chocolate fudge, cocktail, noodle","great lighting, sophisticated, luxury, worth the price, friendly service, breakfast"
Jade - The Claridges,"Thai, Asian, Beverages",1000,"the claridges, aurangzeb road, new delhi",4.1,204,0.0,0,https://www.zomato.com/ncr/jade-the-claridges-dr-apj-abdul-kalam-road,"12, The Claridges, Dr APJ Abdul Kalam Road, New Delhi",9.1114E+11,28.6003477,77.2169209,"jasmine tea, pan fried noodles, dimsums, starters, noodles, drinks","courteous staff, hospitality, table, great service, main course, chef"
Mithaas,"North Indian, South Indian, Street Food, Continental, Mithai, Chinese",500,"crossing republik, ghaziabad",4.1,615,4.0,38300,https://www.zomato.com/ncr/mithaas-crossing-republik-ghaziabad,"Shop 30 & 33, Kings Avenue, Crossings Republik, Ghaziabad",9.19206E+11,28.62628462,77.43548658,"kaju barfi, hot gulab jamun, rasgulla, jalebi, chole bhature, snacks","freshly made sweets, nice/colourful packaging, parking space available, hygienic place, family crowd, breakfast"
Baljeet's Amritsari Koolcha,North Indian,500,"rajouri garden, new delhi",4.1,442,4.0,2588,https://www.zomato.com/ncr/baljeets-amritsari-koolcha-rajouri-garden-new-delhi,"J 1/162, Rajouri Garden, New Delhi",9.19999E+11,28.64826454,77.12147802,"aloo pyaz kulcha, mix kulcha, paneer naan, boondi raita, deluxe thali","chirpy crowd, elegantly decorated, great recommendations, cleanliness, food quantity, prompt service"
The For'est,"Cafe, Asian, Korean, Beverages",700,"basant lok market, vasant vihar, new delhi",4.1,196,4.4,498,https://www.zomato.com/ncr/the-forest-vasant-vihar-new-delhi,"38, Basant Lok Community Centre, Vasant Vihar, New Delhi",9.19205E+11,28.55773111,77.16430653,"ham sandwich, sticky rice, pastries, cheesecake, cakes, desserts","comfortable seating area, customer service, cafe, bread, ambience, menu"
Blue Water Grille,"Mughlai, North Indian, Seafood, Chinese",1300,"rajinder nagar, new delhi",4.1,326,4.0,5622,https://www.zomato.com/ncr/blue-water-grille-1-rajinder-nagar-new-delhi,"2/70, Shankar Road, Rajinder Nagar, New Delhi",9.1931E+11,28.63626009,77.18435135,"paneer do pyaza, paneer makhani, chilli paneer, butter chicken, fish, paneer tikka","inexpensive, yummy food, preparation, packing, flavour, quantity"
Shophouse by Kylin,"Japanese, Asian",1500,"one horizon center, golf course road, gurgaon",4.1,417,4.0,416,https://www.zomato.com/ncr/shophouse-by-kylin-golf-course-road,"T 1-107, 1st Floor, One Horizon Centre, Golf Course Road, Gurgaon",9.19899E+11,28.45108185,77.09716178,"jasmine tea, kung pao chicken, sushi, dimsums, soup, salad","comfortable seating area, excellent place, good value, outdoor seating, waiter, best places"
Haveli,North Indian,800,"murthal, new delhi",4.1,323,0.0,0,https://www.zomato.com/ncr/haveli-murthal-new-delhi,"Delhi - Karnal Highway,  Bhigan Chowk, District Sonipat, GT Road,Murthal, New Delhi",9.19729E+11,29.065189,77.063531,"comfortable seating area, family place, fancy crowd, beautiful place, sitting, interior",not specified
The Chai Story,"Fast Food, Beverages, Tea, Sandwich, Pizza",600,"munirka, new delhi",4.1,197,3.8,758,https://www.zomato.com/ncr/the-chai-story-munirka-new-delhi,"Shop 1/4, Property C-85, Village Munirka, Munirka, New Delhi",9.19818E+11,28.55713463,77.17319489,not specified,not specified
Gulati Da Punjabi Dhaba,"North Indian, Street Food",500,"nit, faridabad",4.1,493,4.1,26300,https://www.zomato.com/ncr/gulati-da-punjabi-dhaba-nit-faridabad,"Shop 5E-14, Near Fruit Garden Railway Road, NIT, Faridabad",9.19643E+11,28.39567676,77.30578333,"panneer butter masala, tandoori chaap, dal makhni, naan, momos","cozy ambiance, inexpensive, great recommendations, best food, nice food, tasty food"
Wah Bhai Wah,North Indian,400,"sector 7, faridabad",4.1,735,4.0,24500,https://www.zomato.com/ncr/wah-bhai-wah-sector-7-faridabad,"Shop 7-10, HUDA Market, Sector 7, Faridabad",9.19954E+11,28.36396302,77.32490949,"tandoori chaap, afghani chaap, panneer butter masala, malai chaap, rumali roti, mix veg","nice crowd, great recommendations, nice service, polite staff, good taste, spicy"
Al Qureshi's,"North Indian, Mughlai, Raw Meats",550,"alaknanda, new delhi",4.1,780,4.0,1,https://www.zomato.com/ncr/al-qureshis-alaknanda-new-delhi,"8, Narmada Shopping Complex, Alaknanda, New Delhi",9.11126E+11,28.52769907,77.2470225,"kali mirch chicken, tawa chicken, chicken seekh, kababs, afghani chicken, malai tikka","outside seating, outdoor, crowd, best place, good place, main course"
STORY Club And Lounge - The Westin Gurgaon,"Bar Food, North Indian, Italian",3000,"the westin gurgaon, sector 29, gurgaon",4.1,311,0.0,0,https://www.zomato.com/ncr/story-club-and-lounge-the-westin-gurgaon-sector-29,"The Westin Hotel, Sector 29, Gurgaon",9.17838E+11,28.47775279,77.07099516,not specified,not specified
Chidyaghar Bar - Roseate House,"Finger Food, Modern Indian",3500,"roseate house, aerocity, new delhi",4.1,212,0.0,0,https://www.zomato.com/ncr/chidyaghar-bar-roseate-house-aerocity-new-delhi,"Roseate House, Asset 10, Hospitality District, Aerocity, New Delhi",9.11172E+11,28.550882,77.1215051,not specified,not specified
#OFF Campus,"Beverages, Continental, Italian, Fast Food, Momos",800,"satyaniketan, new delhi",4.1,1356,0.0,0,https://www.zomato.com/ncr/off-campus-satyaniketan-new-delhi,"284, Opposite Sri Venkateshwara College, Satyaniketan, New Delhi",9.19872E+11,28.58852356,77.16866579,not specified,not specified
Rodeo Cantina & Kitchen,"Mexican, North Indian, Beverages",1800,"connaught place, new delhi",4.1,697,0.0,19,https://www.zomato.com/ncr/rodeo-cantina-kitchen-connaught-place-new-delhi,"A-12, Inner Circle, Connaught Place, New Delhi",9.18589E+11,28.63309993,77.21822061,"michelada, corn chips, chipotle chicken, churros, succulent chicken, vanilla cake","new look, good for large groups, live music, vibe, theme, interior"
Healthy Chef,"Cafe, Healthy Food, Asian, Desserts, Fast Food, Beverages",600,"janakpuri, new delhi",4.1,344,4.0,4919,https://www.zomato.com/ncr/healthy-chef-1-janakpuri-new-delhi,"C-2B/66A, Janakpuri, New Delhi",9.19912E+11,28.62173504,77.08763022,not specified,not specified
Manpasand Restro,"North Indian, South Indian, Chinese",350,"sector 22, gurgaon",4.1,377,4.2,508,https://www.zomato.com/ncr/manpasand-restro-sector-22,"Shop 2 & 3, Huda Market, Opposite Rotary Public School, Sector 22, Gurgaon",9.11244E+11,28.50289138,77.06239566,"bang for the buck, economical, polite staff, quick service, nice food, food quality",not specified
Knight Rider Junction,"Chinese, Mughlai, Continental, Italian, North Indian",1300,"gwal pahari, gurgaon",4.1,368,4.0,381,https://www.zomato.com/ncr/knight-rider-junction-gwal-pahari,"Khewat 216/221, Kila 3/1/210, Siwana Mouja, Near Ansal Valley View Towers, Delhi NCR-Faridabad Road, Gwal Pahari, Delhi NCR, Delhi NCR",9.18746E+11,28.43125554,77.13965468,"peri peri chicken, honey chilli potatoes, chilli chicken, drinks, starters, pasta","rooftop ambience, huge place, calm, good crowd, beautiful place, live music"
Park Balluchi,"Mughlai, North Indian, Chinese, BBQ, Afghan, Seafood",750,"sector 72, noida",4.1,547,3.9,1607,https://www.zomato.com/ncr/park-balluchi-1-sector-72-noida,"CS 5 & 5A, Prateek Walk, Near Prateek Wisteria, Sector 77, Near Sector 72, Noida",9.19206E+11,28.57129658,77.38958593,"panneer butter masala, paneer lababdaar, malai kofta, breads, dal makhani, butter chicken","table service, ample seating area, serving size, live music, great hospitality, awesome service"
Hale And Hearty,"Continental, Healthy Food",1600,"hauz khas, new delhi",4.1,151,4.2,345,https://www.zomato.com/ncr/hale-and-hearty-hauz-khas-new-delhi,"Plot-15, Kaushalya Park, CH Dalip Singh Marg, Hauz Khas, New Delhi",9.19272E+11,28.55011104,77.20553745,"vegan options, hygienic place, customizable dishes, healthy food, weekend brunch, interior",not specified
The Chocolate Room,"Desserts, Mexican, Italian, Beverages",500,"city centre mall, sector 12, dwarka, new delhi",4.1,303,4.1,2539,https://www.zomato.com/ncr/the-chocolate-room-sector-12-dwarka-new-delhi,"City Centre Mall, Near Dwarka Sector 12 Metro Station, Sector 12, Dwarka, Delhi NCR",9.17428E+11,28.59286556,77.04100907,"chocolate pancakes, chocolate ball, waffle, sandwiches, shakes, coffee","totally worth it, table service, cozy ambience, cozy place, courteous staff, family crowd"
Nitin Da Dhaba,"North Indian, Chinese, Fast Food",250,"sheikh sarai, new delhi",4.1,357,3.9,122,https://www.zomato.com/ncr/nitin-da-dhaba-sheikh-sarai-new-delhi,"480, Gound Floor, New Garniya Mohala, Chirag, Sheikh Sarai, New Delhi",9.19911E+11,28.53795576,77.23049372,"kadai chicken, cheesecake, chaap, dal makhni, butter chicken","amazing food and experience, customizable dishes, variety of pizza, weekend brunch, good wifi, student crowd"
The Gol Chakkar Cafe,"North Indian, Continental, Chinese, Mughlai, Fast Food, Beverages",1700,"kalkaji, new delhi",4.1,522,4.0,1239,https://www.zomato.com/ncr/the-gol-chakkar-cafe-kalkaji-new-delhi,"F-1, 2nd & 3rd Floor, Kalkaji, New Delhi",9.11149E+11,28.54227776,77.25291532,"peri peri pizza, tandoori platter, mutton seekh, tiramisu, mocktail, hummus","romantic place, hookahs, rooftop ambience, pocket friendly prices, sheesha, view"
The Punjabi Junction,"North Indian, Chinese, Mughlai, Biryani",400,"jaipuria sunrise plaza, indirapuram, ghaziabad",4.1,323,4.0,9324,https://www.zomato.com/ncr/the-punjabi-junction-indirapuram-ghaziabad,"Plot 12-A, Jaipuria Sunrise Greens, Ahinsha Khand, Indirapuram, Ghaziabad",9.19712E+11,28.64145933,77.37666942,not specified,not specified
League Of Nations,"North Indian, Fast Food, Chinese, Beverages",800,"vijay nagar, new delhi",4.1,365,3.8,44,https://www.zomato.com/ncr/league-of-nations-vijay-nagar-new-delhi,"8-H-B, 1st & 2nd Floor, GTB Nagar, Opposite NDPL Power House, Vijay Nagar, New Delhi",9.1806E+11,28.69326581,77.20485717,"signature chapman, chocolate pancakes, chinese platter, chicken burger, white sauce pasta, shakes","rooftop ambience, pocket friendly place, fancy crowd, packed on weekends, live music, family place"
Dunkin' Donuts,"Desserts, Beverages, Burger, Fast Food",600,"barakhamba road, new delhi",4.1,520,4.3,5406,https://www.zomato.com/ncr/dunkin-donuts-barakhamba-road,"18-20, Barakhamba",9.17504E+11,28.62786672,77.2234945,"cookie cartwheel, heaven can wait burger, chocolate eclairs, eclair, coffees, wraps","not very crowded, cozy ambiance, favorite place, prompt service, great recommendations, quick service"
Kake Da Hotel,"North Indian, Fast Food, Mughlai, Desserts, Beverages",1000,"malviya nagar, new delhi",4.1,586,3.9,9683,https://www.zomato.com/ncr/kake-da-hotel-malviya-nagar-new-delhi,"E 1/13, Ground Floor, Main Road, Malviya Nagar, New Delhi",9.1115E+11,28.53384243,77.2090498,not specified,not specified
Rasoi By Atithi House,"North Indian, Chinese, Mughlai, Fast Food, Desserts, Beverages",500,"knowledge park, greater noida",4.1,560,3.7,10900,https://www.zomato.com/ncr/rasoi-by-atithi-house-knowledge-park-greater-noida,"C-34, Near IIMT College, Knowledge Park, Greater Noida",9.17065E+11,28.478222,77.489243,not specified,not specified
Handi Highway Dining,North Indian,800,"raj nagar, ghaziabad",4.1,1015,3.8,8411,https://www.zomato.com/ncr/handi-highway-dining-raj-nagar-ghaziabad,"1/77, RDC, Raj Nagar, Ghaziabad",9.11204E+11,28.67740823,77.44231783,"ginger chicken, manchurian dry, pav bhaji, honey chilli potatoes, paneer butter masala, mocktails","delivery on time, warm welcome, relaxed atmosphere, comfortable seating area, good for large groups, family restaurant"
Drool Fresh Bakehouse & Cafe,"Cafe, Italian, Chinese, North Indian, Thai",1200,"sector 13, dwarka, new delhi",4.1,936,4.2,2758,https://www.zomato.com/ncr/drool-fresh-bakehouse-cafe-sector-13-dwarka-new-delhi,"Under Metro Station, Sector 13, Dwarka, New Delhi",9.1813E+11,28.59694509,77.03378521,"strawberry mousse, mud pastry, cheesy garlic bread, lasagne, chocolate truffle, beers","lovely ambience, hookah, packed on weekends, cool place, good options, decent place"
Kafe Republic,"Cafe, Continental, Fast Food, Beverages",1200,"indirapuram, ghaziabad",4.1,494,3.9,493,https://www.zomato.com/ncr/kafe-republic-indirapuram-ghaziabad,"Opposite DPS, Ground Floor, Eros Market Place, Shakti Khand 2, Indirapuram, Ghaziabad",9.19711E+11,28.64705818,77.37501249,not specified,not specified
UP 16 Cafe & Bar,"Mughlai, North Indian, Pizza, Continental, Italian, Chinese, Street Food",1200,"logix city centre, sector 32, noida, noida",4.1,248,0.0,7,https://www.zomato.com/ncr/up-16-cafe-bar-sector-31-noida,"Logix City Centre, 2nd Floor, Sector 32, Near Sector 31, Noida",9.11204E+12,28.574312,77.353581,"ambience was super cool, weekend brunch, amazing ambience, good music, elaborate menu, good wifi",not specified
Yo Tibet,"Chinese, Tibetan, North Indian",500,"safdarjung, new delhi",4.1,543,4.3,716,https://www.zomato.com/ncr/yo-tibet-safdarjung-new-delhi,"119 A, Upper Ground Floor, Near NCC Gate, Humanyunpur Village, Safdarjung Enclave, Safdarjung, New Delhi",9.11149E+11,28.56103283,77.19374277,"stir fried chicken, devil momos, pork ribs, egg fried rice, momo, chicken momos","affordable, pocket friendly, polite staff, mood, owner, portions"
The Biryani House,"Biryani, North Indian, Beverages",550,"kamla nagar, new delhi",4.1,191,4.1,818,https://www.zomato.com/ncr/the-biryani-house-kamla-nagar-new-delhi,"27, UB Block, Jawahar Nagar, Kamla Nagar, New Delhi",9.187E+11,28.68144329,77.20703177,"chicken mandi, hyderabadi chicken biryani, paneer biryani, chicken 65, starters","service and quality of food, food quantity, customizable dishes, weekend brunch, family crowd, preparation"
The Feast Box,"Chinese, Italian, Momos, Burger, Wraps, Fast Food, Beverages",650,"sector 135, noida",4.1,190,4.0,1415,https://www.zomato.com/ncr/the-feast-box-sector-135-noida,"Shop 32, Assotech Business Cresterra, Sector 135, Noida",9.1983E+11,28.49656383,77.40196265,not specified,not specified
Al - Bake,"North Indian, Chinese, Mughlai, Kebab, Momos",600,"community centre, new friends colony, new delhi",4.1,3197,3.7,1719,https://www.zomato.com/ncr/al-bake-new-friends-colony-new-delhi,"Shop 21-23, Community Centre, New Friends Colony, New Delhi",9.11142E+11,28.56165388,77.26824146,"mutton hyderabadi, chicken shawarama, shawarma rolls, shawarma platter, tangdi chicken, gravy chicken","affordable, cheap prices, open area, more variety, cleanliness, authentic food"
Jahangeer Foods,"North Indian, Mughlai",600,"daryaganj, new delhi",4.1,323,0.0,0,https://www.zomato.com/ncr/jahangeer-foods-daryaganj-new-delhi,"5034, Netaji Subhash Marg, Mahavir Vatika, Daryaganj, New Delhi",9.19954E+11,28.64826012,77.24045981,"authentic mughlai food, khameeri roti, changezi chicken, butter chicken","good crowd, low price, polite staff, prompt service, tandoori, best place"
Waffle King,"Desserts, Fast Food, Beverages",300,"pitampura, new delhi",4.1,353,4.3,2745,https://www.zomato.com/ncr/waffle-king-2-pitampura-new-delhi,"E-16/ 383, Sector 8, Pitampura, New Delhi",9.19874E+11,28.70438386,77.12096673,not specified,not specified
Delhi Salad Store,"Salad, Fast Food, Healthy Food, Beverages",600,"m block market, greater kailash 1 (gk1), new delhi",4.1,214,3.9,893,https://www.zomato.com/ncr/delhi-salad-store-greater-kailash-gk-1-new-delhi,"M34/1, M Block Market, Greater Kailash 1 (GK 1), New Delhi",9.11141E+11,28.54966368,77.23667186,not specified,not specified
SGF - Spice Grill Flame,"North Indian, Chinese, Rolls",400,"model town 2, new delhi",4.1,432,3.7,3894,https://www.zomato.com/ncr/sgf-spice-grill-flame-1-model-town-2-new-delhi,"Shop D 2/1, Model Town 3, Near Model Town 2, New Delhi",9.19556E+11,28.70823969,77.18484085,not specified,not specified
Shri Ram Dhaba,"North Indian, Chinese, Fast Food",500,"sohna road, gurgaon",4.1,842,3.7,473,https://www.zomato.com/ncr/shri-ram-dhaba-sohna-road,"Opposite Omaxe City Center, Sohna Road, Gurgaon",9.19873E+11,28.4115774,77.04174098,"dal chawal, paneer taka tak, mixed vegetables, parathas, lassi, palak paneer","casual seating area, elegantly decorated, pocket friendly, inexpensive, good crowd, best service"
Hunger Cure,"Fast Food, Chinese, Beverages, Desserts, North Indian",500,"sector 14, faridabad",4.1,558,4.1,4843,https://www.zomato.com/ncr/hunger-cure-sector-14-faridabad,"SCF 77, Main Market, Sector 14, Faridabad",9.11294E+11,28.39458194,77.3296674,"dragon roll, chocolate fudge, soups, salads, spring rolls, hakka noodles","friendly place, decent place, best places, great taste, good service, good place"
The Galaxy,"North Indian, Chinese, Rolls, Momos",600,"delhi university-gtb nagar, new delhi",4.1,203,3.8,476,https://www.zomato.com/ncr/the-galaxy-delhi-university-gtb-nagar-new-delhi,"201, Hakikat Nagar, Delhi University-GTB Nagar, New Delhi",9.19899E+11,28.6992874,77.2081831,"bhati ka murg, veg seekh kabab, cheese naan, chicken burra, afghani chaap, kadhai chicken","good packaging, good wifi, amazing taste, food taste, elaborate menu, student crowd"
The Thickshake Factory,"Beverages, Desserts, Ice Cream",400,"gaur city 1, greater noida",4.1,144,4.0,321,https://www.zomato.com/ncr/the-thickshake-factory-gaur-city-1-greater-noida,"Plot CIB/GH-01, 4th Floor, Gaur City Mall, Gaur City 1, Greater Noida",9.19871E+11,28.6063841,77.42939226,"loved it, elaborate menu, hospitality, hygiene, student crowd, young crowd",not specified
Alkakori Alkauser,"Mughlai, North Indian",1000,"r k puram, new delhi",4.1,899,4.0,5383,https://www.zomato.com/ncr/alkakori-alkauser-r-k-puram-new-delhi,"30, Vasant Place Market, Near Malai Temple, R K Puram, New Delhi",9.19892E+11,28.56511242,77.16724925,not specified,not specified
Le Chef,"North Indian, Chinese, South Indian, Fast Food, Ice Cream, Beverages",700,"cross river mall, karkardooma, new delhi",4.1,485,4.0,1664,https://www.zomato.com/ncr/le-chef-karkardooma-new-delhi,"2nd Floor, Cross River Mall, Karkardooma, New Delhi",9.1991E+11,28.65748652,77.30239939,not specified,not specified
Jack 'N' Chill,"American, Italian, Cafe, Salad",600,"vijay nagar, new delhi",4.1,945,4.1,3611,https://www.zomato.com/ncr/jack-n-chill-vijay-nagar-new-delhi,"F-19, 1st Floor, Opposite NDPL Office, Vijay Nagar, New Delhi",9.19999E+11,28.69364991,77.20453966,"strawberry margarita, blueberry shake, crispy chicken, peri fries, lasagne, noodle","pocket friendly prices, cozy, comfortable seating, decent ambience, great staff, fancy crowd"
Fill Up,"North Indian, Chinese",1400,"sector pi, greater noida",4.1,767,4.3,4225,https://www.zomato.com/ncr/fill-up-sector-pi,"Elddeco Arcadia, Sector Pi 1, Sector PI, Noida",9.11204E+11,28.46832966,77.53600907,good north indian food with good portions at easy on the pocket prices.,not specified
Pioneer's Flavours of China,"Chinese, Seafood",1300,"connaught place, new delhi",4.1,407,4.2,272,https://www.zomato.com/ncr/pioneers-flavours-of-china-connaught-place-new-delhi,"H-40, Pioneer Crockery House, Outer Circle, Connaught Place, New Delhi",9.11142E+11,28.63456599,77.21738309,"spicy wonton, date pancake, fried prawns, spicy chicken, chinese platter, noodle","gastronomical experience, comfortable seating, fancy crowd, chinese, decent place, interior"
Delicieux,"Bakery, Desserts, Chinese, Fast Food, Burger",350,"janakpuri, new delhi",4.1,279,4.2,2821,https://www.zomato.com/ncr/delicieux-janakpuri-new-delhi,"C 2, 16, Janakpuri, New Delhi",9.1114E+11,28.62167441,77.08454199,not specified,not specified
Shiv Shankar Dhaba,North Indian,300,"paschim vihar, new delhi",4.1,531,4.2,12600,https://www.zomato.com/ncr/shiv-shankar-dhaba-paschim-vihar-new-delhi,"Shop 115, A-6, LSC, Opposite St. Mathew's School, Paschim Vihar, New Delhi",9.1921E+11,28.67452258,77.1070645,"very cheap, pocket friendly, portion size, tasty food, good food, quantity",not specified
Fabelle Chocolates - ITC Maurya,"Desserts, Bakery",1200,"itc maurya, chanakyapuri, new delhi",4.1,133,4.0,77,https://www.zomato.com/ncr/fabelle-chocolates-itc-maurya-chanakyapuri-new-delhi,"ITC Maurya, Sardar Patel Marg, Diplomatic Enclave, Chanakyapuri, New Delhi",9.11166E+11,28.5971379,77.1730212,not specified,not specified
Bombay Blast,"Street Food, Fast Food, Beverages",350,"ashok vihar phase 2, new delhi",4.1,260,4.3,2599,https://www.zomato.com/ncr/bombay-blast-1-ashok-vihar-phase-2-new-delhi,"Plot 25, B2 Block, Deep Cinema Road, Ashok Vihar Phase 2, New Delhi",9.11149E+11,28.6922085,77.17469338,"masala pao bhaji, tawa pulao, dahi puri, bhel puri, vada pao, pav bhaji","economical, polite staff, spicy, food presentation, flavour, packing"
Cake Bhandar,"Bakery, Desserts",300,"sector 62, noida",4.1,345,4.3,2562,https://www.zomato.com/ncr/cake-bhandar-sector-62-noida,"Rajeev Vihar, Sector 62, Noida",9.19583E+11,28.61439597,77.35506222,"chocolate almond, chocolate coffee, eggless cake, red velvet cake jar, strawberry cake, chocolate fudge cake","eggless dessert options, highly customizable cakes, cute cupcakes, good quality good service, coffee date, pretty decor"
Indyaki - Radisson Blu,"North Indian, Mughlai, Desserts",3000,"radisson blu, paschim vihar, new delhi",4.1,291,0.0,2,https://www.zomato.com/ncr/indyaki-radisson-blu-paschim-vihar-delhi,"Radisson Blu, District Centre, Outer Ring Road, Paschim Vihar, New Delhi",9.19717E+11,28.66690626,77.09065676,"live kitchen, lovely ambience, live music, amazing ambience, excellent service, hospitality",not specified
Mad Over Donuts,"Desserts, Beverages",500,"m block market, greater kailash 1 (gk1), new delhi",4.1,361,4.3,6338,https://www.zomato.com/ncr/mad-over-donuts-greater-kailash-gk-1-new-delhi,"S-13, M Block Market, Greater Kailash (GK) 1, New Delhi",9.11147E+11,28.54993198,77.23343678,not specified,not specified
Shawarma Factory,"Arabian, Biryani, Lebanese",450,"jaipuria sunrise plaza, indirapuram, ghaziabad",4.1,187,4.1,1402,https://www.zomato.com/ncr/shawarma-factory-1-indirapuram-ghaziabad,"Plot 12A, SD 106, Ground Floor, Jaipuria Sunrise Greens, Ahinsa Khand, Indirapuram, Ghaziabad",9.17429E+11,28.64013019,77.37774733,not specified,not specified
Tunday Kababi,"Lucknowi, Mughlai",600,"qutab plaza, dlf phase 1, gurgaon",4.1,696,3.7,1,https://www.zomato.com/ncr/tunday-kababi-dlf-phase-1,"B 2, Qutab Plaza, DLF Phase 1, Gurgaon",9.11244E+11,28.4710904,77.10172657,"mutton galouti kabab, kali mirch chicken, kababs, chicken korma, mutton biryani, paratha","authentic taste, amazing food, best place, good place, good food, price"
Brown Sugar,"Fast Food, Chinese, Bakery, Desserts, North Indian, Beverages",500,"m block market, greater kailash 1 (gk1), new delhi",4.1,1259,3.9,17300,https://www.zomato.com/ncr/brown-sugar-greater-kailash-gk-1-new-delhi,"M-73, M Block Market, Greater Kailash (GK) 1, New Delhi",9.11142E+11,28.55081373,77.23394539,"wheat steamos, chocolate pie, chicken sandwiches, oreo shakes, milkshakes, smoothies","bang for the buck, cozy ambiance, casual seating area, nice crowd, inexpensive, serving size"
Karnataka,"South Indian, North Indian, Chinese",700,"yusuf sarai, new delhi",4.1,542,4.2,2487,https://www.zomato.com/ncr/karnataka-yusuf-sarai-new-delhi,"60/5, Yusuf Sarai Market, Yusuf Sarai, New Delhi",9.11127E+11,28.55932927,77.20709816,"upma, mysore masala dosa, dahi vada, filter coffee, sambhar, idli","south indian food, family restaurant, more variety, great recommendations, fast service, polite staff"
Vaishno Punjabi Dhaba,North Indian,500,"prashant vihar, new delhi",4.1,403,4.3,604,https://www.zomato.com/ncr/vaishno-punjabi-dhaba-prashant-vihar-new-delhi,"E-16/316, Pocket 16, Sector 8, Rohini, Near Prashant Vihar, New Delhi",9.19312E+11,28.7042537,77.12134224,"cheese tomato, tandoori naan, paneer bhurji, panneer butter masala, malai kofta, butter naan","great recommendations, polite staff, good place, good service, food quality, nice place"
Ama Thakali,"Nepalese, Chinese",400,"majnu ka tila, new delhi",4.1,327,3.6,39,https://www.zomato.com/ncr/ama-thakali-majnu-ka-tila-new-delhi,"House 40, 1st Floor, New Aruna Nagar, Majnu ka Tila, New Delhi",9.11165E+11,28.70245648,77.2286953,"authentic nepali food, aloo sadeko, nepali thali, mutton thali, chicken curry, dessert","pocket friendly restaurant, family place, vibe, good ambience, portion size, decor"
The Burger Company,"Burger, Fast Food, Beverages",400,"global foyer, palam vihar, gurgaon",4.1,217,3.8,1636,https://www.zomato.com/ncr/the-burger-company-palam-vihar,"Ground Floor 11, Global Foyer, Palam Vihar, Delhi NCR",9.2E+11,28.51203243,77.04015646,not specified,not specified
The Coffee Bean & Tea Leaf,"Coffee, Tea, Cafe, Fast Food, Sandwich, Bakery, Desserts, Beverages",800,"select citywalk mall, saket, new delhi",4.1,1045,4.3,992,https://www.zomato.com/ncr/the-coffee-bean-tea-leaf-saket-new-delhi,"1st Floor, Select Citywalk Mall, Saket, New Delhi",9.11141E+11,28.5286311,77.219521,"decaf coffee, hazelnut americano, mocha latte, chocolate pie, almond cake, dessert counter","serving size, cozy place, breakfast, view, courteous staff, good ambience"
4th Street Cafe,"Fast Food, Beverages, Cafe",500,"preet vihar, new delhi",4.1,555,4.2,3929,https://www.zomato.com/ncr/4th-street-cafe-preet-vihar-new-delhi,"Shop 14, G Block, DDA Market 1st, Preet Vihar, New Delhi",9.11122E+11,28.64229235,77.29801666,"chicken fried momos, peri fries, white pasta, maggie, salads, sandwiches","intimate seating, cheap, soft music, family crowd, best places, student crowd"
HashStix,"Burger, Momos, Fast Food, Desserts, Beverages",400,"sector 15, faridabad",4.1,470,4.1,5736,https://www.zomato.com/ncr/hashstix-sector-15-faridabad,"Shop 20, Sector 15, Faridabad",9.19872E+11,28.3955983,77.32418362,"kit kat shake, waffle, chicken momos, spring rolls, shakes, chutney","seating arrangements, polite staff, concept, awesome place, hospitality, tasty"
Nirula's,"Fast Food, Pizza, Ice Cream, Beverages, Desserts",500,"sushant lok, gurgaon",4.1,421,4.1,10400,https://www.zomato.com/ncr/nirulas-sushant-lok,"Shop 1 - 2, Sri Ram Complex, C Block, Near SRS Mall, Sushant Lok, Gurgaon",9.196E+11,28.45338791,77.08256956,"ice cream sundae, choco fudge, sundae, ice creams, dessert, burgers","perfect place, good taste, good food, spicy, price, staff"
Om Sai Ram Andhra Mess,"Biryani, South Indian",400,"sector 45, gurgaon",4.1,299,4.0,7376,https://www.zomato.com/ncr/om-sai-ram-andhra-mess-sector-45,"183, Sri Mangal Niwas, Kanhai Village, Opposite Ramada Central, Sector 45, Gurgaon",9.18448E+11,28.4486419,77.0717093,"andhra chicken, plain rice, masala dosa, chicken biryani","economical, meals, polite staff, worth the money, food quality, delicious food"
La Vie Pizzeria,"Pizza, Fast Food, Beverages",1000,"khan market, new delhi",4.1,680,4.2,1123,https://www.zomato.com/ncr/la-vie-pizzeria-khan-market-new-delhi,"P1, Sujan Singh Park, Opposite Gopal Mandir, Khan Market, New Delhi",9.1801E+11,28.60014049,77.2271641,"garden pizza, mushroom soup, lasagne, pepperoni pizza, bruschetta, smoothie","live kitchen, cosy place, fresh ingredients, appetizers, good value, atmosphere"
Arabian Delites,"Arabian, Fast Food, Wraps, Rolls",500,"flyover market, defence colony, new delhi",4.1,457,4.0,4417,https://www.zomato.com/ncr/arabian-delites-defence-colony-new-delhi,"23, Flyover Market, Defence Colony, New Delhi",9.11124E+11,28.57743856,77.23817725,"rotisserie chicken, chicken platter, peri peri sauce, potato wedges, falafel, chicken shawarma","pocket friendly, authenticity, low price, great recommendations, polite staff, preparation"
Madras Cafe,"South Indian, Chinese",300,"shahdara, new delhi",4.1,642,4.0,8079,https://www.zomato.com/ncr/madras-cafe-2-shahdara-new-delhi,"Shop C-1/177, Yamuna Vihar, Shahdara, New Delhi",9.19999E+11,28.70085933,77.27310531,"paneer uttapam, vada sambar, idli sambar, sambhar, noodle","variety of veg options, comfortable seating area, good for large groups, serving size, food quantity, family crowd"
The Chocolate Villa,"Bakery, Fast Food, Desserts, Beverages",500,"crescent square mall, rohini, new delhi",4.1,462,4.1,1357,https://www.zomato.com/ncr/the-chocolate-villa-rohini-new-delhi,"20, Crescent Square Mall, DC Chowk, Sector 9, Rohini, New Delhi",9.11146E+11,28.71860166,77.1251047,"chocolate villa, sizzling brownie, mud cake, chocolate truffle pastry, cupcakes, pastries","design, awesome place, owner, nice ambience, interior, environment"
Bistro 37,"Cafe, Chinese, Italian, Sandwich, Burger, Beverages, Continental",900,"hajipur, noida",4.1,457,4.1,5685,https://www.zomato.com/ncr/bistro--hajipur,"First Floor, Yaduvanshi Tower, Hajipur Market, Sector 104, Near Hajipur, Noida",9.188E+11,28.53884557,77.365265,"risotto, cheesy fries, bruschetta, chicken sandwich, sandwiches, mojito","casual seating area, lights, amazing ambience, polite staff, prompt service, decent place"
Anjlika,"Bakery, Fast Food, Rolls, Ice Cream, Desserts, Beverages",400,"rajouri garden, new delhi",4.1,366,4.3,146,https://www.zomato.com/ncr/anjlika-rajouri-garden-new-delhi,"F-146, Rajouri Garden, New Delhi",9.11146E+11,28.64240828,77.12307092,"caramel fudge, almond biscotti, chocochip cake, chicken tikka sandwich, thick shakes, cookies","pretty decor, coffee date, family crowd, portion size, cafe, best place"
Cake Desire,Bakery,300,"palam vihar, gurgaon",4.1,179,4.3,1170,https://www.zomato.com/ncr/cake-desire-palam-vihar,"Shop 2, Opposite Golds Gym, Palam Vihar, Gurgaon",9.188E+11,28.51258306,77.03789838,"chocochip cake, eggless cakes, fresh fruit cake, chocolate truffle cake, pastries","reasonable prices, presentation, proper packaging, flavour, extensive menu, great portions"
The Regal Kitchen,"North Indian, Chinese, Momos",400,"sector 7, dwarka, new delhi",4.1,194,4.0,2172,https://www.zomato.com/ncr/the-regal-kitchen-sector-7-dwarka-new-delhi,"D-467, 1st Floor, Ramphal Chowk, Palam Extension, Sector 7, Dwarka, New Delhi",9.19311E+11,28.5851759,77.06891108,"kheer, kadhai chicken, chicken malai tikka, chilli potato, paneer lababdar, shahi paneer","highly recommended, ambience was super cool, good hygiene, family crowd, weekend brunch, fresh food with good quality"
Too Indian,"North Indian, Continental",1400,"rajouri garden, new delhi",4.1,2215,3.7,428,https://www.zomato.com/ncr/too-indian-rajouri-garden-new-delhi,"A 39, Vishal Enclave, Rajouri Garden, New Delhi",9.18384E+11,28.65063131,77.12017681,"mango sorbet, nutella shakes, chicken curry home style, paneer tacos, veg tacos, hummus pita","service charges, hookahs, sheesha, live band, lovely ambience, rooftop ambience"
Veda,"North Indian, Mughlai, Beverages, Biryani",1600,"connaught place, new delhi",4.1,1722,4.0,110,https://www.zomato.com/ncr/veda-connaught-place-new-delhi,"H-27, Outer Circle, Connaught Place, New Delhi",9.11142E+11,28.63528077,77.21814115,rohit bal designed interiors and north indian spread,not specified
Khan Chacha,"North Indian, Mughlai, Rolls, Beverages",600,"khan market, new delhi",4.1,3469,4.3,1080,https://www.zomato.com/ncr/khan-chacha-khan-market-new-delhi,"Shop 50, 1st Floor, Middle Lane, Khan Market, New Delhi",9.11144E+11,28.59972307,77.22631317,"haryali roll, spicy chicken roll, mutton kakori, aloo roll, khameeri roti, chicken kebab","live kitchen, good for large groups, hygienic place, family place, fancy crowd, seating arrangement"
Al Lazeez,"North Indian, Mughlai, Rolls, Biryani",400,"lajpat nagar 4, new delhi",4.1,869,4.0,20800,https://www.zomato.com/ncr/al-lazeez-lajpat-nagar-4-new-delhi,"22, Ground Floor, Guru Nanak Market, Lajpat Nagar 4, New Delhi",9.18861E+11,28.56280261,77.23794322,"achari chicken, keema gravy, mughlai food, tawa chicken, chicken curry, naan","nice crowd, tandoori, prompt service, good taste, great taste, reasonable price"
Havmor Ice Cream,"Ice Cream, Desserts",200,"janakpuri, new delhi",4.1,280,4.4,2667,https://www.zomato.com/ncr/havmor-ice-cream-janakpuri-new-delhi,"C-1, Janakpuri Main Road, Janakpuri, New Delhi",9.11146E+11,28.62126415,77.08222222,"chocolate lollipop, oreo overload, choco brownie, ice creams, icecream","totally worth it, pocket friendly, concept, amazing place, great taste, ambience"
Breakfast Point,North Indian,200,"prashant vihar, new delhi",4.1,271,4.1,1863,https://www.zomato.com/ncr/breakfast-point-prashant-vihar-new-delhi,"A-76, Lancer Convent School Road, Prashant Vihar, New Delhi",9.11165E+11,28.71032869,77.13369414,"cordial staff, economical, pocket friendly, comfort food, authentic taste, prompt service",not specified
Kake Da Hotel,"North Indian, Mughlai, Rolls, Chinese",700,"jail road, new delhi",4.1,282,3.9,1950,https://www.zomato.com/ncr/kake-da-hotel-1-jail-road-new-delhi,"HL 3, Hari Nagar, Jail Road, New Delhi",9.17304E+11,28.62561863,77.1012307,"handi meat, rara meat, chicken thali, paneer tikka masala, soya chaap, garlic naan","extensive bar menu, great buffet spread, excellent food and service, best prices, family place, unique menu"
Surahi By The Rajkamal,"North Indian, Chinese",1300,"connaught place, new delhi",4.1,424,3.9,11,https://www.zomato.com/ncr/surahi-by-the-rajkamal-connaught-place-new-delhi,"M-58 & 59, Connaught Place, New Delhi",9.1115E+11,28.63387563,77.22198375,"deluxe veggie burger, soya chaap masala, spring roll, drink, platter, soup","ambience is very nice, service and quality of food, good for large groups, calm, themed decor, fancy crowd"
The Chinese Hut,"Chinese, Fast Food, Momos",600,"aditya city centre, indirapuram, ghaziabad",4.1,531,4.0,1398,https://www.zomato.com/ncr/the-chinese-hut-indirapuram-ghaziabad,"SPL 2, Aditya City Centre, Indirapuram, Ghaziabad",9.11204E+11,28.63887107,77.36121152,"crispy honey chilli potato, pan fried noodles, chicken soup, noodles, starters","chinese, best place, spicy, worth the money, main course, quantity"
Wabi Sabi,"Bakery, Fast Food, Desserts",500,"sector 93, noida",4.1,193,4.1,865,https://www.zomato.com/ncr/wabi-sabi-sector-93-noida,"Shop 7 & 8, Choudhary Dharam Singh Market, Near ELT, Sector 93, Noida",9.19719E+11,28.52040794,77.3845236,"owner, great taste, price, value for money, experience, good quality",not specified
Makhani Siingh,"North Indian, Mughlai, Biryani, Rolls",550,"the great india place, sector 38, noida",4.1,391,3.8,1042,https://www.zomato.com/ncr/makhani-siingh-sector-38-noida,"3rd Floor, Great India Place Mall, Sector 38A, Near Sector 38, Noida",9.19626E+11,28.56703613,77.32546236,"paneer masala biryani, dum aloo kashmiri, soya chaap biryani, non veg biryani, tandoori chaap, jeera rice","highly recommended, tasty stuff, delivery on time, many choices, amazing packaging, packed on weekends"
BTW,"North Indian, Street Food, South Indian, Chinese",500,"living style mall, jasola, new delhi",4.1,946,3.8,17800,https://www.zomato.com/ncr/btw-jasola-new-delhi,"1 & 2, Living Style Mall, Main Kalindi Kunj Road, Jasola, New Delhi",9.11141E+11,28.54096298,77.29668126,"peda, sev puri, raj kachori, tandoori platter, vada, chutneys","office crowd, inexpensive, street food, cozy place, great recommendations, great ambiance"
Angels In My Kitchen,"Bakery, Fast Food",400,"cyber hub, dlf cyber city, gurgaon",4.1,1387,4.3,4960,https://www.zomato.com/ncr/angels-in-my-kitchen-dlf-phase-3,"K 10A, Cyber Hub, DLF Cyber City, DLF Phase 3, Gurgaon",9.11245E+11,28.4963163,77.0889169,"belgian evasion cake, chocolate evasion, mocha pastry, walnut pie, chocolate croissant, eclairs","pretty decor, cosy place, good stuff, decoration, favorite place, view"
Subway,"Healthy Food, Fast Food, Salad, Wraps",500,"vijay nagar, new delhi",4.1,750,4.1,42900,https://www.zomato.com/ncr/subway-vijay-nagar-new-delhi,"F-21 B, Single Storey, Hudson Lane, Opposite NDPL House, Vijay Nagar, New Delhi",9.11145E+11,28.69379696,77.20442299,"veggie delite, chicken kofta, teriyaki chicken, cookies, salads, sandwiches","cute little place, good crowd, great recommendations, great ambiance, healthy food, prompt service"
Chinese Veg Crunch,"Chinese, Momos, North Indian",500,"rohini, new delhi",4.1,180,4.0,8462,https://www.zomato.com/ncr/chinese-veg-crunch-rohini-new-delhi,"Shop 31 & 32, Ground Floor, CSC - 6, Sector 16 Rohini, New Delhi",9.19954E+11,28.73523883,77.11979829,"manchurian combo, paneer noodles, white pasta, honey chilli potato, veg hakka noodles, spring roll","contactless delivery, wonderful presentation, spill proof packaging, hygiene, perfect presentation, elaborate menu"
GreeNox Lounge,"Salad, Healthy Food, Juices, Beverages",500,"sector 62, noida",4.1,225,3.9,2431,https://www.zomato.com/ncr/greenox-lounge-sector-62-noida,"C-28, Logix Cyber Park, C Block, Sector 62, Noida",9.17827E+11,28.61224766,77.36662522,"paneer salad, banana caramel, chai, salads, sandwiches, white sauce pasta","good food good quality, bang for the buck, economical, drive through, elegantly decorated, great recommendations"
Locale,"North Indian, Beverages, Italian, Mughlai",2000,"saket, new delhi",4.1,882,4.4,466,https://www.zomato.com/ncr/locale-saket-new-delhi,"17, 2nd Floor, Community Centre, Near PVR Anupam, Saket, New Delhi",9.19958E+11,28.52327279,77.20706765,"shredded lamb burger, purple shadow, molten chocolate lava, veg extravaganza pizza, tiramisu, falafel","beautiful view, good view, awesome music, roof top, sheesha, great music"
Delhi Barbeque,"North Indian, Street Food, Beverages, Desserts",1100,"mahipalpur, new delhi",4.1,248,0.0,7,https://www.zomato.com/ncr/delhi-barbeque-mahipalpur-new-delhi,"IGI Airport Road, NH 8, Mahipalpur Extension, Mahipalpur, New Delhi",9.17504E+11,28.54870505,77.12700572,"pan kulfi, fried prawns, barbeque, crispy corn, buffet, panner tikka","great buffet spread, extensive bar menu, variety of veg options, fusion dishes, themed decor, affordable rate"
Harish Bakery,"Bakery, Chinese, South Indian, Fast Food, North Indian, Beverages, Street Food, Desserts",500,"old railway road, gurgaon",4.1,908,4.1,5369,https://www.zomato.com/ncr/harish-bakery-old-railway-road,"Shop 21/11, Opposite Sector 7 Market, Old Railway Road, Gurgaon",9.19812E+11,28.47192713,77.01847583,"matar kulcha, golgappe, chowmein, honey chilli potatoes, sweets, cakes","quality of food, nice crowd, pocket friendly, delivery person, food service, great recommendations"
Throttle Shrottle,"Cafe, North Indian, Fast Food, Beverages",600,"gwal pahari, gurgaon",4.1,453,0.0,0,https://www.zomato.com/ncr/throttle-shrottle-gwal-pahari,"Opposite Valley View Apartments, Gwal Pahari, Delhi NCR Faridabad Road, Gwal Pahari, Gurgaon",9.1956E+11,28.42787429,77.14290854,"chai, tea, sandwiches, white sauce pasta, pasta, drinks","rustic ambience, pocket friendly prices, art, cool place, theme, friendly place"
Refections- The Juice Bar,"Beverages, Juices, Salad",300,"yusuf sarai, new delhi",4.1,430,4.1,2738,https://www.zomato.com/ncr/refections-the-juice-bar-yusuf-sarai-new-delhi,"I-130/1, Gautam Nagar, Sudarshan Cinema Road, Yusuf Sarai, New Delhi",9.11141E+11,28.56109908,77.20986184,"rose shake, orange mojito, fried cheese, thick shakes, kit kat shake, juices","friendly place, bar, best places, amazing place, reasonable price, cute packaging"
DIOS The Neighbourhood Bistro,"Italian, Continental, Mexican, North Indian",1300,"sector 132, noida",4.1,381,3.8,2454,https://www.zomato.com/ncr/dios-the-neighbourhood-bistro-sector-132-noida,"B-36, Block A, Express Trade Tower 2, Noida-Greater Noida Expressway, Sector 132, Noida",9.1813E+11,28.5139532,77.3776665,"thin crust pizza, mocktails, brownie, wings, corn, pasta","cozy place, comfortable seating, good options, interior, nice ambience, decor"
Eato,"Mughlai, North Indian, Biryani, Chinese",700,"sector 50, gurgaon",4.1,279,3.8,2311,https://www.zomato.com/ncr/eato-sector-50,"LG 01, Malibu Town, Sector 47, Near Sector 50, Gurgaon",9.19811E+11,28.4217802,77.05246344,"paneer lababdar, gulab jamun, tandoori chicken, dal, butter chicken, soup","very nice food, cutlery, amazing taste, excellent food, chef, good quantity"
Kitchen Clicks,"North Indian, Chinese, Continental",1400,"indirapuram, ghaziabad",4.1,162,0.0,9,https://www.zomato.com/ncr/kitchen-clicks-indirapuram-ghaziabad,"G-49, 56, Krishna Apra, D-Mall, Shakti Khand-2, Indirapuram, Ghaziabad",9.2E+11,28.64632848,77.37457026,"new menu, variety of pizza, customizable dishes, good options, live music, weekend brunch",not specified
Mocha Arthouse,"Cafe, North Indian, Continental, Beverages, Desserts, Fast Food",1400,"dlf promenade mall, vasant kunj, new delhi",4.1,1402,3.9,78,https://www.zomato.com/ncr/mocha-arthouse-vasant-kunj-new-delhi,"167, Ground Floor, DLF Promenade Mall, Vasant Kunj, New Delhi",9.17839E+11,28.54299729,77.15606947,"berry blast, shisha, mocha, coffees, maggi, hot chocolate","hookahs, sheesha, brilliant service, recommend place, best ambience, outdoor seating"
Utsav - Gourmet Cakes and Breads,"Bakery, Desserts, Continental",250,"shalimar bagh, new delhi",4.1,143,4.4,1082,https://www.zomato.com/ncr/utsav-gourmet-cakes-and-breads-shalimar-bagh-new-delhi,"House 165, Haiderpur Village, Shalimar Bagh, New Delhi",9.19812E+11,28.723408,77.146201,"chocolate cookies, choco truffle, red velvet, pastries, cakes, desserts","design, owner, chef, food presentation, worth the money, food quality"
Delhi Baking Company - JW Marriott New Delhi,"Bakery, Cafe, Fast Food, Healthy Food",2500,"jw marriott new delhi, new delhi",4.1,180,0.0,1,https://www.zomato.com/ncr/delhi-baking-company-jw-marriott-new-delhi-aerocity-new-delhi,"Asset Area 4, Hospitality District, Aerocity, New Delhi",9.11145E+11,28.55327388,77.12208286,"pastries, cakes, sandwiches, coffee, chocolate, desserts",not specified
Cinch,"North Indian, Chinese, Continental, Thai, Lebanese, Mexican, Kebab",1500,"gaur central  mall, raj nagar, ghaziabad",4.1,855,4.0,643,https://www.zomato.com/ncr/cinch-raj-nagar-ghaziabad,"J-1, Opposite Gaur Central Mall, RDC, Raj Nagar, Ghaziabad",9.18527E+11,28.67396603,77.43955515,"gulkand ice cream, butter kulcha, tangdi chicken, schezwan fried rice, paneer tika, soups","staff politeness, happy hour, good offers, singer, relaxed atmosphere, good hospitality"
Bruxie,"Burger, Sandwich, Fast Food, Beverages, Desserts",900,"ambience mall, dlf phase 3, gurgaon",4.1,158,3.9,56,https://www.zomato.com/ncr/bruxie-dlf-phase-3,"317 A, 3rd Floor, Ambience Mall, National Highway 8, DLF Phase 3, Gurgaon",9.11244E+11,28.50272079,77.09729187,"fried chicken meal, dessert waffle, chicken tenders, waffles, sandwich, burgers","server, portion size, good music, concept, family crowd, elaborate menu"
Instapizza,"Pizza, Fast Food",450,"sector 37, gurgaon",4.1,506,4.0,5190,https://www.zomato.com/ncr/instapizza-sector-37,"Plot 15, Urban Estate, Near HP Salasar Gas, Sector 10, Near Sector 37, Gurgaon",9.19667E+11,28.451955,77.004111,"chicken sausages, pepperoni pizza, pizzas, veg pizza, brownie, corn","seating area, prompt service, reasonable prices, concept, excellent service, great place"
MOC - The American Restaurant,"Burger, Fast Food, Beverages",500,"mayur vihar phase 1, new delhi",4.1,345,4.3,7528,https://www.zomato.com/ncr/moc-the-american-restaurant-mayur-vihar-new-delhi,"104/105, Gali 17, Pratap Nagar, Mayur Vihar Phase 1, New Delhi",9.17839E+11,28.6044769,77.2927628,"fried chicken, peri peri fries, rice bowl, chicken wings, wrap, chicken burger","bang for the buck, cute little place, great recommendations, nice food, combo, great taste"
City Spicee,"North Indian, Chinese",600,"nit, faridabad",4.1,476,3.8,8630,https://www.zomato.com/ncr/city-spicee-1-nit-faridabad,"3B/9, NIT 3, NIT, Faridabad",9.19651E+11,28.39879331,77.29812663,"afghani chaap, deluxe thali, salad, butter chicken, biryani, momos","chirpy crowd, comfort food, casual seating area, fantastic place, inexpensive, great recommendations"
Khalsa,"North Indian, Mughlai",600,"punjabi bagh, new delhi",4.1,334,4.1,4075,https://www.zomato.com/ncr/khalsa-punjabi-bagh-new-delhi,"6 & 7, New Janta Market, Club Road, Paschim Puri Chowk, Punjabi Bagh, New Delhi",9.19999E+11,28.66682478,77.11726058,"bheja fry, matka murgh, matki chicken, afghan chicken, tawa chaap, fish tikka","generous portions, packed on weekends, recommended place, nice service, preparation, wonderful presentation"
Saffron - Trident Gurgaon,"North Indian, South Indian, Kebab, Mughlai, Beverages, Desserts",3200,"trident, udyog vihar, gurgaon",4.1,171,0.0,0,https://www.zomato.com/ncr/saffron-trident-gurgaon-udyog-vihar,"443, Phase 5, Udyog Vihar, Gurgaon",9.11242E+11,28.50366864,77.0881784,"lamb curry, laal maas, rasmalai, sweet dish, kababs, thali","exceptional service, peaceful ambience, live music, amazing service, chef, food taste"
Auntie Fung's - Asian Street Food,"Asian, Chinese, Thai, Burmese, Vietnamese, Japanese, Indonesian, Momos",1000,"dlf galleria, dlf phase 4, gurgaon",4.1,490,3.7,2101,https://www.zomato.com/ncr/auntie-fungs-asian-street-food-dlf-phase-4,"SF 11, Floor 1, DLF Galleria Market, Near Galleria Towers, DLF Phase 4, Gurgaon",9.1965E+11,28.46763497,77.0813448,"bao bun, szechwan chicken, burmese khowsuey, chicken yakitori, prawn noodles, pho","best prize, themed decor, cozy place, good quality food, chinese, contactless delivery"
The Lo-cal Kitchen,"Cafe, Healthy Food, Salad, Wraps, Desserts, Sandwich",1200,"greater kailash 1 (gk1), new delhi",4.1,392,4.1,3318,https://www.zomato.com/ncr/the-lo-cal-kitchen-greater-kailash-gk-1-new-delhi,"R-21, Greater Kailash 1 (GK 1), New Delhi",9.11143E+11,28.5480907,77.23945633,"detox salad, whole wheat spaghetti, carrot juice, mixed fruit juice, whole wheat pasta, peri chicken","intimate seating, healthy food options, quaint little place, fancy crowd, meals, cafe"
Gallery Café - Hyatt Place,"Cafe, Asian, North Indian, Desserts",1600,"hyatt place gurgaon, gurgaon",4.1,279,3.9,40,https://www.zomato.com/ncr/gallery-caf-hyatt-place-udyog-vihar,"Hyatt Place, 15/1, Old Delhi - Gurgaon Road, Sector 18, Udyog Vihar, Gurgaon",9.17042E+11,28.50065093,77.0658309,"dinner buffet, sunday brunch, waffles, chole, salads, gulab jamun","romantic seating, live kitchen, beautiful place, hospitality, cafe, courteous staff"
Champaran Meat House,"North Indian, Mughlai",300,"laxmi nagar, new delhi",4.1,454,4.0,1500,https://www.zomato.com/ncr/champaran-meat-house-laxmi-nagar-new-delhi,"D 324, Gali 12, Near Red Light, Laxmi Nagar, New Delhi",9.19999E+11,28.6304326,77.27602053,"economical, good crowd, great recommendations, polite staff, seating, good taste",not specified
Mogli's Coffee,"Italian, Continental, Sandwich, Beverages, Cafe, Desserts",500,"pvr city centre mall, mg road, gurgaon",4.1,270,4.3,724,https://www.zomato.com/ncr/moglis-coffee-mg-road,"Shop 219, 2nd Floor, PVR City Centre Mall, MG Road, Gurgaon",9.11244E+11,28.47926346,77.08083149,"kit kat shake, coffees, cappuccino, oreo shake, cold coffee, shakes","cozy ambience, soft music, courteous staff, amazing place, portion size, great place"
Punjabi Dhaba,North Indian,400,"rohini, new delhi",4.1,366,3.9,75,https://www.zomato.com/ncr/punjabi-dhaba-2-rohini-new-delhi,"Shop 6/16, CSC-5, Opposite Veera Jain Hospital, Sector 11, Rohini, New Delhi",9.11128E+11,28.73143869,77.10968502,"chana masala, malai kofta, paneer butter masala, chaap, dal makhni",not specified
The Chow,"Chinese, Thai, Momos",600,"rohini, new delhi",4.1,295,4.0,1272,https://www.zomato.com/ncr/the-chow-rohini-new-delhi,"Shop 32, Park Plaza Market, CSC 6, Sector 9, Rohini, New Delhi",9.18506E+11,28.71804035,77.12571658,"tai chi chicken, chicken dimsums, hakka noodles, spring rolls, soup, chinese food","chinese, authentic taste, preparation, portion size, awesome food, spicy"
Sparrows At Home Cafe,"Cafe, Desserts, Fast Food, Beverages, Pizza, Sandwich, Salad",650,"hajipur, noida",4.1,297,3.9,41,https://www.zomato.com/ncr/sparrows-at-home-cafe-hajipur-noida,"KM-01, 1st Floor, Hajipur Market, Sector 104, Hajipur, Noida",9.18447E+11,28.54081218,77.36830059,"chocolate cookies, walnut cake, french toast, hot coffee, pancakes, cappuccino","peaceful environment, calm, vibe, great recommendations, cafe, interior"
Hot & Crusty,"Fast Food, Desserts, Beverages",450,"narela, new delhi",4.1,363,3.8,2504,https://www.zomato.com/ncr/hot-crusty-narela-new-delhi,"239/136, Vijay Nagar, Narela, New Delhi",9.2E+11,28.85233489,77.08816063,"aloo tikki supreme burger, fried cheese, gravy momo, loaded fries, kit kat shake, peri fries","drive through, economical, not very crowded, elegantly decorated, polite staff, prompt service"
The Flashback,"Italian, Chinese, Continental, American",700,"rajendra place, new delhi",4.1,932,3.8,12800,https://www.zomato.com/ncr/the-flashback-rajendra-place-new-delhi,"G-1, Ground Floor, Rattan Jyoti Building, Rajendra Place, New Delhi",9.19719E+11,28.64441109,77.1786499,"garlic bread with cheese, hazelnut coffee, white pasta, grilled sandwich, cheesy fries, grilled fish","wooden interiors, good food good quality, awesome music, perfect ambience, great music, cozy"
Excuse Me Boss,"North Indian, Chinese, European, Fast Food, Continental",1800,"mgf metropolitan mall, saket, new delhi",4.1,739,3.8,62,https://www.zomato.com/ncr/excuse-me-boss-saket-new-delhi,"33, Ground Floor, MGF Metropolitan, Saket, New Delhi",9.188E+11,28.52943554,77.22011592,"maharaja platter, tandoori veg platter, grilled chicken breast, cocktail, virgin mojito, chicken wings","dance floor, sheesha, comfortable seating, nice music, packed on weekends, great music"
Wangchuk's Tibetan Kitchen,"Tibetan, Chinese, Momos",800,"rodeo drive, sector 49, gurgaon, gurgaon",4.1,253,3.8,2468,https://www.zomato.com/ncr/wangchuks-tibetan-kitchen-sector-49,"DG 33, Ground Floor, Rodeo Drive, Sector 49, Delhi NCR, Delhi NCR",9.17678E+11,28.42005936,77.05177344,"chicken shumai, authentic tibetan food, steamed chicken momo, tingmo, momos, sauce","relaxed atmosphere, authentic food, owner, portions, excellent food, perfect presentation"
Zarra Si Biryani,"Biryani, North Indian, Mughlai",800,"baani square, sector 50, gurgaon",4.1,364,3.7,1542,https://www.zomato.com/zarrasibiryani,"S 42, Baani Square, C Block, Sector 50, Gurgaon",9.19206E+11,28.42544973,77.05719821,"egg biryani, mutton biryani, chicken malai tikka, chicken biryani, gulab jamun, starter","authentic taste, portion, interior, hospitality, nice ambience, main course"
For God's Cake,Bakery,300,"gujranwala town, new delhi",4.1,1133,4.2,3778,https://www.zomato.com/ncr/for-gods-cake-gujranwala-town-new-delhi,"B--181/2, Derawal Nagar, Gujranwala Town, New Delhi",9.19818E+11,28.701242,77.189705,"potato twisters, chocolate frosting, eclair pastry, gooey chocolate, choco chip pastry, snicker shake","cute ambience, pretty decor, decorations, beautiful place, friendly place, interior"
Jain Coffee House,Fast Food,400,"chandni chowk, new delhi",4.1,310,0.0,2,https://www.zomato.com/ncr/jain-coffee-house-chandni-chowk-new-delhi,"4013, Ballimaran Road, Raghuganj, Near PNB ATM, Chawri Bazar, New Delhi",9.19315E+11,28.65045359,77.22942553,"fruit sandwich, veg sandwich, cold coffee, shakes, chutney","preparation, owner, concept, reasonable prices, spicy, price"
Play Pizza,"Italian, Fast Food, Beverages, Desserts, Salad, Pasta, Pizza",450,"laxmi nagar, new delhi",4.1,635,4.0,10600,https://www.zomato.com/playpizzaindia,"Shop 2, DDA Market, Opposite V3S Mall, Laxmi Nagar, New Delhi",9.11142E+11,28.63511186,77.28818603,"choco bomb, garlic bread exotica, cheese burst, paneer pizza, pizzas, veg pizza","bang for the buck, drive through, great ambiance, quick delivery, polite staff, perfect presentation"
New Sher A Punjab,North Indian,400,"dlf phase 3, gurgaon",4.1,358,3.5,4206,https://www.zomato.com/ncr/new-sher-a-punjab-dlf-phase-3,"50/1, U Block, DLF Phase 3, Gurgaon",9.19811E+11,28.491556,77.095278,"panneer butter masala, tandoori chaap, kadhai chicken, butter roti, chilli potato, butter naan","economical, cute little place, great recommendations, polite staff, reasonable prices, combo"
Gourmet Nirvana,"Pizza, Italian, Sandwich, Fast Food, Beverages, Burger",650,"sector 37, noida",4.1,140,3.6,571,https://www.zomato.com/ncr/gourmet-nirvana-sector-37-noida,"Shop 10, E Block Market, Sector 36, Near Sector 37, Noida",9.19999E+11,28.56953753,77.34757785,"veg extravaganza pizza, sauteed vegetables, potato wedges, oreo shake, sandwich, garlic bread","couple friendly, soft music, packed on weekends, yummy food, weekend brunch, cute packaging"
THC - The Hunger Cartel,"Burger, Pizza, Fast Food, Beverages, Continental, Italian, Lebanese",1200,"shahpur jat, new delhi",4.1,371,3.8,2036,https://www.zomato.com/ncr/thc-the-hunger-cartel-shahpur-jat-new-delhi,"2nd Floor, Building 4 A, Siri Fort, Shahpur Jat, New Delhi
",9.18447E+11,28.54935857,77.21191507,"spicy meatballs, savoury crepe, nutella crepe, hot wings, cappuccino, potato wedges","ample seating area, fancy crowd, view, mood, amazing place, packing"
Oh My Gopala,"North Indian, Chinese, Street Food, Biryani",1000,"connaught place, new delhi",4.1,300,3.9,54,https://www.zomato.com/ncr/oh-my-gopala-connaught-place-new-delhi,"G9, Marina Arcade, Outer Circle, Connaught Place, New Delhi",9.18448E+11,28.63386151,77.21688084,"dahi puri chaat, stuffed capsicum, golgappa shots, pani puri, cheese balls, butter roti","pure veg, comfortable seating area, attentive staff, great location, warm welcome, relaxed atmosphere"
Moets Coco Palm,"South Indian, Chettinad, Kerala, Andhra, Seafood, Desserts, Beverages",800,"pvr city centre mall, mg road, gurgaon",4.1,404,4.0,1904,https://www.zomato.com/ncr/moets-coco-palm-mg-road,"204, 2nd Floor, PVR City Centre Mall, MG Road, Gurgaon",9.11244E+11,28.47942378,77.08094012,"seafood thali, chettinad curry, chicken dosa, appam, mysore masala dosa, dahi vada","peaceful environment, cozy place, authentic taste, decent place, prompt service, friendly staff"
Cafe Garage Inc.,"Chinese, South Indian, Biryani",700,"safdarjung, new delhi",4.1,158,0.0,7,https://www.zomato.com/ncr/cafe-garage-inc-1-safdarjung-new-delhi,"111, Ground Floor, Humayunpur, Near NCC Gate, Safdarjung, New Delhi",9.19911E+11,28.56079312,77.19365057,"good wifi, weekend brunch, student crowd, elaborate menu, good music, customizable food",not specified
Swad-E-Lazeez,"North Indian, Chinese, Mughlai, Biryani",700,"amrapali leisure valley, greater noida",4.1,279,3.7,3971,https://www.zomato.com/ncr/swad-e-lazeez-2-amrapali-leisure-valley-greater-noida,"Shop 13, GH 02, Lower Ground Floor, Tech Zone 4, Amrapali Leisure Valley, Greater Noida",9.19873E+11,28.58679484,77.43800953,"chicken tangdi, achaari chaap, dahi ke sholey, egg curry, chicken butter masala, afghani chicken","lip smacking food, great recommendations, low price, super service, elegantly decorated, unique menu"
Mealodrama Modern Bistro,"North Indian, Chinese, Continental, Fast Food, Mughlai",1200,"rajouri garden, new delhi",4.1,1423,3.8,68,https://www.zomato.com/ncr/mealodrama-modern-bistro-rajouri-garden-new-delhi,"A-6, 2nd Floor, Vishal Enclave, Rajouri Garden, New Delhi",9.19599E+11,28.64740538,77.11920988,"crispy water chestnut, corn poppers, dahi sholey, tex mex burger, chocolate brownie sizzler, cheese balls","budget friendly menu, live dj, flowers, lightings, live kitchen, beautiful interiors"
The Shahi Foods,North Indian,350,"shahdara, new delhi",4.1,430,4.1,2228,https://www.zomato.com/ncr/the-shahi-foods-shahdara-new-delhi,"24, Double Storey, Kabool Nagar, Shahdara, New Delhi",9.19872E+11,28.67617956,77.29041897,"regular thali, bhindi masala, paneer dhaniya adraki, chole rice, mushroom masala, paneer do pyaza","good wifi, weekend brunch, customizable food, elaborate menu, good music, young crowd"
"Squire- ""Shudhh Khao Shudhh Khilao""","North Indian, Chinese, Fast Food",500,"sector 72, noida",4.1,354,4.1,523,https://www.zomato.com/ncr/squire-shudhh-khao-shudhh-khilao-sector-72-noida,"Shop 5, Plot A1, Sorkha, Near Janta MIG Flats, Sector 115, Near Sector 72, Noida",9.2E+11,28.57738,77.40072,"keema chicken, mutton tikka masala, keema meat, kheer, chicken curry, butter chicken",not specified
Five Star Dhaba,Mughlai,500,"paschim vihar, new delhi",4.1,712,3.8,11200,https://www.zomato.com/ncr/five-star-dhaba-paschim-vihar-new-delhi,"24, GH-10, DDA Market, Outer Ring Road, Sunder Vihar, Near Paschim Vihar, New Delhi",9.18527E+11,28.66440306,77.09159352,"comfortable seating area, excellent food, location, cafe, amazing food, main course",not specified
One Degree East Cafe,"Chinese, Thai",1000,"chanakyapuri, new delhi",4.1,216,3.9,49,https://www.zomato.com/ncr/one-degree-east-cafe-2-chanakyapuri-new-delhi,"25, Santushti Complex, Chanakyapuri, New Delhi",9.188E+11,28.59488415,77.19839372,"chicken rara masala, lahori chicken, handi paneer, afghan chicken, honey chilli potatoes, malai chaap","relaxed atmosphere, comfortable seating area, best restaurant, family crowd, fast service, environment"
Handi Mittra Di,"Mughlai, North Indian, Chinese, Kebab",550,"crossing republik, ghaziabad",4.1,567,3.7,8142,https://www.zomato.com/ncr/handi-mittra-di-crossing-republik-ghaziabad,"Shop 19, Pancheel Well Bazaar Crossing, Crossing Republik, Ghaziabad",9.18751E+11,28.62756832,77.43532967,"bang for the buck, cozy ambiance, low price, prompt service, food taste, nice food",not specified
Apna Dhaba & Caterers,North Indian,300,"mayapuri phase 2, new delhi",4.1,503,4.0,20700,https://www.zomato.com/ncr/apna-dhaba-caterers-mayapuri-phase-2-new-delhi,"Street 2, BE 335, Hari Nagar, Mayapuri Phase 2, New Delhi",9.11125E+11,28.6305921,77.11927794,"kathi rolls, paneer roll, chicken roll, tandoori momos, butter chicken","art, perfect place, owner, tasty food, prices, best place"
Wonder Taste of Spices,"North Indian, Chinese, Rolls, Mughlai",700,"paschim vihar, new delhi",4.1,389,4.0,8325,https://www.zomato.com/ncr/wonder-taste-of-spices-paschim-vihar-new-delhi,"Shop 50, Ground Floor, DDA Market, Teachers Colony, Near Block B3, Paschim Vihar, New Delhi",9.19811E+11,28.66279738,77.10050918,"chinese, asian, continental, north indian, beverages",not specified
Cake Innovation,"Bakery, Fast Food",400,"sector 7, gurgaon",4.1,267,4.1,1502,https://www.zomato.com/ncr/cake-innovation-sector-7,"1-A, Circular Road, New Colony, Sector 7, Gurgaon",9.11244E+11,28.467286,77.01755449,"pomegranate mojito, masala corn, crispy corn, sizzlers, toast, virgin mojito","cozy ambience, comfortable seating area, family place, great value, beautiful place, amazing ambience"
Mystery of Spice,"North Indian, Chinese, Continental",1000,"hajipur, noida",4.1,812,3.7,700,https://www.zomato.com/ncr/mystery-of-spice-hajipur,"1st Floor, Kesari Plaza, Sector 104, Near Hajipur Noida",9.1987E+11,28.53924142,77.36565694,"say cheese fries, belgian fries, chicken crisp burger, veggie delight, loaded fries, nutella waffle","polite staff, quick service, presentation, awesome food, great taste, packing"
The Belgian Fries Co - Burgers & Fries,"Burger, Fast Food, Continental, American, Belgian, Finger Food, Desserts, Beverages",700,"mgf metropolitan mall, mg road, gurgaon",4.1,435,4.2,6895,https://www.zomato.com/ncr/the-belgian-fries-co-burgers-fries-mg-road,"9 A, 3rd Floor, MGF Metropolitan Mall, MG Road, Gurgaon",9.11244E+11,28.47967339,77.08011031,"paneer kurkure, tandoori veg platter, mughlai food, mutton rogan josh, malai kofta, chilly chicken","outdoor seating, atmosphere, excellent food, portion size, main course, awesome food"
Chef Style,"North Indian, Chinese, Rolls",1500,"sector 53, gurgaon",4.1,696,4.0,9311,https://www.zomato.com/ncr/chef-style-sector-53,"Plot 55, Saraswati Kunj, Sector 53, Gurgaon",9.19819E+11,28.437274,77.100487,"mughlai food, shawarma, kebabs, chicken biryani, mutton, rolls","good for large groups, ample seating area, decent place, courteous staff, environment, decor"
Rampur Kitchen,"Rolls, Mughlai, Kebab",550,"the india mall, new friends colony, new delhi",4.1,405,4.0,496,https://www.zomato.com/ncr/rampur-kitchen-new-friends-colony-new-delhi,"8, Community Center, New Friends Colony, New Delhi",9.11141E+11,28.56093271,77.2681858,"kheer, mezze platter, kulfi, mocktail, kebabs, dessert","beautiful lighting, lightings, amazing decor, great atmosphere, warm welcome, excellent ambience"
CG's - Lounge Cafe Bar,"Continental, North Indian",1800,"rajouri garden, new delhi",4.1,236,0.0,0,https://www.zomato.com/ncr/cgs-lounge-cafe-bar-rajouri-garden-new-delhi,"A-4, 1st Floor, Vishal Enclave, Rajouri Garden, New Delhi",9.11166E+11,28.64774551,77.11903553,"changezi chicken, butter chicken, tandoori chicken, thali, roll, biryani","reasonable price, great taste, spicy, quantity, good food, staff"
Oliver Kitchen,"North Indian, Pizza, Chinese, Mughlai",600,"sector 29, faridabad",4.1,278,3.8,2774,https://www.zomato.com/ncr/oliver-kitchen-sector-29-faridabad,"Shop 108, Huda Shoping Complex, Sector 29, Faridabad",9.18745E+11,28.43360432,77.32071523,"peach mocktail, chicken sliders, fried cheese, loaded fries, peri peri fries, waffles","economical, best services, authenticity, great recommendations, good quality food, reasonable prices"
Khidki,"Burger, Healthy Food, Continental, Fast Food, Desserts, Beverages",450,"sector 15, faridabad",4.1,282,3.9,2706,https://www.zomato.com/ncr/khidki-sector-15-faridabad,"Near Hanuman Mandir, Hanuman Mandir Marg, Sector 15, Faridabad",9.2E+11,28.39319601,77.31491894,"chicken sui mai dimsum, chilli prawns, thai red curry, dim sums, kung pao chicken, honey chilli potatoes","highly recommended, tasty stuff, worth the price, amazing packaging, ample seating area, perfect service"
The Noodle Company,"Asian, Chinese, Thai",900,"supermart 2, dlf phase 4, gurgaon",4.1,510,4.0,4937,https://www.zomato.com/ncr/the-noodle-company-dlf-phase-4,"D-21, Supermart 2, DLF Phase 4, Gurgaon",9.19319E+11,28.4615526,77.08792459,"chocolate bouquet, chocolate desire, chocolate overload, nutella pancakes, crepe, nutella waffle","pocket friendly, delicious taste, reasonable rates, favorite place, beautiful place, recommended place"
Chocolate Desire,"Fast Food, Desserts, Beverages",500,"sector 19, noida",4.1,267,4.0,665,https://www.zomato.com/ncr/chocolate-desire-sector-19-noida,"A-683, Pocket A, Sector 19, Noida",9.19999E+11,28.576611,77.324432,"breakfast, bar, server, main course, hospitality, good ambience",not specified
Riviera,"Continental, North Indian, Chinese, Mediterranean, Fast Food, Beverages",2100,"ameya suites, jasola, new delhi",4.1,263,3.9,131,https://www.zomato.com/ncr/riviera-jasola-new-delhi,"FC 33, Plot 6, Ameya Suites, Jasola, New Delhi",9.11145E+11,28.54029439,77.29355682,"stir fried vegetables, pan fried momos, chilli mushroom, veg manchurian gravy, drums of heaven, noodle","affordable, serving size, friendly service, quick delivery, authentic taste, courteous staff"
Hong Kong Express,"Chinese, Thai, Momos",700,"raheja mall, sohna road, gurgaon",4.1,425,3.8,4048,https://www.zomato.com/ncr/hong-kong-express-sohna-road,"2nd Floor, Raheja Mall, Sohna Road, Gurgaon",9.11244E+11,28.42342082,77.03950167,"good valet service, loved it, good wifi, fresh food, best food, student crowd",not specified
Mast Punjabi Chap Corner,"North Indian, Momos, Rolls",300,"rohini, new delhi",4.1,464,3.8,3365,https://www.zomato.com/ncr/mast-punjabi-chap-corner-rohini-new-delhi,"G7/127, Pocket 6, Sector 15, Rohini, New Delhi",9.19582E+11,28.7334355,77.12663155,"economical, delivery time, good quality food, best food, nice food, good service",not specified
Ajay Arya Shudh Jaivik Bhojanalaya,North Indian,300,"sector 19, faridabad",4.1,591,3.9,9660,https://www.zomato.com/ncr/ajay-arya-shudh-jaivik-bhojanalaya-sector-19-faridabad,"Shop 1, 15/7, Badhkal Mor, Main Mathura Road, Sector 19/28 Dividing Road, Sector 19, Faridabad",9.19214E+11,28.42770003,77.31033068,"reasonable price, good taste, perfect place, packing, good food, good service",not specified
Panditji (Sadar Bazar Wale),North Indian,150,"rohini, new delhi",4.1,372,4.1,9185,https://www.zomato.com/ncr/panditji-sadar-bazar-wale-rohini-new-delhi,"D14/215, Sector 3, Rohini, New Delhi",9.11146E+11,28.70626033,77.11096007,"chocolate truffle cake, tiramisu, hot chocolate, pastries, cakes, sandwiches","coffee date, portion size, seating, flavour, ambiance, prices"
La Seine - The Chocolate Emporium,"Bakery, Fast Food, Desserts, Beverages",500,"green park, new delhi",4.1,211,4.3,1353,https://www.zomato.com/ncr/la-seine-the-chocolate-emporium-green-park-new-delhi,"G 54, Main Market, Green Park, New Delhi",9.11142E+11,28.55649103,77.20258936,"sophisticated, live music, beautiful place, server, theme, great ambiance",not specified
Kebabs & Kurries - WelcomHotel Dwarka,"North Indian, Mughlai, Desserts",3200,"welcomhotel dwarka, sector 10, dwarka, new delhi",4.1,334,0.0,3,https://www.zomato.com/ncr/kebabs-kurries-welcomhotel-dwarka-sector-10-dwarka-new-delhi,"Welcom Hotel, Plot 3, Sector 10, Dwarka, New Delhi",9.188E+11,28.57953223,77.05605827,"mocha frappe, cappuccino, hot chocolate, salad, coffee, pasta","theme, vibe, cafe, decor, perfect place, awesome food"
Brick N Bean Cafe,"Italian, Continental, Fast Food, Beverages",1000,"sector 50, gurgaon",4.1,191,4.1,97,https://www.zomato.com/ncr/brick-n-bean-cafe-sector-50,"34-35, Ground Floor, Nirvana Courtyard, Nirvana Country, Sector 50, Gurgaon",9.18962E+11,28.41365696,77.06571858,"chinese, asian, continental, north indian, beverages",not specified
New Gole Hatti,Street Food,150,"west patel nagar, new delhi",4.1,232,4.1,637,https://www.zomato.com/ncr/new-gole-hatti-west-patel-nagar-new-delhi,"2698/2, Main Road, Opposite Metro Pillar 208, West Patel Nagar, New Delhi",9.11126E+11,28.64805475,77.16424819,"chicken afghani, drums of heaven, beers, shahi paneer, drink, soup","cool environment, live singing, happy hour, new experience, live band, good hospitality"
Aroma Rest O Bar,"North Indian, Mughlai, Chinese",800,"karkardooma, new delhi",4.1,335,0.0,13,https://www.zomato.com/ncr/aroma-rest-o-bar-karkardooma-new-delhi,"18, Ashish Corporate Tower, Karkardooma Community Centre, Karkardooma, New Delhi",9.17066E+11,28.64836634,77.30213653,"banana pudding, chocolate muffin, walnut pie, eclair, dry cake, yummy cake","reasonable rates, proper packaging, perfect presentation, cafe, hygiene, cute packaging"
Giruz,"Cafe, Sandwich, Desserts, Burger, Pizza, Fast Food, Beverages",700,"baani square, sector 50, gurgaon",4.1,270,3.9,938,https://www.zomato.com/ncr/giruz-sector-50,"F35 & 36, 1st Floor, Baani Square, Sector 50, Gurgaon",9.19311E+11,28.42553641,77.05762703,"tandoori chicken wings, peri peri fries, brownie, momos, desserts, shakes","ambience was super cool, variety of pizza, weekend brunch, lights, good music, elaborate menu"
Big Bang City,"Italian, North Indian, Mughlai, Modern Indian",2000,"janpath, new delhi",4.1,132,0.0,0,https://www.zomato.com/ncr/big-bang-city-janpath-new-delhi,"76, 2nd Floor, Janpath Road, Janpath, New Delhi",9.19355E+11,28.62836348,77.21975148,"good quantity, portion size, great food, great portions, worth the money, price",not specified
Noodle Bowl,"Thai, Chinese, Tibetan, Japanese",800,"sector 6, dwarka, new delhi",4.1,360,4.0,8506,https://www.zomato.com/ncr/noodle-bowl-sector-6-dwarka-new-delhi,"Shop 9, Ground Floor, LSC, Phase 1, Sector 6, Dwarka, New Delhi",9.19541E+11,28.595159,77.065041,"peshawari chicken, panneer butter masala, chilli paneer, paneer lababdar, honey chilli potato, tandoori chicken","quality of food, great ambiance, polite staff, amazing service, best food, food taste"
Shibiya Restaurant,"North Indian, Chinese, Mughlai",600,"sector 43, faridabad",4.1,485,3.9,8386,https://www.zomato.com/ncr/shibiya-restaurant-1-sector-43-faridabad,"SurajKund-Badhkal Road, Near Manav Rachna University, Sector 43, Faridabad",9.19954E+11,28.45139667,77.28305295,"chicken pesto sandwich, mushroom quiche, blueberry cheesecake, cookies, chocolate truffle cake, tiramisu","reasonable rates, combos, owner, hospitality, decor, flavour"
The Coco Company,"Cafe, Bakery, Desserts, Fast Food",600,"ninex city mart mall, sohna road, gurgaon",4.1,356,4.2,929,https://www.zomato.com/ncr/the-coco-company-sohna-road,"17, Ground Floor, Ninex City Mart Mall, Sohna Road, Gurgaon",9.18131E+11,28.41645275,77.04140905,"thai spring rolls, jaljeera, tiramisu, mocktail, mushrooms, chilli paneer","hookah, beautiful place, interior, vibe, main course, atmosphere"
Foreign Dhaba Express,"Mughlai, North Indian, Continental, Chinese, Thai",1500,"punjabi bagh, new delhi",4.1,499,3.6,95,https://www.zomato.com/ncr/foreign-dhaba-express-punjabi-bagh-new-delhi,"6, Shanti Store, Club Road Market, West Region, Punjabi Bagh, New Delhi",9.2E+11,28.66591046,77.12604113,"potato wedges, bacon, veg burger, chicken burger, pastas, salads","breakfast, quick delivery, portions, awesome food, excellent service, packing"
Monster's Cafe,"North Indian, Continental, Italian, Chinese, Fast Food",1200,"dlf phase 4, gurgaon",4.1,631,3.9,15800,https://www.zomato.com/ncr/monsters-cafe-dlf-phase-4,"Khasra 48/1, Plot 1, Shiva Market, Chakkarpur, DLF Phase 4, Gurgaon",9.19999E+11,28.4731131,77.08150372,"seafood, cocktail, sizzlers, honey chilli potatoes, virgin mojito, spring rolls","good server, lovely staff, nice view, live singing, polite service, happy hour"
Knight,"North Indian, Italian, Chinese, Continental, Seafood, Beverages",1600,"connaught place, new delhi",4.1,764,0.0,1,https://www.zomato.com/ncr/knight-connaught-place-new-delhi,"B-45/47, 1st Floor, Near PVR Plaza, Connaught Place, New Delhi",9.199E+11,28.63478846,77.21977059,"veggie wrap, chicken quesadilla, pesto pasta, grilled sandwich, bruschetta, wraps","good for large groups, tasty, cafe, amazing place, great taste, best place"
Fourty Four,"Sandwich, Pizza, Fast Food, Beverages",700,"sector 45, noida",4.1,330,3.9,2309,https://www.zomato.com/ncr/fourty-four-sector-45-noida,"Shop 14, VDC Market, Sector 45, Noida",9.1987E+11,28.55560579,77.34667193,"malai kofta curry, panner lababdar, mushroom masala, soya malai chaap, paneer tikka masala, tandoori chaap","cosy place, prompt delivery, great price, family place, combos, good packaging"
Jugaad Kitchen,"North Indian, Chinese, Mughlai, Kebab, Momos",1000,"sector 31, gurgaon",4.1,453,4.0,5864,https://www.zomato.com/ncr/jugaad-kitchen-sector-31,"SCO 39, 2nd Floor, Sector 31/32A, Sector 31, Gurgaon",9.18507E+11,28.45359012,77.05100935,"tandoori chai, kullad chai, chicken korma, chicken malai tikka, malai chaap, butter naan","office crowd, cute little place, lip smacking food, inexpensive, reasonable prices, polite staff"
Ustadi,Biryani,800,"sector 72, noida",4.1,235,3.6,1924,https://www.zomato.com/ncr/ustadi-sector-72-noida,"Shop 38, kitchen 12, 1st Floor, Sundar Shopping Complex, Sarfabad, Sector 73, Near Sector 72, Noida",9.11141E+11,28.57968,77.38567,"service and quality of food, excellent taste, weekend brunch, customizable food, family crowd, good music",not specified
Nawab's Biryani,"North Indian, Biryani, Mughlai",700,"sector 18, noida",4.1,306,3.8,485,https://www.zomato.com/ncr/nawabs-biryani-sector-18-noida,"C-16, Market, Gautam Budh Nagar, Sector 18, Noida",9.18287E+11,28.57101037,77.32487798,"honey chilli fries, coffee latte, belgian shake, chicken lasagna, dessert counter, chocolate truffle pastry","nice environment, lovely food, cosy place, host, light music, cozy ambiance"
Q Bistro,"Cafe, Fast Food, Chinese, Beverages",700,"janakpuri, new delhi",4.1,515,3.9,874,https://www.zomato.com/ncr/q-bistro-janakpuri-new-delhi,"C-6B, DDA Shop, Vikas Surya Plaza Complex, Janakpuri, New Delhi",9.17838E+11,28.61288784,77.09864572,"drunken chicken, butter garlic prawns, spring roll, dimsums, soup, noodles","sophisticated, worth the price, relaxed atmosphere, chinese, courteous staff, view"
Empress Of China - Eros Hotel,"Chinese, Seafood, Desserts",3300,"eros hotel, nehru place, new delhi",4.1,220,0.0,0,https://www.zomato.com/ncr/empress-of-china-eros-hotel-nehru-place-new-delhi,"Eros Hotel, American Plaza, Nehru Place, New Delhi",9.11141E+11,28.54994994,77.24941872,"courteous service, decor, good ambience, interior, courteous staff, owner",not specified
Clip Kitchen,"Chinese, Italian, Continental, Asian, North Indian, Beverages",1000,"raj nagar, ghaziabad",4.1,447,3.9,1539,https://www.zomato.com/ncr/clip-kitchen-raj-nagar-ghaziabad,"R14/38, Raj Nagar, Ghaziabad",9.2E+11,28.67660931,77.44995173,"afghani chaap, kheer, paneer butter masala, kadhai paneer, tandoori chicken, butter naan","good wifi, packing, nice food, student crowd, elaborate menu, main course"
The Second Wife Restaurant,"North Indian, Mughlai, Chinese, Fast Food",600,"hajipur, noida",4.1,314,3.8,3671,https://www.zomato.com/ncr/the-second-wife-restaurant-hajipur-noida,"Shop G-1, Ozone Apartment, Hajipur, Noida",9.17285E+11,28.540011,77.367941,"nutella dosa, sweet dosa, cheese uttapam, chocolate dosa, filtered coffee, mysore masala dosa","cute little place, great ambiance, polite staff, prompt service, portions, amazing place"
The Great Indian Dosa,South Indian,500,"delhi university-gtb nagar, new delhi",4.1,466,4.0,6766,https://www.zomato.com/ncr/the-great-indian-dosa-delhi-university-gtb-nagar-new-delhi,"2521, Hudson Lane,Third Floor,  Delhi University-GTB Nagar, New Delhi",9.11144E+11,28.6970097,77.20429122,"banarasi chaat, pani puri, raj kachori, jalebi, chole bhature, chilli garlic noodles","good street food, live performances, fabulous place, awesome ambience, beautiful place, atmosphere"
Delhi - Kingdom of Dreams,"North Indian, Street Food",500,"kingdom of dreams, sector 29, gurgaon",4.1,455,0.0,0,https://www.zomato.com/ncr/delhi-kingdom-of-dreams-sector-29,"Culture Gully, Kingdom of Dreams, Great Indian Nautanki Company, Auditorium Complex, Sector 29, Gurgaon",9.11245E+11,28.46856279,77.06780098,"good quantity, awesome food, owner, great food, cafe, good service",not specified
Momopoly By Little Skillet,"Chinese, Fast Food, North Indian, Momos",500,"sector 49, gurgaon",4.1,265,4.0,3183,https://www.zomato.com/ncr/momopoly-by-little-skillet-sector-49,"Shop 5, Sapphire Complex, Near Sohna Road, Sector 49, Gurgaon",9.19206E+11,28.41179621,77.0491251,"red velvet waffle, cheese bomb, peri fries, waffle, white sauce pasta, hot chocolate","not very crowded, cute little place, great ambiance, prompt service, great recommendations, cleanliness"
Mad Drop,"Burger, Pizza, Rolls, Sandwich, Fast Food, Desserts, Beverages",500,"sector 21, faridabad",4.1,374,3.6,3132,https://www.zomato.com/ncr/mad-drop-sector-21-faridabad,"Shop 197, Near Sector 21 C, Sector 21, Faridabad",9.19319E+11,28.4315741,77.2971265,"molten chocolate lava, classic margherita pizza, cheese garlic bread, peri peri fries, hummus, nachos","good quantity, flavour, price, ambience, staff, service"
Hudson Oven,"Cafe, Pizza",600,"delhi university-gtb nagar, new delhi",4.1,240,3.7,321,https://www.zomato.com/ncr/hudson-oven-delhi-university-gtb-nagar-new-delhi,"2524, First Floor, Hudson Lane, Delhi University - GTB Nagar, Delhi",9.11147E+11,28.69505836,77.20419064,"thick shakes, mixed sauce pasta, mojito, oreo shake, sandwiches, burgers","cute little place, inexpensive, good crowd, great recommendations, prompt service, reasonable prices"
Winkies,"Fast Food, Beverages",300,"kavi nagar, ghaziabad",4.1,284,4.3,615,https://www.zomato.com/ncr/winkies-kavi-nagar-ghaziabad,"4, D Block Market, Kavi Nagar, Ghaziabad",9.19999E+11,28.6750624,77.4417301,"chilli potato pops, mushroom chilli, egg noodles, puri sabzi, masala chaap roll, tandoori chicken wings","nice services, exceptional service, unique menu, food packing, fastest delivery, amazing restaurant"
Chandni Chowk To Galwan Valley,"North Indian, Mughlai, Chinese, Biryani, Fast Food, Desserts",500,"dlf phase 4, gurgaon",4.1,219,3.5,2739,https://www.zomato.com/ncr/chandni-chowk-to-galwan-valley-dlf-phase-4,"Khasra 48/1, Shiva Market, Chakkarpur, Near Vakil Market, DLF Phase 4, Gurgaon",9.1991E+11,28.47340782,77.08007175,"pancakes, waffles, mojito, paneer lababdar, soya chaap, spring rolls","family crowd, courteous staff, cafe, good ambience, friendly staff, nice ambience"
Maestro,"Cafe, Italian, North Indian, Chinese",900,"ashok vihar phase 1, new delhi",4.1,397,4.1,1163,https://www.zomato.com/ncr/maestro-ashok-vihar-new-delhi,"B-14, Deep Cinema Complex, Ashok Vihar Phase 1, New Delhi",9.19812E+11,28.69275524,77.17316419,"handi dal, soya tikka, tandoori chaap, lassi, malai chaap, paneer tikka","parking, seating arrangement, main course, amazing place, location, nice place"
Kamal's,"North Indian, Fast Food, Street Food, Mithai, Beverages",300,"sunder nagar, new delhi",4.1,420,0.0,4,https://www.zomato.com/ncr/kamals-sunder-nagar-new-delhi,"K-1, Sunder Nagar Market, Sunder Nagar, New Delhi",9.11124E+11,28.60249981,77.2408722,"lusty chicken burger, chicken garlic bread, keema kulcha, chicken sandwich, peri peri fries, red sauce pasta","casual seating area, elegantly decorated, great recommendations, good crowd, low price, good presentation"
Munch Nation,"North Indian, Chinese, Fast Food",500,"ashok vihar phase 3, new delhi",4.1,650,3.6,2270,https://www.zomato.com/ncr/munch-nation-1-ashok-vihar-phase-3-new-delhi,"Shop 5, DDA Market, Ashok Vihar Phase 3, New Delhi",9.19999E+11,28.693226,77.1895383,"hyderabadi chicken, briyani, tawa chicken, veg biryani, egg, paneer butter masala","elegantly decorated, lip smacking food, good portions, pocket friendly, economical, great recommendations"
Biryani By Moumita Biryani Pal,"Biryani, North Indian",500,"palam, new delhi",4.1,303,3.8,4393,https://www.zomato.com/ncr/biryani-by-moumita-biryani-pal-palam-new-delhi,"H-4/7, Kali Bari Road, Bengali Colony, Mahavir Enclave, Palam, New Delhi",9.19899E+11,28.59734691,77.07692653,"pinni, puri chole, barfi, gajar halwa, jalebi, lassi",not specified
Standard Burfee,"Mithai, Street Food",200,"karol bagh, new delhi",4.1,280,4.1,323,https://www.zomato.com/ncr/standard-burfee-karol-bagh-new-delhi,"2750/21, Ajmal Khan Road, Karol Bagh, New Delhi",9.11129E+11,28.65061189,77.19291028,"highly recommended, hygienic, weekend brunch, cute packaging, student crowd, family crowd",not specified
New Udupi Restaurant,"South Indian, Chinese",200,"nehru nagar, ghaziabad",4.1,230,3.6,227,https://www.zomato.com/ncr/new-udupi-restaurant-nehru-nagar-ghaziabad,"146, New Gandhi Nagar, Near Rotary Club, Nehru Nagar, Ghaziabad",9.1886E+11,28.657931,77.44005,"gosht roganjosh, changezi chicken, phirni, paneer makhani, mughlai food, soya chaap","food taste, packing, nice food, preparation, awesome food, amazing place"
Cafe Purani Dilli,"North Indian, Mughlai, Biryani",600,"punjabi bagh, new delhi",4.1,481,3.8,12600,https://www.zomato.com/ncr/cafe-purani-dilli-punjabi-bagh-new-delhi,"Shop 12/13, SS Colony, West Avenue Road, Punjabi Bagh, New Delhi",9.17837E+11,28.67106029,77.12463364,"sweet corn soup, chilly garlic noodles, veg noodles, chilly chicken, chicken momos, spring rolls","chinese, good value, great value, cutlery, delivery time, prompt service"
Chinese Corner,Chinese,550,"vyapar kendra, sushant lok, gurgaon",4.1,559,4.0,10200,https://www.zomato.com/ncr/chinese-corner-sushant-lok,"174, Ground Floor, Vyapar Kendra, Sushant Lok, Gurgaon",9.11244E+11,28.45998332,77.08393313,"cheeseless pizza, couscous salad, spinach corn sandwich, healthy breakfast, smoothies, steak","healthy food options, great concept, great restaurant, fresh ingredients, quick delivery, combos"
The Diet Kitchen,"Continental, Healthy Food, Salad",700,"east patel nagar, new delhi",4.1,368,4.0,11400,https://www.zomato.com/ncr/the-diet-kitchen-east-patel-nagar-new-delhi,"12/20, Shop 1, Opposite Hari Gokal, East Patel Nagar, New Delhi",9.11143E+11,28.64458805,77.17381395,"chocolate truffle, pastas, pizzas, chicken wings, cakes, dessert","great quality, friendly staff, excellent food, reasonable prices, tasty, good service"
Slice of Italy,"Pizza, Italian",500,"meharchand market, lodhi colony, new delhi",4.1,585,4.0,8783,https://www.zomato.com/ncr/slice-of-italy-lodhi-colony-new-delhi,"Shop 147, Mehar Chand Market, Lodhi Colony, New Delhi",9.1114E+11,28.58186552,77.22696494,"mutton keema naan, onion kulcha, sides, paneer lababdar, malai chaap, paneer butter masala","delicious, good packaging, quick delivery, good quantity, reasonable prices, tasty"
Caspian,"North Indian, Chinese, Biryani",500,"sector 50, noida",4.1,149,3.9,1587,https://www.zomato.com/ncr/caspian-sector-50-noida,"Central Market, Block B, Sector 50, Noida",9.11204E+11,28.57063731,77.36240309,"nutella crepe, churros, iced peach tea, waffles, dessert, sandwiches","bank for the buck, totally worth it, table service, pretty decor, student crowd, young crowd"
Dayum,"Fast Food, Desserts, Beverages",400,"delhi university-gtb nagar, new delhi",4.1,218,4.0,151,https://www.zomato.com/ncr/dayum-delhi-university-gtb-nagar-new-delhi,"2528, Ground Floor, Hudson Lane, Delhi University-GTB Nagar, New Delhi",9.19582E+11,28.69452869,77.20416918,"family crowd, outdoor seating, young crowd, student crowd, customizable food, good wifi",not specified
Oh My Grill,"North Indian, Chinese",500,"shastri nagar, ghaziabad",4.1,216,4.0,446,https://www.zomato.com/ncr/oh-my-grill-shastri-nagar-ghaziabad,"J Block, Shastri Nagar, Ghaziabad",9.19991E+11,28.66611816,77.4584597,"soya malai tikka, rajma, mughlai food, malai kofta, tandoori momos, kadhai paneer","prompt delivery, quick delivery, great quality, combos, recommended place, delicious taste"
Tandoor Express,"Mughlai, North Indian, Chinese, Desserts, Beverages",600,"golf course road, gurgaon",4.1,427,4.0,10100,https://www.zomato.com/ncr/tandoor-express-golf-course-road,"Opposite HDFC Bank, Rapid Metro Pillar 174, DLF Phase 5, Golf Course Road, Gurgaon",9.18184E+11,28.440334,77.102852,"jodhpuri paratha, stuffed tangri kebab, aloo pyaz paratha, dahi ke sholey, parathas, achari chaap","bookshelf, tasty stuff, worth the price, delicious, comfortable seating, combos"
Aandaz Wakhra,"North Indian, Mughlai",600,"spice world mall, sector 25, noida",4.1,456,3.8,1194,https://www.zomato.com/ncr/aandaz-wakhra-sector-25-noida,"306, 2nd Floor, Spice World Mall, Sector 25, Noida",9.19717E+11,28.5861707,77.3409025,"fluffy cakes, design, presentation, prices, quality, experience",not specified
Cakesisland.com,"Bakery, Desserts",500,"udyog vihar, gurgaon",4.1,307,4.1,2153,https://www.zomato.com/ncr/cakesislandcom-udyog-vihar,"Opposite Plot 84, Phase 1, Udyog Vihar, Gurgaon",9.19999E+11,28.51299935,77.08023135,"cheesy garlic bread, kit kat shake, mojito, white sauce pasta, shakes, pizzas","cute little place, prompt service, reasonable prices, amazing place, seating, presentation"
Oh Yummy,"Pizza, Pasta, Fast Food, Beverages",500,"vikaspuri, new delhi",4.1,314,3.8,2735,https://www.zomato.com/ncr/oh-yummy-vikaspuri-new-delhi,"Shop P-4, J-Block, Vardhman Market, Outer Ring Road, Opposite Mother Dairy, Vikaspuri, New Delhi",9.19319E+11,28.63992863,77.08158184,"chicken shawarama, soya chaap roll, chicken lababdar, pancakes, egg curry, wraps","desi food, fantastic service, takeaway, best restaurant, good packaging, reasonable rates"
Wrapchick,"North Indian, Chinese, BBQ, Lebanese",650,"sushant shopping arcade, sushant lok, gurgaon, gurgaon",4.1,418,3.6,5883,https://www.zomato.com/ncr/wrapchick-sushant-lok,"Shop H 20, Sushant Shopping Arcade, Sushant Lok, Gurgaon",9.11244E+11,28.46073201,77.07976632,"tawa paneer, panneer butter masala, kheer, dal tadka, butter roti, kadhai paneer","economical, prompt service, delivery time, best food, polite staff, good quantity"
Mealtime,North Indian,450,"gaur city 1, greater noida",4.1,384,3.7,8688,https://www.zomato.com/ncr/mealtime-gaur-city-1-greater-noida,"Avenue 6, Main Gate, Gaur City 1, Greater Noida",9.19971E+11,28.612413,77.425124,"smokey burger, curly fries, veggie burger, french fries, drink, chicken","reasonable prices, great taste, awesome food, amazing place, nice place, ambiance"
The Big Bun,"Burger, Beverages, Fast Food",300,"rohini, new delhi",4.1,354,4.1,2538,https://www.zomato.com/ncr/the-big-bun-1-rohini-new-delhi,"35, Balaji Plaza, Sector-8, Rohini, New Delhi",9.19211E+11,28.70478586,77.12615982,"crispy paratha, kathi rolls, paneer roll, paneer lababdar, biryani, dal makhani","sitting, great recommendations, nice ambience, decor, perfect place, main course"
Kathi Junction,"Rolls, Beverages",300,"sector 62, noida",4.1,303,3.8,2661,https://www.zomato.com/ncr/kathi-junction-sector-62-noida,"Shop 9, Lower Ground Floor, Galaxy Business Park, Sector 62, Noida",9.19555E+11,28.62452767,77.37044804,"soya masala, daal tadka, risotto, chicken biriyani, cheese pizza, pastas","interesting decor, good packing, great hospitality, awesome service, amazing ambience, quick service"
Ruchikaaram,"South Indian, North Indian",500,"dlf phase 3, gurgaon",4.1,334,4.0,8696,https://www.zomato.com/ncr/ruchikaaram-dlf-phase-3,"Ground Floor, Retail Space, Rapid Metro Station, DLF Phase 3, Gurgaon",9.1801E+11,28.49418623,77.09397096,"sweet corn pizza, stuffed garlic bread, white sauce pasta, pizzas, corn, pasta","cute little place, nice crowd, low price, reasonable prices, polite staff, amazing taste"
Pizza Xpress,"Pizza, Fast Food",500,"uttam nagar, new delhi",4.1,348,4.2,524,https://www.zomato.com/ncr/pizza-xpress-uttam-nagar-new-delhi,"E 3, Near Pali Factory, East Uttam Nagar, Uttam Nagar, New Delhi",9.19651E+11,28.61960542,77.06636902,"spicy chicken roll, chicken tikka sandwich, red pasta, cheese burger, kit kat shake, wraps","cute ambience, unlimited refills, proper packaging, economical, great packaging, amazing restaurant"
2 Dollar Cafe,"Chinese, North Indian, Salad, Sandwich, Burger, Rolls, Beverages",400,"gaur city 2, greater noida",4.1,236,3.6,2606,https://www.zomato.com/ncr/2-dollar-cafe-gaur-city-2-greater-noida,"Shop 7, 1st Floor, Bhavishya Tower, Gaur City 2, Greater Noida",9.19999E+11,28.61828807,77.42703963,"exotic fruit salad, healthy breakfast, juices, smoothies, salads, drink","games, amazing ambience, vibe, nice ambience, concept, perfect place"
P:YO - The Micro Juicery,"Beverages, Juices, Healthy Food",400,"sector 54, gurgaon",4.1,134,4.4,215,https://www.zomato.com/ncr/pyo-the-micro-juicery-sector-54,"Shop 2, Ground Floor, Vipul Plaza, Sector 54, Gurgaon",9.11245E+11,28.43469979,77.10605063,"variety of pizza, customizable dishes, family crowd, good wifi, good music, student crowd",not specified
Vintage Kitchen,"Continental, Beverages, Italian, Desserts",850,"dlf phase 1, gurgaon",4.1,135,4.1,316,https://www.zomato.com/ncr/vintage-kitchen-dlf-phase-1,"DLF Phase 1, Gurgaon",9.19991E+11,28.470613,77.0944,"mutton choppan kebab, sheer yakh, qabuli uzbeki, kabuli pulao, green tea, phirni","casual seating area, great ambiance, low price, great recommendations, prompt service, preparation"
Afghan Darbar Restaurant,"Afghan, Kebab, Beverages",600,"lajpat nagar 2, new delhi",4.1,455,4.3,3295,https://www.zomato.com/ncr/afghan-darbar-restaurant-lajpat-nagar-2-new-delhi,"E-96, Lajpat Nagar 2, New Delhi",9.1115E+11,28.57049597,77.24236418,"shaami kebab, haleem, changezi chicken, murgh malai tikka, paneer makhani, mughlai food","economical, authenticity, good crowd, delicious taste, great recommendations, favorite place"
Alrumi Food Company,"North Indian, Mughlai, Rolls",600,"dlf phase 4, gurgaon",4.1,237,3.8,2479,https://www.zomato.com/ncr/alrumi-food-company-dlf-phase-4,"5442, Lotus Lane, DLF Phase 4, Gurgaon",9.19667E+11,28.46215921,77.08168108,"mutton kalimirch, matka murgh, matka chicken, mutton handi, panneer butter masala, garlic naan","economical, great recommendations, combos, perfect presentation, best quality, proper packaging"
M2 Meat Murga,"North Indian, Mughlai, Chinese",600,"sector 71, noida",4.1,231,3.7,1961,https://www.zomato.com/ncr/m2-meat-murga-sector-71-noida,"BH-93, Sector 71, Noida",9.188E+11,28.597525,77.385979,"arrabbiata pasta, stuffed chicken breast, stroganoff, peri fries, salads, soup","comfortable seating, amazing service, awesome place, best food, friendly staff, excellent service"
Gut Gullie,"Fast Food, Healthy Food, Mexican",400,"pvr city centre mall, mg road, gurgaon",4.1,182,3.4,146,https://www.zomato.com/ncr/gut-gullie-mg-road,"2nd Floor, PVR City Center Mall, MG Road, Gurgaon",9.18559E+11,28.47944116,77.08088547,not specified,not specified
Mini Sweets House,"Mithai, Street Food, South Indian, Chinese, Fast Food",300,"sector 22, faridabad",4.1,491,3.9,13300,https://www.zomato.com/ncr/mini-sweets-house-sector-22-faridabad,"Shop Number 17, 18, Main Market, Sector 22, Faridabad",9.11294E+11,28.36471132,77.29447995,"chocolate truffle cake, pastries, brownies, cakes, sandwiches, snacks","amazing place, reasonable price, perfect place, great taste, nice place, experience"
Baker's Stop,"Bakery, Fast Food",250,"gujranwala town, new delhi",4.1,337,4.2,368,https://www.zomato.com/ncr/bakers-stop-gujranwala-town-new-delhi,"A-353, Near Malwa Taxi Stand Crossing, Derawal Nagar, Gujranwala Town, New Delhi",9.11144E+11,28.70035144,77.18877196,"makhani pasta, cocktail, mojito, brownie, drinks, starters","balcony seating, nice music, live music, dj, vibe, decent place"
HUDBA,"Continental, Chinese, North Indian, Italian, Beverages",1700,"m block market, greater kailash 1 (gk1), new delhi",4.1,513,3.7,67,https://www.zomato.com/ncr/hudba-greater-kailash-gk-1-new-delhi,"M-10, First Floor, M Block Market, Greater Kailash 1 (GK 1), New Delhi",9.19818E+11,28.55039582,77.23493177,"afghan chicken, daal makhni, gulab jamun, dal, paneer butter masala, butter naan","good options, good value, waiter, atmosphere, seating, location"
Moti Mahal Delux Tandoori Trail,"North Indian, Mughlai, Chinese, Kebab, Biryani",1100,"sector 110, noida",4.1,213,3.6,2069,https://www.zomato.com/ncr/moti-mahal-delux-tandoori-trail-sector-110-noida,"Opposite Pathways School, Main Road, Sector 104, Near Sector 110, Noida",9.18882E+11,28.53905852,77.36539073,"aloo gobhi parantha, jugalbandi, soya chaap wrap, aloo bedmi, spicy paneer, chole rice","awesome services, peaceful environment, peaceful ambience, good customer service, great price, cool place"
Dilli 6 On Wheels,"North Indian, Street Food",300,"sector 31, gurgaon",4.1,2133,3.8,36700,https://www.zomato.com/ncr/dilli-6-on-wheels-sector-31,"Shop 84, 87, HUDA Shopping Complex, Near Medanta Hospital, Sector 32, Near Sector 31, Gurgaon",9.19873E+11,28.44574113,77.04458982,"aloo pyaz kulcha, rajma chawal, lassi, raita, naan, chutney","casual seating area, low price, sitting, nice service, polite staff, good taste"
Amritsari Kulcha King,North Indian,200,"nit, faridabad",4.1,520,4.0,19900,https://www.zomato.com/ncr/amritsari-kulcha-king-nit-faridabad,"Near Neelam Petrol Pump, NIT, Faridabad",9.18077E+11,28.39240556,77.30364326,"crispy naan, chur chur naan thali, malai chaap, kadhai paneer","very cheap, desi vibes, pocket friendly, family crowd, nice food, tasty food"
Anand Vaishno Dhaba,North Indian,300,"uttam nagar, new delhi",4.1,511,3.9,8230,https://www.zomato.com/ncr/anand-vaishno-dhaba-uttam-nagar-new-delhi,"WZ 53, Dayal Sar Road, Near Adarsh Model School, Uttam Nagar, New Delhi",9.19873E+11,28.61812856,77.05500048,"smoothies, hot chocolate, white sauce pasta, shakes, nachos, oreo shake","good quality food, cafe, interior, great ambience, good music, amazing place"
Zufruta Cafe & Juice Lounge,"Italian, Mexican, Lebanese, Fast Food, Burger, Sandwich, Beverages",500,"vaishali, ghaziabad",4.1,223,0.0,0,https://www.zomato.com/ncr/zufruta-cafe-juice-lounge-vaishali-ghaziabad,"4/287, Sector 4, Vaishali, Ghaziabad",9.1999E+11,28.64916488,77.34310996,"paneer dhaniya adraki, fried mushrooms, schezwan rice, authentic punjabi food, egg fried rice, chicken 65","tasty stuff, happy hour, good offers, gastronomical experience, themed decor, friendly service"
The Punjabiis,"North Indian, Chinese, Kebab, Mughlai, Beverages",2000,"the great india place, sector 38, noida",4.1,1292,3.5,142,https://www.zomato.com/ncr/the-punjabiis-sector-38-noida,"325-A, 3rd Floor, The Great India Place Mall, Sector 38-A, Near Sector 38, Noida",9.19873E+11,28.56707471,77.32546136,"lip smacking food, drive through, cordial staff, good portions, great recommendations, prompt service",not specified
Pifi Pizza,"Pizza, Fast Food",600,"rohini, new delhi",4.1,244,4.0,2719,https://www.zomato.com/ncr/pifi-pizza-rohini-new-delhi,"B2/1, Sector 18, Rohini, New Delhi",9.19872E+11,28.73634539,77.13765342,"paneer lababdar, chilli potato, manchurian, spring roll","comfortable seating area, nice service, delivery time, nice ambience, nice food, awesome food"
BRYC Cafe & Restaurant,"North Indian, Chinese, Fast Food",600,"najafgarh, new delhi",4.1,489,3.7,4649,https://www.zomato.com/ncr/bryc-cafe-restaurant-najafgarh-new-delhi,"Shop 41, Property 1471-1472, Doctors Lane, Saini Mohalla, Najafgarh, New Delhi",9.18448E+11,28.6134556,76.98558055,"afghani chap, mixed vegetables, veg hakka noodles, chilli potatoes, paneer lababdar, butter naan","elegantly decorated, cute little place, nice crowd, great recommendations, mood, low price"
Delicious Mood,"North Indian, Chinese, Mughlai, Biryani, Fast Food",450,"nit, faridabad",4.1,375,3.8,7592,https://www.zomato.com/ncr/delicious-mood-2-nit-faridabad,"1K-59, Ground Floor, Opposite Santo Gurudwara, NIT, Faridabad",9.1729E+11,28.38348247,77.30293684,"kit kat shake, icecream, chocolate fudge, peri peri fries, ice creams, red sauce pasta","casual seating area, economical, nice crowd, great recommendations, good packing, great ambiance"
Cold Rock Cafe,"Pizza, Fast Food, Chinese, Desserts, Beverages",500,"sector 72, noida",4.1,500,4.2,23500,https://www.zomato.com/ncr/cold-rock-cafe-sector-72-noida,"Shop 28 & 29, Amarpali Princely Estate Market, Gate 2, Sector 76, Near Sector 72, Noida",9.19891E+11,28.56634327,77.38143705,"panneer butter masala, rajma rice, gulab jamun, thali, fried rice, naan","pocket friendly, great recommendations, prompt service, food taste, good quality food, nice food"
Dheeraj Vaishno Dhaba,"North Indian, Chinese, Momos, Beverages",400,"udyog vihar, gurgaon",4.1,650,3.7,28400,https://www.zomato.com/ncr/dheeraj-vaishno-dhaba-udyog-vihar,"Rao Chattar Singh Market, Opposite Siemens Sarhaul Village, Udyog Vihar, Gurgaon",9.19644E+11,28.49084617,77.06735205,"thai chilli chicken, chicken dimsums, thai curry, fish, fried rice","attitude, great food, quantity, menu, good food, staff"
Drifters Wok,"Chinese, Thai, Asian, Momos",500,"sector 50, gurgaon",4.1,286,4.0,2338,https://www.zomato.com/ncr/drifters-wok-sector-50,"G-47, Baani Square, Sector 50, Gurgaon",9.11244E+11,28.42544412,77.05729544,"student crowd, good wifi, authentic taste, fresh food, nice ambience, good taste",not specified
Saffron Biryani,"Biryani, Kebab",300,"mg road, gurgaon",4.1,266,3.4,160,https://www.zomato.com/ncr/saffron-biryani-mg-road-gurgaon,"81 A, Block A, Sushant Lok 1, MG Road Metro Station, MG Road, Gurgaon",9.18852E+11,28.47861818,77.08020383,"tawa chicken seekh, mutton raan, mughlai food, chicken lollipop, chicken biryani, rolls","polite staff, main course, good place, ambiance, food quality, great place"
Nazeer Foods,"North Indian, Biryani, Fast Food, Beverages",800,"pandav nagar, new delhi",4.1,723,3.9,10700,https://www.zomato.com/ncr/nazeer-foods-pandav-nagar-new-delhi,"C-2, 72/73, Near Underbridge, South Ganesh Nagar, Pandav Nagar, New Delhi",9.19811E+11,28.62615101,77.28583675,"choco truffle, pastries, cookies, cakes, soya chaap, coffee",not specified
81C Legacy,"North Indian, Mughlai, Healthy Food, Chinese, Fast Food",900,"omega 2, greater noida",4.1,198,3.7,506,https://www.zomato.com/ncr/81c-legacy-omega-2-greater-noida,"Shop AGF 3, Block A, Omaxe NRI City Centre Mall, Omega 2, Greater Noida",9.19312E+11,28.46381806,77.51144707,"taco pizza, veggie delite, quesadilla, stuffed garlic bread, tacos, paneer pizza","tasty stuff, on time delivery, elegantly decorated, pocket friendly, great recommendations, great ambiance"
The Pizza Square,"Pizza, Fast Food, Beverages",500,"sector 83, gurgaon",4.1,487,4.0,8567,https://www.zomato.com/ncr/the-pizza-square-3-sector-83,"F 151, Sapphire 83, Sector 83, Gurgaon",9.1877E+11,28.39311166,76.96741026,"mughlai chaap, noodle, chilli potatoes, veg thali, daal makhni, chilly chicken","bang for the buck, great recommendations, great ambiance, prompt service, amazing food, owner"
Food Mistri,"North Indian, Chinese, Fast Food, Rolls",500,"indirapuram, ghaziabad",4.1,460,3.3,10700,https://www.zomato.com/ncr/food-mistri-indirapuram-ghaziabad,"Opposite Cloud 9 Exit Gate, Near Axis Bank, Pusta Kanawani Road, Indirapuram, Ghaziabad",9.18883E+11,28.646353,77.386421,"keema curry, murg rara, navratan korma, murg makhani, murg tikka, soya tikka","pocket friendly prices, comfortable seating, quick delivery, best food under best budget, spill proof packaging, portion"
The Taste Of Mughals,"North Indian, Mughlai",700,"baani square, sector 50, gurgaon",4.1,486,3.5,4390,https://www.zomato.com/ncr/the-taste-of-mughals-sector-50,"G-38, Ground Floor, Baani Square, Sector 50, Gurgaon",9.19911E+11,28.42531468,77.05760088,"bhindi fry, matar mushroom, paneer parantha, paneer bhurji, chana masala, dal fry","food is 5 star, tasty stuff, many choices, delivery on time, inexpensive, nice crowd"
Pizza 99,"Pizza, Fast Food",300,"sector 83, gurgaon",4.1,908,3.6,6548,https://www.zomato.com/khaojifoods,"Shop 115, Signature Global Synera, Sector 81, Near Sector 83, Gurgaon",9.19312E+11,28.38434525,76.95204489,"cashless payments, ambience was super cool, food menu, rooftop, great value, weekend brunch",not specified
7 Old Town,"North Indian, Asian, Continental",1700,"hauz khas, new delhi",4.0,222,0.0,3,https://www.zomato.com/ncr/7-old-town-hauz-khas-new-delhi,"7, Aurobindo Marg, Near Essex Farms, Hauz Khas, New Delhi",011 71565038,28.54364024,77.2010367,"daal ardor, stuffed mushroom caps, avalanche, virgin pinacolada, dragon chicken, thali options","food nice tasty and fresh, good outdoor seating, no cover charge, a black tie crowd, royal ambience, ambience is very nice"
Ardor 2.1,"North Indian, Chinese, Continental, Italian, Pizza, Seafood, Desserts, Beverages",1800,"connaught place, new delhi",4.0,4138,4.0,196,https://www.zomato.com/ncr/ardor-2-1-connaught-place-new-delhi,"N-55/56 & 88/89, Outer Circle, Connaught Place, New Delhi",9.19812E+11,28.63012154,77.22022153,"fruit passion mocktail, veg ceaser salad, chicken tikka pizza, sangria, white sauce pasta, hummus","discriminative management, kid friendly, live entertainment, great food great service, rooftop ambience, peaceful ambience"
Bokan,"Finger Food, Asian, Continental, North Indian, Italian",1500,"east of kailash, new delhi",4.0,952,3.7,34,https://www.zomato.com/ncr/bokan-east-of-kailash-new-delhi,"36, Community Centre, East of Kailash, New Delhi",9.17303E+11,28.55888961,77.24634625,interiors and outside seating with graffiti on the walls,not specified
Yes Minister - Pub & Kitchen,"North Indian, Continental, Italian",1800,"essex farms, adchini, new delhi",4.0,873,0.0,0,https://www.zomato.com/ncr/yes-minister-pub-kitchen-adchini-new-delhi,"Essex Farms, 4, Adchini, New Delhi",9.19711E+11,28.54359989,77.20204286,"vanilla creme brulee, chocolate fudge, cocktails, dessert, salad, starters","gastronomical experience, themed decor, ample seating area, ambience was super cool, view, manager"
Ditas,"European, Continental, Asian, Desserts",1800,"mehrauli, new delhi",4.0,214,0.0,6,https://www.zomato.com/ncr/ditas-mehrauli-new-delhi,"H 5, Ward 1, Kalka Das Marg, Mehrauli, New Delhi",9.17429E+11,28.52659031,77.18516707,"paneer malai kofta, vegetable seekh, pudina parantha, murg makhani, chicken lababdar, tomato soup","sunset view, magnificent view, amazing views, wonderful view, spectacular view, awesome view"
Parikrama - The Revolving Restaurant,"North Indian, Mughlai",2600,"connaught place, new delhi",4.0,4097,0.0,0,https://www.zomato.com/ncr/parikrama-the-revolving-restaurant-connaught-place-new-delhi,"22, Antriksh Bhavan, Kasturba Gandhi Marg, Connaught Place, New Delhi",9.11124E+11,28.6283985,77.2223958,lunch  buffet dealtuesday and thursday veg 599/-non veg 649/-no other promotion applicable. 1 round of soft drink/ice tea complimentary,"sizzling brownie, baked pasta, paneer tikka pizza, buffet, dahi kabab, bbq"
Over The Top - Live Barbeque Grill,"North Indian, Mughlai, Asian, Italian, Fast Food, BBQ",1400,"janakpuri, new delhi",4.0,1011,3.7,1186,https://www.zomato.com/ncr/over-the-top-live-barbeque-grill-janakpuri-new-delhi,"B 1/633, 3rd Floor, Near Max Showroom, Janakpuri, New Delhi",9.199E+11,28.63196667,77.08454065,"everthing is perfect, ambience is very nice, amazing food and experience, weekend brunch, good music, elaborate menu",not specified
Miss Nora,"Asian, Japanese, Sushi, Oriental, Desserts, Beverages",1600,"rajouri garden, new delhi",4.0,167,4.3,770,https://www.zomato.com/ncr/miss-nora-rajouri-garden-new-delhi,"103, 104, 1st Floor, Rcube Monad Mall, Rajouri Garden, New Delhi",9.19999E+11,28.65051626,77.12185856,"best staff, sanitised service, nice concept, variety of pizza, served quickly, clean and hygienic place",not specified
Infinity Lounge & Bar,"Finger Food, North Indian, Italian, Chinese, Continental",2000,"punjabi bagh, new delhi",4.0,276,0.0,4,https://www.zomato.com/ncr/infinity-lounge-bar-punjabi-bagh-new-delhi,"11C, 2nd And 3rd Floor, North West Avenue Road, Punjabi Bagh, New Delhi",9.1729E+11,28.66685,77.122736,"great place to chill out, outdoor dining, sanitised service, economical price, large servings, comforting atmosphere",not specified
Ambra,"Italian, Fast Food, Desserts, Panini, Beverages, Salad",2000,"greater kailash 2 (gk2), new delhi",4.0,114,4.3,260,https://www.zomato.com/ncr/ambra-greater-kailash-gk-2-new-delhi,"Shop 1, Narmada Shopping Complex, Alaknanda, Greater Kailash 2 (GK 2), New Delhi",9.19311E+11,28.52780512,77.24695947,"crispy honey potatoes, soya tikka, chicken keema, fish fingers, mocktail, chilli potatoes","flair bartending, fairly priced beers, casual dress code, ambience is very nice, singer, live band"
Oh My God,"North Indian, Mughlai, Fast Food, Continental, Beverages",1400,"connaught place, new delhi",4.0,1448,0.0,0,https://www.zomato.com/ncr/oh-my-god-connaught-place-new-delhi,"14-15, 2nd Floor, Block F, Inner Circle, Connaught Place, New Delhi",9.19599E+11,28.63156204,77.22046327,"chicken kulcha, momo platter, keema kulcha, cheese balls, crispy corn, spring roll","extensive bar menu, fusion dishes, gastronomical experience, good for large groups, rooftop, staff service"
Lazy Bear,"North Indian, Continental, Chinese",1500,"delhi university-gtb nagar, new delhi",4.0,411,0.0,0,https://www.zomato.com/ncr/lazy-bear-delhi-university-gtb-nagar-new-delhi,"2648, 2nd Floor, Delhi University-GTB Nagar, New Delhi",9.2E+11,28.69279583,77.20483974,"cheese poppers, paneer tikka pizza, veg spring rolls, virgin mojito, chicken wings, chilli paneer","every thing is best, sports bar, happy hour, cashless payments, pocket friendly place, inexpensive"
Sky Heart Lounge And Bar,"Bar Food, Chinese, Mughlai, North Indian, Fast Food, Desserts",1100,"punjabi bagh, new delhi",4.0,647,3.4,29,https://www.zomato.com/ncr/sky-heart-lounge-and-bar-punjabi-bagh-new-delhi,"Plot 9, 3rd Floor, Club Road, Punjabi Bagh, New Delhi",9.19822E+11,28.6666065,77.12290496,"classic hot chocolate, double decker sandwich, banana walnut cake, veg club sandwich, mushroom sandwich, paneer tikka sandwich","cost efficient, coffee date, soothing ambience, peaceful ambience, pretty place, calm"
Jugmug Thela,"Cafe, Italian, Fast Food, Sandwich",600,"champa gali, saket, new delhi",4.0,1474,4.4,138,https://www.zomato.com/ncr/jugmug-thela-saket-new-delhi,"Shed 4, Khasra 258, Lane 3, Westend Marg, Saidulajab, Near Kuldeep House, Saket, New Delhi",9.19199E+13,28.51729144,77.19979014,"croissant, ravioli, lasagna, cheesecake, pizzas, desserts","ambience was super cool, excellent location, cashless payments, variety of pizza, beautiful ambience, weekend brunch"
Masson's,"Cafe, Bakery, Italian, Desserts, Pizza, Beverages",700,"model town 2, new delhi",4.0,148,4.3,630,https://www.zomato.com/ncr/massons-model-town-2-new-delhi,"B-3, 1st Floor, Model Town 2, New Delhi",9.18861E+11,28.70510493,77.19005808,"music and ambience, service time, huge place, ambience was super cool, rooftop, customizable dishes",not specified
Lost Lemons,"North Indian, European, Mediterranean",1500,"sector 29, gurgaon",4.0,190,0.0,1,https://www.zomato.com/ncr/lost-lemons-sector-29,"SCO 27/28, Sector 29, Gurgaon",+91 8068974471,28.46892856,77.0633569,"masala tea, sunday brunch, salads, desserts, dosa, fish","sophisticated, worth the price, quality of food, brunch, great hospitality, live music"
Pavilion 75 - WelcomHotel Dwarka,"North Indian, Continental, Italian, Desserts",1800,"welcomhotel dwarka, sector 10, dwarka, new delhi",4.0,502,4.2,151,https://www.zomato.com/ncr/pavilion-75-welcomhotel-dwarka-sector-10-dwarka-new-delhi,"Plot 3, Sector 10, Dwarka, New Delhi",+91 8068972893,28.5794481,77.0567208,"neapolitan style pizza, vietnamese coffee, spicy lamb, classic margherita pizza, pepperoni pizza, pastas","fusion dishes, family place, outdoor seating, vibe, cafe, courteous staff"
COMO - Pizzeria,"Italian, Continental, Healthy Food",1400,"32nd avenue, nh8, gurgaon, gurgaon",4.0,321,4.2,429,https://www.zomato.com/ncr/como-pizzeria-sector-15,"32nd Avenue, National Highway 8, Sector 15, Gurgaon",9.19999E+11,28.473944,77.048643,"ambience was super cool, host, outdoor seating, weekend brunch, elaborate menu, good music",not specified
Fig At Museo,"American, Continental, Italian, Desserts, Beverages",1400,"dlf phase 4, gurgaon",4.0,128,0.0,0,https://www.zomato.com/ncr/fig-at-museo-dlf-phase-4,"Near Museo Camera Centre Photographic Arts, Shri Ganesh Mandir Marg, Sector 28, DLF Phase 4, Gurgaon",9.19911E+11,28.46950388,77.0800798,"courteous staff and service, outdoor seating, weekend brunch, elaborate menu, good music, hospitality",not specified
PLATE,"Asian, Continental, Japanese",1800,"dlf promenade mall, vasant kunj, new delhi",4.0,193,3.5,33,https://www.zomato.com/ncr/plate-vasant-kunj-new-delhi,"122-124, Ground Floor, DLF Promenade Mall, Nelson Mandela Marg, Vasant Kunj, New Delhi",9.19899E+11,28.54275489,77.1567028,"fair prices, decoration, weekend brunch, view, good music, table",not specified
Dhansoo Cafe,"Modern Indian, Fast Food, Beverages, Japanese, Seafood, Asian, Desserts",2000,"pacific mall, tagore garden, new delhi",4.0,191,0.0,10,https://www.zomato.com/ncr/dhansoo-cafe-1-tagore-garden-new-delhi,"Unit SH/2F/06, Second Floor, Pacific Mall, Tagore Garden, New Delhi",9.11142E+11,28.64217949,77.10650635,"mezze platter, mocktails, pastas, beer, burgers, pizzas","sheesha, hookah, decent ambience, comfortable seating, nice music, great music"
The Backyard,"Italian, Mexican, Continental",1800,"punjabi bagh, new delhi",4.0,856,4.3,949,https://www.zomato.com/ncr/the-backyard-punjabi-bagh-new-delhi,"49, Ground Floor, North West Avenue, Club Road, Punjabi Bagh, New Delhi",9.19555E+11,28.66702629,77.11991865,"nawabi paneer, tandoori soya chaap, dosa, momos, fries","variety of veg options, good for large groups, relaxed atmosphere, family place, packed on weekends, courteous staff"
ASAP - As Spicy As Possible Diner,"North Indian, Chinese, Street Food, Pizza, South Indian, Beverages, Desserts",500,"raj nagar, ghaziabad",4.0,255,4.1,1411,https://www.zomato.com/ncr/asap-as-spicy-as-possible-diner-raj-nagar-ghaziabad,"C-88, RDC, Raj Nagar, Ghaziabad",9.19718E+11,28.67700171,77.44326565,"pretty decor, comforting atmosphere, excellent location, clean and hygienic place, served quickly, nice concept",not specified
Mai Bao,"Singaporean, Seafood, Chinese, Momos",1300,"dlf avenue, saket, new delhi",4.0,72,3.9,28,https://www.zomato.com/ncr/mai-bao-saket-new-delhi,"DLF Avenue Mall, Saket, New Delhi",9.19972E+11,28.5280631,77.21701853,"teriyaki chicken, grilled chicken steak, cocktail, drinks","extensive bar menu, fusion dishes, ample seating area, packed on weekends, live music, quality of food"
Imperfecto Shor - Cafe,"Continental, Turkish, Desserts, Beverages",2100,"pride plaza hotel, aerocity, new delhi",4.0,288,0.0,0,https://www.zomato.com/ncr/imperfecto-shor-cafe-aerocity-new-delhi,"Hotel Pride Plaza, 5A, Hospitality District, Assest, Aerocity, New Delhi",9.19999E+11,28.5530434,77.1234828,"rooftop dining, best staff, fantastic decoration, nice concept, served quickly, clean and hygienic place",not specified
Noon Mirch,"North Indian, Mughlai, Biryani, Desserts",2000,"indirapuram, ghaziabad",4.0,134,0.0,0,https://www.zomato.com/ncr/noon-mirch-indirapuram-ghaziabad,"3rd Floor, D Mall, Indirapuram, Ghaziabad",9.18929E+11,28.64588741,77.37504065,"veg gourmet pizza, meat platter, masala chai, tandoori platter, nachos, soya chaap","good bartenders, cozy place, nice music, hookah, packed on weekends, beautiful place"
The Immigrant Cafe,"North Indian, Italian, Chinese, Fast Food, Beverages",2200,"connaught place, new delhi",4.0,860,0.0,2,https://www.zomato.com/ncr/the-immigrant-cafe-1-connaught-place-new-delhi,"B 45, 1st Floor, Inner Circle, Connaught Place, New Delhi",9.19999E+11,28.6341649,77.2188526,"cashless payments, design, sitting area, outdoor seating, good music, bar",not specified
Ziuba,"Thai, Japanese, Asian",1100,"ardee mall, ardee city, gurgaon",4.0,134,3.6,27,https://www.zomato.com/ncr/ziuba-ardee-city,"3rd Floor, Ardee Mall, Sector 52, Ardee City, Gurgaon",9.19959E+11,28.4449608,77.08077081,"dine house offers 20% discount for zomato pro users.also, we charge 10% service charge from all users including zomato pro users","variety of pizza, customizable dishes, live music, good wifi, family crowd, weekend brunch"
Dine House,"North Indian, Chinese, Lebanese, Continental, Italian, Beverages",1000,"rohini, new delhi",4.0,354,4.3,109,https://www.zomato.com/ncr/dine-house-rohini-new-delhi,"602 And 603, 6th Floor, Unity One Mall, Rohini, New Delhi",9.1999E+11,28.71511907,77.11642373,"rooftop ambience, view, crowd, table, perfect place, service",not specified
Cirrus 9 - The Oberoi,Finger Food,3000,"the oberoi, dr. zakir hussain marg, new delhi",4.0,184,0.0,0,https://www.zomato.com/ncr/cirrus-9-the-oberoi-zakir-hussain-marg-new-delhi,"The Oberoi, Dr. Zakir Hussain Marg, New Delhi",9.11124E+11,28.59624,77.239717,"apple crumble, lamb shank, churros, pork ribs, sangria, soup","gastronomical experience, serving staff, ample seating area, cozy, outdoor seating, decent place"
Pintxo,"Continental, Spanish, Fast Food, Desserts",1200,"32nd avenue, nh8, gurgaon, gurgaon",4.0,272,0.0,2,https://www.zomato.com/ncr/pintxo-sector-15,"Unit 23, 32nd Avenue, National Highway 8, Sector 15, Gurgaon",9.19774E+11,28.46152254,77.0499824,"chocolate tapas, churro sundae, mocha, hot coffee, hummus, waffles","comfortable seating, cozy place, soft music, more variety, good options, wonderful place"
Chocolateria San Churro,"Cafe, Bakery, Desserts",1000,"m block market, greater kailash 2 (gk2), new delhi",4.0,1168,4.0,1942,https://www.zomato.com/ncr/chocolateria-san-churro-greater-kailash-gk-2-new-delhi,"1, M Block Market, Greater Kailash 2, New Delhi",9146597619,28.53456997,77.2437093,"chocolate nutella, bbq pizza, peri fries, green apple mojito, mixed sauce pasta, kit kat shake","nice foods and great service, themed decor, gastronomical experience, ample seating area, quality of food, staff behaviour"
The Hogwarts Kafe,"Sandwich, Burger, Chinese, Continental, North Indian, Mughlai, Desserts, Beverages",1000,"ashok vihar phase 2, new delhi",4.0,481,4.2,171,https://www.zomato.com/ncr/the-hogwarts-kafe-ashok-vihar-phase-2-new-delhi,"C 2/19, Upper Ground Floor, Ashok Vihar Phase 2, New Delhi",9.11141E+11,28.6960789,77.1716172,"kaju barfi, puri sabzi, kaju katli, golgappe, raj kachori, masala dosa","family favorite, office crowd, cozy ambiance, pocket friendly, good crowd, family restaurant"
Singla's,"North Indian, Mithai, Chinese, Fast Food, Street Food, South Indian, Pizza, Desserts",500,"ip extension, new delhi",4.0,1346,4.1,83600,https://www.zomato.com/ncr/singlas-ip-extension-new-delhi,"A-139/140, Main Road, Madhu Vihar, Near Hasanpur Depot, IP Extension, New Delhi",9.19698E+11,28.6359876,77.30566297,"sweet potato latte, bingsu, bibimbap, kimchi, ramen, sushi","good for large groups, relaxed atmosphere, comfortable seating area, vibe, server, cafe"
Cafe at Korean Cultural Centre,Korean,800,"lajpat nagar 4, new delhi",4.0,275,0.0,0,https://www.zomato.com/ncr/cafe-at-korean-cultural-centre-lajpat-nagar-4-new-delhi,"A-25, Ring Road, Lajpat Nagar 4, New Delhi",9.11143E+11,28.56471047,77.23973259,"vodka chicken, chilly potato, chicken malai tikka, mocktail, chilly chicken, pastas","live sufi music, rooftop cafe, casual dress code, hookahs, pretty place, live band"
Cafe 27,"North Indian, Chinese, Fast Food",1900,"kailash colony, new delhi",4.0,1200,3.9,18,https://www.zomato.com/ncr/cafe-27-kailash-colony-new-delhi,"26, Level 2, Kailash Colony Market, Kailash Colony, New Delhi",9.19811E+11,28.55666183,77.25425038,"shroom burger, tuna sandwich, classic chicken burger, creamy mushroom, grilled sandwich, potato wedges","excellent location, comforting atmosphere, fantastic decoration, best staff, nice concept, served quickly"
Bob's Den,"Cafe, Fast Food, Burger, Pizza, Tea, Beverages",800,"greater kailash 1 (gk1), new delhi",4.0,126,4.3,151,https://www.zomato.com/ncr/bobs-den-greater-kailash-gk-1-new-delhi,"N -18, Ground Floor, N Block Market, Greater Kailash 1 (GK 1), New Delhi",9.1721E+11,28.55645216,77.23290302,"ambience is cool, sanitised service, cooperative staff, comforting atmosphere, fantastic decoration, clean and hygienic place",not specified
The Crypto Door,"Cafe, Sandwich, Italian, Continental, Beverages, Burger",700,"vijay nagar, new delhi",4.0,83,3.7,69,https://www.zomato.com/ncr/the-crypto-door-vijay-nagar-new-delhi,"H-8B, Ground Floor, Vijay Nagar, New Delhi",9.17043E+11,28.693203,77.204852,"pasta sandwich, brownie waffle, shakes, momos, pizza","best staff, pocket friendly, hygienic place, very affordable, variety of pizza, served quickly"
Rabbit Lee Cafe,"Fast Food, Desserts, Beverages",500,"krishna nagar, new delhi",4.0,115,4.1,347,https://www.zomato.com/ncr/rabbit-lee-cafe-krishna-nagar-new-delhi,"C-19, Main Road, Mandir Marg, Near SBI ATM, Krishna Nagar, New Delhi",9.19718E+11,28.66125022,77.28678256,"play area, bookshelf, quiet, cashless payments, beautiful cafe, economical price",not specified
Merak Bistro,"Cafe, Italian, Fast Food, Desserts, Beverages",900,"sector 81, faridabad",4.0,130,3.9,278,https://www.zomato.com/ncr/merak-bistro-sector-81-faridabad,"41-42, Athens Street, Omaxe World Street, Sector 79, Near Sector 81, Faridabad",9.19561E+11,28.38674834,77.35314377,"boiled eggs, cocktails, pizza, drinks, butter chicken, starters","dj music, dance floor, food menu, weekend brunch, bar, vibe"
The Race,"North Indian, Chinese, Italian, Continental",1200,"rajouri garden, new delhi",4.0,163,0.0,0,https://www.zomato.com/ncr/the-race-rajouri-garden-new-delhi,"A-15, Block A, Najafgarh Road, Vishal Enclave, Rajouri Garden, New Delhi",+91 8068971528,28.64831867,77.12024722,"aloo amritsari kulcha, healthy veg food, parathas, lassi, chutney","hygienic food, weekend brunch, family crowd, food presentation, hygiene, young crowd"
Kulcha Lal Parantha Das,"Street Food, North Indian, Desserts, Beverages",300,"dlf phase 3, gurgaon",4.0,178,3.9,1689,https://www.zomato.com/ncr/kulcha-lal-parantha-das-dlf-phase-3,"U Block, DLF Phase 3, Gurgaon",9.17429E+11,28.49082997,77.09277034,"thai curry, sushi, wine, mocktails, paneer tikka, pasta","service time, live band, outdoor, live music, host, good value"
Toxic,"North Indian, Continental, Italian, Lebanese, Sushi",1900,"southern park mall, saket, new delhi",4.0,423,0.0,0,https://www.zomato.com/ncr/toxic-saket-new-delhi,"11/12/14-A, Ground Floor, Southen Park, Mall District Center, Saket, New Delhi",9.19654E+11,28.52763427,77.21950606,"chocolate dome, cigar roll, ice cream sundae, tandoori veg platter, spring roll, gulab jamun","comfortable seating area, pure veg, relaxed atmosphere, fancy crowd, family place, amazing ambience"
CUE,"North Indian, Chinese, Continental, Beverages",1400,"rohini, new delhi",4.0,237,3.9,284,https://www.zomato.com/ncr/cue-rohini-new-delhi,"131, 1st Floor, Mangalam Paradise Mall, Sector 3, Rohini, New Delhi",9.17678E+11,28.69797786,77.11467929,"good and nice to enjoy, decoration, cleanliness, great value, management, weekend brunch",not specified
Silbuttah Story By Berco's,North Indian,1200,"sector 12, faridabad",4.0,180,4.1,547,https://www.zomato.com/ncr/silbuttah-story-by-bercos-sector-12-faridabad,"R2, R3, Town Park Market, Opposite District Court, Sector 12, Faridabad",9.18882E+11,28.38464347,77.32443843,"cheesecake, mojito, mocktails, drink, pizza, chicken","roof top, ambience was super cool, variety of pizza, beautiful ambience, beautiful place, nice service"
Barish Moon Bar & Brewery,"North Indian, Chinese, Continental, Desserts, Salad",3000,"gardens galleria, sector 38 noida, noida",4.0,325,0.0,0,https://www.zomato.com/ncr/barish-moon-bar-brewery-sector-38-noida,"Near Worlds Of Wonder, Gardens Galleria Mall, Sector 38 A, Sector 38, Noida",9.19599E+11,28.56399168,77.3238346,"onion kachori, idli sambar, curd rice, matar kulcha, raj kachori, rasmalai","drive through, office crowd, family restaurant, inexpensive, great ambiance, seating area"
Evergreen Restaurant & Sweet House,"North Indian, Chinese, South Indian, Fast Food, Street Food, Mithai, Ice Cream, Beverages",500,"sector 10, dwarka, new delhi",4.0,397,4.1,13700,https://www.zomato.com/ncr/evergreen-restaurant-sweet-house-sector-10-dwarka-new-delhi,"Upper Ground Floor, Pinnacle Mall, Sector 10, Dwarka, New Delhi",9.18131E+11,28.57949396,77.05601268,"mezze platter, butter chicken, coffee, paneer tikka, pizza, burger","instagramable, beautiful cafe, beautiful ambience, weekend brunch, food presentation, family crowd"
Shakespeare Cafe,"Cafe, Fast Food, Continental, Beverages, Mexican, Turkish, Italian, Coffee",1100,"punjabi bagh, new delhi",4.0,118,0.0,11,https://www.zomato.com/ncr/shakespeare-cafe-1-punjabi-bagh-new-delhi,"6, North West Avenue Market, Main Club Road, Punjabi Bagh, New Delhi",9.2E+11,28.66612247,77.12601006,"cheese corn dosa, lahori aloo, vegetable seekh, veg crispy, upma, idli","kids friendly, sanitised service, safe delivery, excellent location, ambience was super cool, cooperative staff"
Coco Curry,"South Indian, North Indian, Chinese",700,"good earth city center, sector 50, gurgaon",4.0,122,3.9,401,https://www.zomato.com/ncr/coco-curry-2-sector-50,"Unit 225A/B, Second Floor, Good Earth City Center, Opposite Malibu Town, Sector 50, Gurgaon",9.18527E+11,28.42161183,77.05341864,"seekh kabab, cocktails, soup, tandoori chicken, white sauce pasta, paneer tikka","quantity of portion, quality of food, outside seating, calm, outdoor, reasonable rate"
Lawn Bistro,"Salad, Chinese, North Indian, Continental",1900,"sector 15, noida",4.0,509,3.6,282,https://www.zomato.com/ncr/lawn-bistro-sector-15-noida,"12, Rajnigandha Market, Sector 15 A, Near Sector 15, Noida",9.11204E+11,28.57899461,77.30852421,"hot chocolate pudding, choco truffle, pastries, cakes, sandwich, momos","student crowd, good service, prices, good food, quantity, packaging"
Brothers' Bakery,"Bakery, Fast Food, Chinese, Pizza, Momos, Desserts, Beverages",400,"tilak nagar, new delhi",4.0,414,4.0,8646,https://www.zomato.com/ncr/brothers-bakery-tilak-nagar-new-delhi,"A-31, Khyala Road, Vishnu Garden, Near Tilak Nagar, New Delhi",9.18378E+11,28.64854111,77.10335568,"fish finger, chicken steak, peri peri sauce, ravioli, sizzlers, chocolate mousse","thoughtful and polite staff, comfortable couches, rooftop seating, romantic place, open area, sheesha"
Kinbuck 2,"North Indian, Chinese, Beverages, Chettinad, South Indian, Fast Food, Mughlai, Biryani",1500,"connaught place, new delhi",4.0,1557,0.0,0,https://www.zomato.com/ncr/kinbuck-2-connaught-place-new-delhi,"P-10/90, 1st & 2nd Floor, Outer Circle, Connaught Place, New Delhi",9.19954E+11,28.63215972,77.2166951,"hari mirch parantha, aloo masala, malai soya chaap, kulfi, dahi kebab, pulao","unlimited refills, pure veg, gastronomical experience, family place, cozy, family crowd"
Vega Pure Vegetarian - Hotel Alka Classic,"North Indian, Mughlai, Fast Food, Desserts, Beverages",1600,"hotel alka classic, connaught place, new delhi",4.0,435,3.9,46,https://www.zomato.com/ncr/vega-pure-vegetarian-hotel-alka-classic-connaught-place-new-delhi,"P-16/90, Outer Circle, Connaught Place, New Delhi",9.19812E+11,28.63248313,77.21636586,"ginger tea, kit kat shake, mocha, chai, cappuccino, hot chocolate","sit and read, quiet, food service, food menu, fancy crowd, live music"
Cafe Coffee Bar,"Continental, Italian, Fast Food, North Indian, Beverages, Coffee",800,"city centre mall, sector 12, dwarka, new delhi",4.0,538,4.0,349,https://www.zomato.com/ncr/cafe-coffee-bar-sector-12-dwarka-new-delhi,"Shop 116-118, 1st Floor, City Centre Mall, Sector 12, Dwarka, New Delhi",011 66104034,28.59228032,77.04130378,"chilli corn, shanghai chicken, chilly chaap, wheat momo, chicken momo, spring roll","rooftop ambience, comfortable seating area, fancy crowd, courteous staff, vibe, young crowd"
Jalsa Indian & Ladakhi Kitchen,"Tibetan, Chinese, Beverages",900,"dlf phase 1, gurgaon",4.0,330,4.0,1481,https://www.zomato.com/ncr/jalsa-indian-ladakhi-kitchen-dlf-phase-1,"Opposite Arjun Marg, Golf Course Road, Sector 27, DLF Phase 1, Gurgaon",9.11244E+11,28.46676107,77.09399845,"awesome spot to hangout, excellent location, sanitised service, fantastic decoration, cooperative staff, large servings",not specified
Bistro Petit,"Continental, Asian, Sandwich, Fast Food, Desserts, Beverages",1500,"dlf phase 4, gurgaon",4.0,150,3.9,13,https://www.zomato.com/ncr/bistro-petit-dlf-phase-4,"11, Cross Point Mall, Near Galleria Market, DLF Phase 4, Gurgaon",9.11244E+11,28.46761846,77.08230101,"hari mirch ka paneer tikka, walnut brownie sundae, chocolate browine, fried cheese, drums of heaven, chicken tikka pizza","dj music, great dj, lightings, themed decor, affordable food, dance floor"
Suroor Reloaded,"Continental, North Indian, Chinese, Finger Food, Fast Food",1300,"rajouri garden, new delhi",4.0,927,3.5,92,https://www.zomato.com/ncr/suroor-reloaded-rajouri-garden-new-delhi,"J 198, 2nd Floor, Rajouri Garden, New Delhi",9.19899E+11,28.64657151,77.11773533,"mutton barra, tawa chicken, veg manchurian, butter chicken, dal makhani, paneer tikka","great value, seating arrangement, best food under best budget, good quantity, awesome food, contactless delivery"
Khalsa Parivar Restaurant,"North Indian, Chinese, Mughlai",600,"mayapuri phase 2, new delhi",4.0,393,3.9,6587,https://www.zomato.com/ncr/khalsa-parivar-restaurant-mayapuri-phase-2-new-delhi,"12, Facility Center, Opposite CNG Station, Mayapuri Phase 2, New Delhi",9.11128E+11,28.61802407,77.11329393,"buffet, panneer butter masala, desserts, breads, dal makhni, starters","pool, relaxed atmosphere, family place, great hospitality, fancy crowd, breakfast"
Thyme - The Umrao,"North Indian, Chinese, Continental",2000,"the umrao, kapashera, new delhi",4.0,353,0.0,1,https://www.zomato.com/ncr/thyme-the-umrao-kapashera-new-delhi,"The Umrao, N.H. 8, Samalkha, Near Rajokri Crossing, Kapashera, New Delhi",9.11148E+11,28.52511184,77.1002356,"great buffet spread, variety of veg options, fusion dishes, relaxed atmosphere, ample seating area, good for large groups",not specified
Tenali - The Andhra Kitchen,"Andhra, South Indian",600,"green park, new delhi",4.0,205,3.8,317,https://www.zomato.com/ncr/tenali-the-andhra-kitchen-green-park-new-delhi,"Shop 31, 2nd Floor, Main Market, Green Park, New Delhi",9.11145E+11,28.55635851,77.20222123,"variety of beer, breweed beer, extensive mocktail menu, kid friendly, live sports screening, vintage decor",not specified
SkyHouse,"North Indian, Chinese, Continental, Mughlai",2100,"gaur central  mall, raj nagar, ghaziabad",4.0,235,4.0,304,https://www.zomato.com/ncr/skyhouse-raj-nagar-ghaziabad,"7th Floor, Gaur Central Mall, RDC, Raj Nagar, Ghaziabad",9.18929E+11,28.67372217,77.44041916,"spicy paneer, panner pizza, veg pizza, pizzas, burgers, sauce","chirpy crowd, cozy ambiance, pocket friendly, casual seating area, great recommendations, polite staff"
Rom's Pizza,"Pizza, Fast Food",400,"shakarpur, new delhi",4.0,396,3.9,9855,https://www.zomato.com/ncr/roms-pizza-shakarpur-new-delhi,"U-112-B, Ground Floor, Upadhyay Block, Shakarpur, New Delhi",9.11141E+11,28.63046585,77.27763489,"salted caramel cheesecake, red velvet cheesecake, new york cheesecake, blueberry cheese cake, hot chocolate, pastries","cake decoration, totally worth it, pretty decor, food presentation, best place, timely service"
Cheesecake & Co.,"Desserts, Bakery, Fast Food, Beverages",500,"anand vihar, new delhi",4.0,180,4.3,1998,https://www.zomato.com/ncr/cheesecake-co-anand-vihar-new-delhi,"B-8, Ground Floor, Surajmal Vihar, Anand Vihar, New Delhi",9.19555E+11,28.660236,77.304237,"hong kong chicken, wonton soup, chilly garlic noodles, sweet corn soup, manchow soup, soups","chinese, ample seating area, family place, cozy place, family restaurant, favorite place"
Fujiya,"Chinese, Japanese, Seafood, Fast Food, Momos",1500,"chanakyapuri, new delhi",4.0,1127,3.8,309,https://www.zomato.com/ncr/fujiya-chanakyapuri-new-delhi,"12/48, Malcha Marg Market, Chanakyapuri, New Delhi",9.11127E+11,28.601095,77.186217,"honey chilli potatoes, butter chicken, dal makhani, biryani","comfortable seating area, cool ambience, best restaurant, great value, vibe, interior"
Saffron The Restaurant,"North Indian, Chinese",600,"gamma 1, greater noida",4.0,342,4.0,4533,https://www.zomato.com/ncr/saffron-the-restaurant-gamma-1,"1st Floor, Shri Amrit Plaza, Amrit Puram, Gamma 1, Noida",9.1954E+11,28.47999108,77.5006552,"chicken ghee roast, appam, filter coffee, sambar, chutneys, chicken","authentic decor, authenticity, weekend brunch, family crowd, breakfast, good music"
Chattynadu,"South Indian, Kerala, Desserts",800,"sushant lok, gurgaon",4.0,125,4.1,523,https://www.zomato.com/ncr/chattynadu-sushant-lok,"ROF Portico, Phase 1, Sushant Lok, Gurgaon.",9.19667E+11,28.452918,77.082343,"bhatti ka paneer, orange mojito, dal makhni, tandoori chicken, starters, paneer tikka","jain food options, extensive bar menu, variety of veg options, fusion dishes, taste of food, gastronomical experience"
Moti Mahal Delux,"North Indian, Seafood",1800,"greater kailash 2 (gk2), new delhi",4.0,265,4.1,824,https://www.zomato.com/ncr/moti-mahal-delux-greater-kailash-gk-2-new-delhi,"M-20, Ground Floor, M Block Market, Greater Kailash 2 (GK 2), New Delhi",9.17304E+11,28.53366304,77.24225789,exclusively available at handi chhadeyan di at just 99/-,"chatpati chaap, mushroom masala, chicken rara, mutton rogan josh, veg platter, malai kofta"
Handi Chhadeyan Di,"North Indian, Mughlai, Chinese, Rolls",500,"connaught place, new delhi",4.0,319,3.5,1397,https://www.zomato.com/ncr/handi-chhadeyan-di-connaught-place-new-delhi,"59, Municipal Market, Outer Circle, Connaught Place, New Delhi",9.11123E+11,28.63503918,77.22181376,"reasonable prices, mouth watering food, prompt service, polite staff, worth the money, experience",not specified
Javed Ki Famous Nahari,"Mughlai, Biryani",200,"zakir nagar, new delhi",4.0,214,0.0,0,https://www.zomato.com/ncr/javed-ki-famous-nahari-zakir-nagar-new-delhi,"Main Road, Jogabai Extension, Zakir Nagar, New Delhi",9.19891E+11,28.56674433,77.28205349,"amazing vibe, lovely ambience, variety of pizza, decoration, good music, courteous staff",not specified
My Tea Chapel- Pinsa Pizza & Waffles,"Pizza, Bubble Tea, Healthy Food, Italian, Salad, Fast Food, Tea, Desserts",800,"south point mall, golf course road, gurgaon",4.0,138,4.3,374,https://www.zomato.com/ncr/my-tea-chapel-pinsa-pizza-waffles-golf-course-road,"Shop 08, Ground Floor, South Point Mall, Golf Course Road, Gurgaon",9.18374E+11,28.448036,77.099179,"kaya toast, calamari, salmon, coffee, sandwich, pizzas","great service and atmosphere, location is very nice, good food and good ambience, pet friendly, clean and hygienic place, fantastic decoration"
Cafe Nauticalmile,"Healthy Food, Italian, Beverages, Continental, Coffee, Tea",1000,"sohna road, gurgaon",4.0,120,3.9,73,https://www.zomato.com/ncr/cafe-nauticalmile-sohna-road,"Shop R3/021, Ground Floor, M3M Urbana, Sector 67, Sohna Road, Gurgaon",9.11244E+11,28.39004006,77.06732757,"lasagna, peri peri fries, tandoori momos, cheesecake, pasta, pizza","nice ambience nice crowd, best staff, pretty decor, served quickly, cooperative staff, fantastic decoration"
The French Oven,"Continental, Italian, Mexican, North Indian, Chinese, Bakery, Beverages",500,"indirapuram, ghaziabad",4.0,150,3.9,189,https://www.zomato.com/ncr/the-french-oven-indirapuram-ghaziabad,"Shop 3, GC Grand Market, Indirapuram, Ghaziabad",9.19991E+11,28.63645695,77.36230452,"samosa chatni, chaap tikka, special thali, shahi paneer","reasonable price ever, great menu, comforting atmosphere, served quickly, best food under best budget, perfect presentation"
Bhai Ki Rasoi,"North Indian, Chinese",300,"sector 83, gurgaon",4.0,255,3.5,1927,https://www.zomato.com/ncr/bhai-ki-rasoi-sector-83,"Opposite Orris Carnation Society, Sector 85, Near Sector 83, Gurgaon",9.18931E+11,28.40304197,76.9503722,not specified,not specified
Vibe: The Sky Bar - Hilton Garden Inn,"Italian, Thai, European, North Indian",3100,"hilton garden inn, sector 50, gurgaon, gurgaon",4.0,187,0.0,0,https://www.zomato.com/ncr/vibe-the-sky-bar-hilton-garden-inn-south-city-2,"Hilton Garden Inn, Baani Square, South City 2, Gurgaon",9.188E+11,28.42596867,77.05754254,"bar games, best club, dj, great music, packed on weekends, fancy crowd",not specified
Playboy Club,"North Indian, Continental, Bar Food",4500,"chanakyapuri, new delhi",4.0,516,0.0,0,https://www.zomato.com/ncr/playboy-club-chanakyapuri-new-delhi,"50-B, Samrat Hotel, Kautilya Marg, Chanakyapuri, New Delhi",9.18E+11,28.59565513,77.19672538,"great for dates, sophisticated, outstanding service, healthy options, worth the price, amazing hospitality",not specified
SXVIII - Radisson Blu,"Continental, North Indian, Italian, Mediterranean, Thai, Beverages, Desserts",3600,"radisson blu, sector 18, noida, noida",4.0,279,3.7,46,https://www.zomato.com/ncr/sxviii-radisson-blu-sector-18-noida,"L-2, Sector 18, Noida",9.199E+11,28.56862178,77.32195873,"live entertainment, fairly priced beers, no cover charge, lovely ambience, lovely place, beautiful place",not specified
Moire Cafe Lounge & Bar,"Continental, European, Asian, Biryani, Momos, Chinese, Italian, Desserts",2500,"gardens galleria, sector 38 noida, noida",4.0,201,0.0,0,https://www.zomato.com/ncr/moire-cafe-lounge-bar-sector-38-noida,"Shop 139-142, Ground Floor, Gardens Galleria Mall, Sector 38 A, Near Sector 38, Noida",9.19871E+11,28.5646037,77.32183962,"kaju korma, veg noodle soup, soyabean chaap, paneer kali mirch, mix veg pizza, hot n sour soup","good for large groups, ample seating area, parking space, serving size, good value, family restaurant"
Punjabi Rasoi,"North Indian, South Indian, Chinese",800,"rohini, new delhi",4.0,666,4.1,338,https://www.zomato.com/ncr/punjabi-rasoi-1-rohini-new-delhi,"D 12/188, Opposite Metro Pillar 408, Rohini, New Delhi",9.11127E+11,28.71089063,77.12113705,"staff communication, excellent food and service, gastronomical experience, comfortable seating area, good for large groups, packed on weekends",not specified
On Kourse Organically Yours,"Asian, Japanese, North Indian, European, Beverages",1000,"sector 83, gurgaon",4.0,106,0.0,0,https://www.zomato.com/ncr/on-kourse-organically-yours-sector-83,"Klub Karma, Karma Lakelands, Sector 80, Near Sector 83, Gurgaon",9.11242E+11,28.36770388,76.9645822,"crepe, pancakes, hot chocolate, waffles, peri peri fries, desserts","host, cleanliness, good music, young crowd, good wifi, elaborate menu"
High On Desserts,"Desserts, Coffee, Beverages, Fast Food",150,"rajinder nagar, new delhi",4.0,109,4.3,1314,https://www.zomato.com/ncr/high-on-desserts-rajinder-nagar-new-delhi,"1/122, Shankar Road, Rajinder Nagar, New Delhi",9.18368E+11,28.63581957,77.18514327,"great recommendations, tasty, hygiene, seating, good service, good place",not specified
Dharma Vaishno Dhabha,"North Indian, Chinese, Fast Food, Beverages, Desserts",500,"sector 12, faridabad",4.0,448,3.9,4880,https://www.zomato.com/ncr/dharma-vaishno-dhabha-sector-12-faridabad,"Near City Mall, Sector 12, Faridabad",9.18131E+11,28.38107341,77.31454678,"chicken bharta, masala paneer, rajma rice, dal makhni, biryani","desi vibes, pocket friendly, quality food, good food, good place, quantity"
Mehfil Dhaba,"North Indian, Mughlai",300,"malviya nagar, new delhi",4.0,548,0.0,4,https://www.zomato.com/ncr/mehfil-dhaba-malviya-nagar-new-delhi,"2, Main Market, Malviya Nagar, New Delhi",9.11127E+11,28.53689954,77.21274555,"chicken momo, afghani chicken, tandoori momos, butter chicken, chicken tikka, roti","economical, good value, tandoori, reasonable prices, owner, portion size"
Dilli 19,"North Indian, Mughlai, Chinese",600,"kalkaji, new delhi",4.0,541,4.0,10400,https://www.zomato.com/ncr/dilli-19-kalkaji-new-delhi,"A-109, Double Storey, Kalkaji, New Delhi",9.11141E+11,28.54378544,77.25100089,"chana daal, chocolate lava, choco lava cake, buffet, pita bread, lamb","ambience is very nice, good for large groups, comfortable seating area, gastronomical experience, ambience was super cool, breakfast"
Spice It -  ibis New Delhi,"North Indian, Continental, Chinese, Fast Food, Beverages, Desserts, Kebab, Finger Food",1500,"ibis new delhi, aerocity, new delhi",4.0,276,0.0,23,https://www.zomato.com/ncr/spice-it-ibis-new-delhi-aerocity-new-delhi,"Ibis New Delhi, Asset 9, Hospitality District, Near IGI Airport, Aerocity, New Delhi",9.19899E+11,28.55115842,77.12357893,"chilly paneer sizzler, malai chaap, starters, drinks","themed decor, relaxed atmosphere, friendly service, great value, best food under best budget, hospitality"
TNG Food - Tandoor & Grill,"North Indian, Chinese, European, Italian, Fast Food, Beverages",1500,"raj nagar, ghaziabad",4.0,212,4.1,595,https://www.zomato.com/ncr/tng-food-tandoor-grill-raj-nagar-ghaziabad,"B 16, GSR Tower, RDC, Raj Nagar, Ghaziabad",9.18745E+11,28.67390779,77.44371358,"supreme burger, pancakes, waffles, cold coffee, white sauce pasta, platter","kids friendly, quick serving, great menu, inexpensive, variety of pizza, nice concept"
Brewin Cafe,"Cafe, Fast Food, Beverages",350,"mayur vihar phase 1, new delhi",4.0,99,3.9,58,https://www.zomato.com/ncr/brewin-cafe-mayur-vihar-new-delhi,"40A, P Block, Mayur Vihar Phase 1, New Delhi",9.17011E+11,28.608032,77.29224,"wow place, service is great, excellent location, fantastic decoration, clean and hygienic place, comforting atmosphere",not specified
Pizza Union,"Pizza, Fast Food",600,"sector 10, dwarka, new delhi",4.0,177,3.4,431,https://www.zomato.com/ncr/pizza-union-sector-10-dwarka-new-delhi,"Plot 3, Lower Ground Floor, Pinnacle Mall, Sector 10, Dwarka, New Delhi",9.11142E+11,28.57942418,77.05585375,"hyderabadi mutton dum biryani, deluxe veg thali, keema kaleji, oreo shake, cheesecake, soya chaap","great for birthdays, unique menu, hygienic food, tamper proof packaging, yummy food, best food under best budget"
Curries N Biryanis,"North Indian, Mughlai, Biryani",800,"sector 135, noida",4.0,134,3.5,830,https://www.zomato.com/ncr/curries-n-biryanis-sector-135,"Shop 1, Khasra 251, Village Shahdra, Sector 141, Noida",9.19959E+11,28.505713,77.414963,"kadahi paneer, handi chicken, afghani chicken, paneer tikka, mix veg, chicken curry","drive through, cleanliness, best restaurant, contactless delivery, low price, combos"
Dwarka Restaurant,"North Indian, Chinese, Mughlai, Pasta",600,"sector 5, dwarka, new delhi",4.0,460,4.0,4454,https://www.zomato.com/ncr/dwarka-restaurant-sector-5-dwarka-new-delhi,"F-1, Plot 10, 1st Floor, Manish Link Road Plaza, Sector 5, Dwarka, New Delhi",9.19599E+11,28.59547,77.052385,"thai green curry, chicken momo, drums of heaven, dumplings, momos","good for large groups, family place, portion size, owner, amazing taste, reasonable price"
Solanas Wok & Grill,Chinese,600,"hong kong bazaar mall, sector 57, gurgaon, gurgaon",4.0,147,4.1,382,https://www.zomato.com/ncr/solanas-wok-grill-sector-57,"LG 20, Hong Kong Bazaar, Sector 57, Gurgaon",9.2E+11,28.42102829,77.09080026,"tawa chicken tikka, anda bhurji, kadhai chicken, egg curry, paneer butter masala, kulcha","excellent location, fantastic decoration, unique menu, clean and hygienic place, tamper proof packaging, best service"
Gabru Da Dhaba,"North Indian, Chinese",450,"sector 29, noida",4.0,170,4.0,535,https://www.zomato.com/ncr/gabru-da-dhaba-1-sector-29-noida,"Shop 40, Block 1, Ganga Shopping Complex, Sector 29, Noida",9.19099E+11,28.567539,77.33601,"cheese french fries, supreme burger, loaded fries, peri fries, chicken wrap, chicken nuggets","office crowd, economical, cute little place, elegantly decorated, new menu, great recommendations"
Rooh Burger Cafe,"Burger, Fast Food, Beverages, Wraps",350,"connaught place, new delhi",4.0,816,4.0,7097,https://www.zomato.com/ncr/rooh-burger-cafe-1-connaught-place-new-delhi,"Shop 22, A Block, Connaught Place, New Delhi",9.1114E+11,28.63366788,77.21788399,"authentic hyderabadi biryani, haleem, mutton biriyani, chicken 65, raita, kabab","excellent place, great value, nice service, recommended place, good quality food, amazing taste"
Paradise Biryani,"Biryani, North Indian, Kebab",550,"raheja mall, sohna road, gurgaon",4.0,1174,4.0,10100,https://www.zomato.com/ncr/paradise-biryani-sohna-road,"Shop 101, First Floor, Under Ground, Raheja Mall, Sohna Road, Gurgaon",9.19014E+11,28.42361365,77.03936689,"pork shapta, authentic tibetan food, momo, chicken momos, cheesecake, noodles","service is great, authentic food, customizable dishes, outdoor seating, atmosphere, elaborate menu"
Wangchuk's Ladakhi & Tibetan Kitchen,"Chinese, Tibetan",600,"supermart 1, dlf phase 4, gurgaon",4.0,155,3.8,1216,https://www.zomato.com/ncr/wangchuks-ladakhi-tibetan-kitchen-dlf-phase-4,"Shop B 216, Upper Ground Floor, Super Mart 1, DLF Phase 4, Gurgaon",9.17982E+11,28.46236494,77.08739989,"avocado toast, iced mocha, iced latte, orange juice, cappuccino, hot chocolate","food menu, good options, vibe, cafe, young crowd, portions"
Quick Brown Fox Coffee Roasters,"Cafe, Italian, Desserts, Beverages",1200,"chhatarpur, new delhi",4.0,195,3.9,59,https://www.zomato.com/ncr/quick-brown-fox-coffee-roasters-chhatarpur-new-delhi,"23A, Dhan Mill Compound, 100 Feet Road, Chhatarpur, New Delhi",9.19999E+11,28.50433156,77.18499172,"excellent and fast service, service is great, very affordable, variety of pizza, outdoor seating, family crowd",not specified
Delhi Chinese Fast Food,"Chinese, Fast Food",300,"laxmi nagar, new delhi",4.0,267,3.1,333,https://www.zomato.com/ncr/delhi-chinese-fast-food-laxmi-nagar-new-delhi,"75, Plot J74, Ground Floor, J Extention, Laxmi Nagar, New Delhi",9.19212E+11,28.63884194,77.27439344,"ice cream sundae, lemon fish, buffet, virgin mojito, mix veg, gulab jamun","buffet variety and quality, vintage decor, good bartenders, peaceful ambience, amazing interior, lightings"
Pulse,"North Indian, Chinese",1500,"rajouri garden, new delhi",4.0,351,3.9,25,https://www.zomato.com/ncr/pulse-rajouri-garden-new-delhi,"A-5, Vishal Enclave, Main Najafgarh Road, Rajouri Garden, New Delhi",9.19891E+11,28.64768078,77.11934533,"lalla mussa dal, sweet corn soup, papad, soups, mojito, mocktails","classy interiors, themed decor, luxury, reasonable cost, beautiful interiors, good services"
Sura Vie,"North Indian, Chinese, Italian, Thai",1800,"punjabi bagh, new delhi",4.0,792,4.0,1308,https://www.zomato.com/ncr/sura-vie-punjabi-bagh-new-delhi,"2/85, 1st Floor, Club Road, Near State Bank of India, Punjabi Bagh, New Delhi",9.19811E+11,28.66633644,77.12395102,"peshawari tikka, afghan chicken, tawa chicken, shahi paneer, butter chicken","budget food, good for large groups, packed on weekends, portions, good taste, main course"
Sethi Restaurant,"North Indian, Chinese",800,"tilak nagar, new delhi",4.0,519,4.0,16400,https://www.zomato.com/ncr/sethi-restaurant-tilak-nagar-new-delhi,"A 64, Punjabi Market, Sham Nagar, Near Tilak Nagar, New Delhi",9.11126E+11,28.64392983,77.10282929,"tandoori chicken fry, panner tikka masala, kathi rolls, jeera rice, peri peri chicken, kadai chicken","amazing food and experience, delivery instructions, genuine price, faster delivery, worth the price, food packaging"
Sardarji Di Bhatti,"North Indian, Rolls, Chinese, Mughlai",500,"moti nagar, new delhi",4.0,236,3.7,1037,https://www.zomato.com/ncr/sardarji-di-bhatti-moti-nagar-new-delhi,"WZ 1, Basai Darapur, Opposite Metro Pillar 320, Moti Nagar, New Delhi",9.17292E+11,28.65652152,77.13981561,"good ambience, ambiance, good food, food quality, staff, service",not specified
Tatva - Country Inn & Suites,"North Indian, Chinese, Biryani",2400,"country inn & suites by carlson, sahibabad, ghaziabad",4.0,238,0.0,0,https://www.zomato.com/ncr/tatva-country-inn-and-suites-sahibabad-ghaziabad,"Country Inn & Suites Radisson, Sahibabad, Ghaziabad",9.18801E+11,28.65370032,77.34419994,"nice music, nice staff, good services, awesome service, awesome ambience, nice service",not specified
Rocking Woods,"North Indian, Chinese, Mughlai",1500,"v3s mall, laxmi nagar, new delhi",4.0,571,0.0,10,https://www.zomato.com/ncr/rocking-woods-laxmi-nagar-new-delhi,"F-102, Floor 1, V3S Mall, Laxmi Nagar, New Delhi",9.11143E+11,28.63703901,77.28600573,"chicken mokthuk, konjee crispy chicken, pork dimsum, pork chilli, mushroom chilli, hot n sour soup","quaint little place, great restaurant, good price, packed on weekends, perfect presentation, atmosphere"
Le Himalaya,"Tibetan, Nepalese, Chinese, Thai, Momos",500,"malviya nagar, new delhi",4.0,230,3.7,9312,https://www.zomato.com/ncr/le-himalaya-malviya-nagar-new-delhi,"Shop 9, 1st Floor, Corner Market, Malviya Nagar, New Delhi",9.11141E+11,28.53884851,77.21361157,"cute little place, great recommendations, mouth watering food, preparation, worth the money, service",not specified
Champaran Handi Meat,"North Indian, Mughlai",500,"sector 14, gurgaon",4.0,197,3.9,4484,https://www.zomato.com/ncr/champaran-handi-meat-sector-14,"New Mata Kataria Road, Rajiv Colony, Sector 14, Gurgaon",9.19711E+11,28.47586134,77.03664646,"ambience is beautiful, weekend brunch, vibe, chef, elaborate menu, good music",not specified
Artisan Lab Cafe,"Cafe, Continental",400,"greater kailash 1 (gk1), new delhi",4.0,103,0.0,0,https://www.zomato.com/ncr/artisan-lab-cafe-greater-kailash-gk-1-new-delhi,"N-18, N Block Market, Greater Kailash 1 (GK 1), New Delhi",9.18288E+11,28.55643655,77.23270454,"good place, great food, good food, ambience, staff, price",not specified
The Veggie Bites,"North Indian, Chinese, Mughlai, Beverages",500,"pitampura, new delhi",4.0,180,4.1,1336,https://www.zomato.com/ncr/the-veggie-bites-pitampura-new-delhi,"B-304, Saraswati Vihar, Outer Ring Road, Pitampura, New Delhi",9.11172E+11,28.69972886,77.12418705,"tomato paneer, chicken pakora, chicken burra, palak paneer, mutton rogan josh, chicken curry","relaxed atmosphere, family restaurant, decent place, vibe, preparation, decor"
Minar,"North Indian, Mughlai, Fast Food, Chinese, Desserts, Ice Cream, Beverages",1500,"connaught place, new delhi",4.0,734,4.2,117,https://www.zomato.com/ncr/minar-connaught-place-new-delhi,"L-11, Outer Circle, Connaught Place, New Delhi",9.11123E+11,28.63468488,77.22179934,"baan thai, butterfly chicken, phad thai, hot pot, chicken chilli, spring roll","relaxed atmosphere, ample seating area, good packaging, beautiful place, fast delivery, authentic taste"
Baan Thai,"Thai, Chinese, Seafood",1900,"golf course road, gurgaon",4.0,434,3.9,1555,https://www.zomato.com/ncr/baan-thai-golf-course-road,"Opposite Rapid Metro Pillar 174, Golf Course Road, Gurgaon",9.19972E+11,28.44059914,77.10306365,"get a complimentary night, earn up to 50% of spends as points at 250+ restaurants & much more. know more",not specified
"Creo - Vivanta New Delhi, Dwarka","Italian, North Indian, Asian",3000,"vivanta new delhi, dwarka, new delhi",4.0,308,0.0,0,https://www.zomato.com/ncr/creo-vivanta-new-delhi-dwarka-sector-21-dwarka-new-delhi,"Near Sector 21 Dwarka Metro Station, Sector 21, Dwarka, New Delhi",9.11166E+11,28.55847675,77.06263572,"cheese veg burger, nutella pancakes, red velvet cake, cheesecake, cakes, fries","music and feel, great recommendations, customizable dishes, variety of pizza, outdoor seating, tamper proof packaging"
Craving Cosmos Cafe & Bakery,"Fast Food, Beverages, Bakery, Italian, Continental",550,"mayur vihar phase 2, new delhi",4.0,97,4.0,338,https://www.zomato.com/ncr/craving-cosmos-cafe-bakery-mayur-vihar-phase-2-new-delhi,"Shop 3, CSC Market, Pocket E, Mayur Vihar Phase 2, New Delhi",9.19899E+11,28.61788398,77.29320075,"cheese balls, beer, biryani, paneer lababdar, mocktails, starters","cozy place, packed on weekends, wonderful place, decent place, favorite place, good staff"
Beeryani,"North Indian, Biryani, Pizza",900,"sda market, sda, new delhi",4.0,1234,3.9,28,https://www.zomato.com/ncr/beeryani-sda-new-delhi,"Shop 2, Main Market, Opposite IIT Main Gate, SDA, New Delhi",9.19999E+11,28.54664081,77.19649002,"sophisticated, worth the price, relaxed atmosphere, breakfast, great service, family crowd",not specified
Cafe NH8 - Radisson,"Continental, Italian, North Indian, Asian",2500,"radisson, udyog vihar, gurgaon",4.0,267,3.9,29,https://www.zomato.com/ncr/cafe-nh8-radisson-udyog-vihar,"Near Plot 406, Phase 3, Udyog Vihar, Gurgaon",9.17839E+11,28.50889358,77.0915268,"kachori sabzi, deluxe thali, sweets, noodle, gulab jamun, hakka noodles","very clean place, hygenic food, good quality food, customer service, preparation, tasty"
Nathu's Sweets,"Mithai, North Indian, Street Food, South Indian, Continental",450,"raj nagar, ghaziabad",4.0,262,4.0,18700,https://www.zomato.com/ncr/nathus-sweets-1-raj-nagar-ghaziabad,"GC- 08, Ground Floor, Dubai Mall, RDC, Raj Nagar, Ghaziabad",9.19819E+11,28.67396162,77.44067866,"comfort food, casual seating area, good portions, low price, polite staff, quality",not specified
Aapka Bhojanalaya,"North Indian, Chinese, Fast Food",250,"shahdara, new delhi",4.0,314,0.0,0,https://www.zomato.com/ncr/aapka-bhojanalaya-shahdara-delhi,"136/3, Main Road, Maujpur, Shahdara, New Delhi",9.1729E+11,28.68976061,77.27300908,"good crowd, great recommendations, low price, great ambience, good taste, packing",not specified
Ganeshwaram,"North Indian, South Indian, Chinese, Fast Food, Street Food, Beverages, Desserts",600,"sector 45, noida",4.0,296,4.0,4988,https://www.zomato.com/ncr/ganeshwaram-sector-45-noida,"SD 155 & 156, Sadarpur, Sector 45, Noida",9.19872E+11,28.54916537,77.35590544,not specified,not specified
Sameer Qureshi's Kebab,"Rolls, North Indian, Mughlai",800,"shopping mall, dlf phase 1, gurgaon",4.0,223,0.0,1,https://www.zomato.com/ncr/sameer-qureshis-kebab-dlf-phase-1,"CB 70-71, Shopping Mall, Arjun Marg, DLF Phase 1, Gurgaon",9.19811E+11,28.4661819,77.09896423,"chocolate overdose, flavored ice cream, ferrero rocher, thick shakes, ice creams, icecream","concept, good ambience, food presentation, elaborate menu, customizable food, young crowd"
Cream Stone,"Ice Cream, Beverages, Desserts",300,"connaught place, new delhi",4.0,136,4.3,315,https://www.zomato.com/ncr/cream-stone-connaught-place-new-delhi,"79, Municipal Market, Connaught Place, New Delhi",9.188E+11,28.634004,77.222968,"soothing ambience, reasonable cost, live music, great hospitality, atmosphere, waiter",not specified
RBG - Park Inn by Radisson,"North Indian, Continental, Desserts, Beverages",1500,"patparganj, new delhi",4.0,295,3.9,22,https://www.zomato.com/ncr/rbg-park-inn-by-radisson-patparganj-new-delhi,"Plot 6-A, Patparganj, New Delhi",9.11166E+11,28.63,77.3151667,"variety of pizza, family crowd, student crowd, good music, food presentation, elaborate menu",not specified
Quirky Perky,"Cafe, Italian, Pizza, Fast Food, North Indian, Beverages",850,"raj nagar, ghaziabad",4.0,120,4.1,174,https://www.zomato.com/ncr/quirky-perky-raj-nagar-ghaziabad,"C-59, RDC, Raj Nagar, Ghaziabad",9.19954E+11,28.67632634,77.44356472,"margherita thin crust, cheese corn balls, handi chicken, masala chaap, chicken lababdar, chicken korma","extensive bar menu, variety of veg options, fusion dishes, good for large groups, quality of food, ample seating area"
Chefsville,"North Indian, Chinese, Fast Food, Beverages, Mughlai, Italian",800,"sector 7, dwarka, new delhi",4.0,347,3.7,2992,https://www.zomato.com/ncr/chefsville-sector-7-dwarka-new-delhi,"G 161, 1st Floor, Opposite SBI Bank, Sector 7, Dwarka, New Delhi",9.17218E+11,28.5886369,77.07164526,"live ghazal performance, fancy crowd, live music, courteous staff, main course, portions",not specified
Waves,"North Indian, Mughlai, Chinese, Beverages",1600,"adchini, new delhi",4.0,244,4.0,249,https://www.zomato.com/ncr/waves-adchini,"A-4, Sarvodaya Enclave, Adchini, New Delhi",9.19651E+11,28.53846679,77.19898582,"chicken grilled sandwich, butter chicken pizza, peri fries, kit kat shake, nachos, shakes","cost efficient, ambience was super cool, soft music, fancy crowd, great value, interior"
Cafe Canteen,"Cafe, Continental, Italian, North Indian, Beverages",800,"jail road, new delhi",4.0,305,4.3,164,https://www.zomato.com/ncr/cafe-canteen-jail-road-new-delhi,"E 57, WZ 5, Ground Floor, Guru Nanak Pura, Jail Road, New Delhi",9.19239E+11,28.63254081,77.09813677,"awesome food, hygiene, food quality, good food, service, taste",not specified
Kamal Dhaba,North Indian,250,"chander nagar, ghaziabad",4.0,278,0.0,5,https://www.zomato.com/ncr/kamal-dhaba-chander-nagar-ghaziabad,"Shop 3&4, D Block, Doctor Bhabha Marg, HIG Flats, Chander Nagar, Ghaziabad",9.19213E+11,28.66828037,77.33016562,"clean and hygienic place, polite staff, mouth watering food, amazing food, preparation, seating",not specified
Panx Pizza,"Pizza, Fast Food",500,"kalkaji, new delhi",4.0,167,3.9,1262,https://www.zomato.com/ncr/panx-pizza-kalkaji-new-delhi,"Shop 73, Ground Floor, Opposite Hanuman Mandir, Kalkaji, New Delhi",9.199E+11,28.53500502,77.26015963,"stuffed sandwich, white pasta, mocha, cappuccino, hot chocolate, sandwiches","couple friendly, staff service, packed on weekends, good value, vibe, hospitality"
Black Brown Coffee,"Cafe, Healthy Food, Italian, Continental, Salad, Rolls, Beverages",700,"ambience mall, dlf phase 3, gurgaon",4.0,96,3.9,419,https://www.zomato.com/ncr/black-brown-coffee-2-dlf-phase-3,"Ground Floor, Hawker Street, Ambience Mall, DLF Phase 3, Gurgaon",9.16262E+11,28.50378855,77.09761843,not specified,not specified
Vaishno Amritsari Naan - Satish Dhaba,North Indian,300,"ip extension, new delhi",4.0,396,3.8,2,https://www.zomato.com/ncr/vaishno-amritsari-naan-satish-dhaba-ip-extension-new-delhi,"G-12, Aggarwal Tower, Local Shopping Complex 2, Near AVB Public School, IP Extension, New Delhi",9.19312E+11,28.6279506,77.30789926,"amazing food with best price, hygienic food, good wifi, good quality food, family crowd, customizable food",not specified
Khanna Ki Rasoi,"North Indian, Beverages, Fast Food",300,"chander nagar, new delhi",4.0,234,4.0,1690,https://www.zomato.com/ncr/khanna-ki-rasoi-chander-nagar-new-delhi,"H.no-28, 3rd Floor, Radhey Puri Extension, Near Marry Convent School, Chander Nagar, New Delhi",9.19958E+11,28.6548555,77.291887,"dahi ke sholey, virgin mojito, mocktails, chilly chicken, spring rolls, gulab jamun","good bartenders, dance floor, sitting arrangement, great music, comfortable seating, dj"
Kabooze,"North Indian, Chinese, Continental",2500,"greater kailash 2 (gk2), new delhi",4.0,372,3.4,32,https://www.zomato.com/ncr/kabooze-greater-kailash-gk-2-new-delhi,"M 4, Greater Kailash (GK) 2, New Delhi",9.19561E+11,28.53435789,77.24344242,"veg tandoori momo, spicy chicken, tawa roti, chicken tikka, momos","good and nice to enjoy, great value, best restaurant, perfect presentation, spill proof packaging, healthy food"
Anant Foods,"North Indian, Chinese, Mughlai, Momos",600,"sector 72, noida",4.0,217,3.3,893,https://www.zomato.com/ncr/anant-foods-1-sector-72-noida,"Shop 3, Gate 1 Market, Sector 115, Sorkha, Near Sector 72, Noida",9.19999E+11,28.57547676,77.39952184,"paneer tikka masala, garlic naan, starters, dal makhni","pocket friendly prices, infrastructure, cleanliness, great value, customer service, excellent service"
Ocean Blue,"North Indian, Chinese, Street Food, Italian, Fast Food, Mughlai, Beverages",1100,"kaushambi, ghaziabad",4.0,150,3.5,22,https://www.zomato.com/ncr/ocean-blue-kaushambi-ghaziabad,"Hotel Blue Stone, Plot 5, Kaushambi, Ghaziabad",9.18179E+11,28.63453745,77.32689332,"avocado salad, spaghetti pasta, hummus, shakes, coffee","romantic seating, inexpensive, customizable dishes, healthy food, best food under best budget, cafe"
Garden House Cafe & Health Kitchen,"Cafe, Healthy Food, Fast Food",600,"shahpur jat, new delhi",4.0,177,3.8,402,https://www.zomato.com/ncr/garden-house-cafe-health-kitchen-1-shahpur-jat-new-delhi,"418-A Designers Street, Shahpur Jat, New Delhi",9.1956E+11,28.548583,77.213139,"malai mushroom, chilli chicken dry, chicken lababdar, honey chilli potatoes, kebabs, roti","good for large groups, loved it, relaxed atmosphere, great value, family crowd, yummy food"
Vatika,"North Indian, Oriental, Mughlai, Beverages",650,"charmwood village, faridabad",4.0,277,4.0,1460,https://www.zomato.com/ncr/vatika-charmwood-village-faridabad,"Vatika Complex, Eros Garden, Surajkund Road, Charmwood Village, Faridabad",9.19999E+11,28.49210235,77.29229819,"plum cake, aloo patty, kit kat shake, pastries, cookies, cakes","pretty decor, best food under best budget, location, great place, prices, presentation"
Creme N Crisp,"Bakery, Fast Food, Desserts, Beverages, Mithai",400,"gole market, new delhi",4.0,342,4.1,2621,https://www.zomato.com/ncr/creme-n-crisp-gole-market-new-delhi,"97, Bangla Sahib Road, Gole Market, New Delhi",9.11123E+11,28.63298693,77.20838729,"chicken handi korma, chicken tikka fry, murgh changezi, mutton masala, kadahi paneer, kadai chicken","office crowd, good portions, great recommendations, fantastic place, perfect presentation, best restaurant"
Al-Burj Restaurant,"North Indian, Mughlai, Biryani",500,"badkal lake, faridabad",4.0,330,3.9,14200,https://www.zomato.com/ncr/al-burj-restaurant-badkal-lake-faridabad,"B-548, Near Petrol Pump, Badkal Lake, Faridabad",9.19999E+11,28.40852256,77.2820022,"plenty of vegetarian options, chirpy crowd, customizations available, elegantly decorated, cozy ambiance, pocket friendly",not specified
Veer Ji Malai Chap Wale,"North Indian, Rolls",300,"sector 7, gurgaon",4.0,246,3.6,5573,https://www.zomato.com/ncr/veer-ji-malai-chap-wale-sector-7,"Plot 6PA, New Colony, Circular Road, Sector 7, Gurgaon",9.19812E+11,28.46825951,77.01575909,"honey chilli potatoes, cocktail, hakka noodles, chicken wings, spring roll, chicken tikka","dj music, good bartenders, personal attention, staff service, live music, great music"
Public Headquarter,"Finger Food, North Indian, Chinese, Italian",1500,"pvr anupam complex, saket, new delhi",4.0,355,0.0,0,https://www.zomato.com/ncr/public-headquarter-saket-new-delhi,"3, Community Center, PVR Anupam Complex, Saket, New Delhi",9.19561E+11,28.5232504,77.20747635,"nutella crepe, eggs benedict, crepes, garlic bread with cheese, calamari, french toast","breakfasts, cozy, cosy place, comfortable seating, fancy crowd, more variety"
The Blue Door Cafe,"Beverages, European, Italian, Desserts",1700,"khan market, new delhi",4.0,1108,3.9,107,https://www.zomato.com/ncr/the-blue-door-cafe-khan-market-new-delhi,"66, Middle Lane, Khan Market, New Delhi",9.11125E+11,28.59994297,77.22669337,"freshly made sweets, free sweet tastings, authentic sweets, nice/colourful packaging, spacious seating area, parking space available",not specified
Bajrang's Bikaner,"Mithai, Chinese, Fast Food, Bakery, Desserts",500,"sector 7, faridabad",4.0,286,4.3,13400,https://www.zomato.com/ncr/bajrangs-bikaner-sector-7-faridabad,"2613, YMCA Road, Sector 7, Faridabad",9.11294E+11,28.36918927,77.32686281,"kaiser haleem biryani, nizami chicken, butter tandoori chicken, mughlai chicken, tangdi kabab, haleem","pocket friendly prices, super service, unique menu, best services, fast delivery service, prompt delivery"
Kaiser,"North Indian, Mughlai, Biryani, Rolls",700,"sector 50, gurgaon",4.0,472,3.9,5169,https://www.zomato.com/ncr/kaiser-sector-50,"Shop 11A, Samaspur Village, Sector 51, Near Sector 50, Gurgaon",9.1813E+11,28.42532884,77.06758372,"relish quintessential indian teatime snacks with a modern twist including mister chai’s punjabi samosa,bhajia, gur para, mumbai toastie sandwich, teacakes, cookies and more.

starts at inr 1950 |...read more","corn bhel, aloo samosa, bhel puri, masala tea, club sandwich, hot coffee"
"Mister Chai - Shangri-La's - Eros Hotel, New Delhi","Cafe, Tea, Street Food, Fast Food, Beverages, North Indian",1300,"shangri-la's - eros hotel, connaught place, new delhi",4.0,226,0.0,0,https://www.zomato.com/ncr/mister-chai-shangri-las-eros-hotel-new-delhi-connaught-place-new-delhi,"Shangri-La’s – Eros Hotel, 19, Lobby Level, Ashoka Road, Connaught Place, New Delhi",9.11141E+11,28.62110523,77.21695662,"desserts, paneer tikka, dal makhani, starters, chicken","live music, chef, great ambience, main course, ambiance, good food"
Diya - The Leela Ambience,North Indian,3500,"the leela ambience, dlf phase 3, gurgaon",4.0,250,0.0,0,https://www.zomato.com/ncr/diya-the-leela-ambience-dlf-phase-3,"Ambience Island, DLF Phase 3, Gurgaon",9.19205E+11,28.50503132,77.09523395,"family crowd, management, owner, hospitality, customizable food, chef",not specified
Janak Taste Budz,"Chinese, Rolls, Mughlai, North Indian",750,"janakpuri, new delhi",4.0,164,4.0,736,https://www.zomato.com/ncr/janak-taste-budz-1-janakpuri-new-delhi,"B2B /1, L Type, Corner Shop, Janakpuri, New Delhi",9.17304E+11,28.63215442,77.09099974,"bang for the buck, cordial staff, not very crowded, elegantly decorated, great recommendations, sitting",not specified
Darjeeling Steamers,"Chinese, Nepalese, Tea, Beverages",500,"shahpur jat, new delhi",4.0,170,4.3,1039,https://www.zomato.com/ncr/darjeeling-steamers-shahpur-jat-new-delhi,"252/1, 2nd Floor, Near Bank of India, Shahpur Jat, New Delhi",9.196E+11,28.548438,77.211131,"economical, best place, food quality, good food, staff, delicious food",not specified
Balaji Vegetarian Paradise,"North Indian, Chinese",350,"sushant shopping arcade, sushant lok, gurgaon, gurgaon",4.0,191,3.8,1040,https://www.zomato.com/ncr/balaji-vegetarian-paradise-sushant-lok-gurgaon,"H-14, Sushant Shopping Arcade, Phase 1, Sushant Lok, Gurgaon",9.11243E+11,28.46124606,77.07946356,"crispy corn basket, tandoori paneer momos, achari soya chaap, peri fries, chicken malai tikka, spring rolls","impressive decor, quick serving, awesome spot to hangout, excellent location, best staff, customizable dishes"
The Munching Co.,"North Indian, Rolls, Fast Food, Chinese",350,"jail road, new delhi",4.0,106,4.1,985,https://www.zomato.com/ncr/the-munching-co-jail-road-new-delhi,"E-1/C, Near Sukho Khalsa School, Jail Road, New Delhi",9.19821E+11,28.63405249,77.09745549,"dal punjabi, egg maggi, masala dosa, cheesecake, paneer tikka, chutney","reasonable rate, customizable dishes, weekend brunch, student crowd, good wifi, elaborate menu"
Desi Rasoi Food,"South Indian, North Indian, Chinese, Mughlai",400,"sector 44, noida",4.0,254,3.3,708,https://www.zomato.com/ncr/desi-rasoi-food-sector-44-noida,"Amarpali Sapphire, Basement Market, Sector 45, Near Sector 44, Noida",9.17407E+11,28.54867825,77.34411813,"peri chicken, sangria, cocktail, chicken malai tikka, virgin mojito, nachos","amazing lake view, excellent view, perfect view, best view, awesome view, good bartenders"
Masha - The Record Room,"North Indian, Chinese, Italian, Middle Eastern",1200,"hauz khas village, new delhi",4.0,902,3.6,122,https://www.zomato.com/ncr/masha-the-record-room-hauz-khas-village-new-delhi,"9-A, 1st Floor, Hauz Khas Village, New Delhi",9.1954E+11,28.55410388,77.19445255,"serving staff, relaxed atmosphere, family place, portion size, seating, great place",not specified
Gulshan Dhaba,North Indian,500,"murthal, new delhi",4.0,212,0.0,0,https://www.zomato.com/ncr/gulshan-dhaba-murthal-new-delhi,"49-50 Milestone, GT Road, Murthal, New Delhi",9.19216E+11,29.032775,77.071677,"paneer dhokla, rabri faluda, rasmalai, poha, lassi, sweets","street food, polite staff, decent place, reasonable prices, tasty, good place"
Sona Sweets Sri Udipi Restaurant,"North Indian, South Indian, Street Food, Desserts, Fast Food, Beverages, Chinese",400,"nehru place, new delhi",4.0,460,4.3,1214,https://www.zomato.com/ncr/sona-sweets-sri-udipi-restaurant-nehru-place-new-delhi,"G-1-27, Saraswati House, Nehru Place, New Delhi",9.11126E+11,28.54848653,77.25168049,"manchurian, momos, white sauce pasta, shakes, noodles, burger","affordable, cozy ambience, variety of pizza, weekend brunch, food quantity, good music"
Nerdy Dino,"Momos, Chinese, Fast Food, Beverages",500,"janakpuri, new delhi",4.0,114,3.9,43,https://www.zomato.com/ncr/nerdy-dino-janakpuri-new-delhi,"C4B-302, Groud Floor, Maharaja Surajmal Lane, Janakpuri, New Delhi",9.18803E+11,28.61898648,77.09178966,"macaroon, mango cheesecake, chocolate dessert, desserts, cake, breads","flower pot, dessert menu, pretty decor, coffee date, food presentation, student crowd"
The Dessert Studio,"Bakery, Desserts",400,"civil lines, new delhi",4.0,226,4.1,497,https://www.zomato.com/ncr/the-dessert-studio-civil-lines-new-delhi,"24, Alipur Road, Civil Lines, New Delhi",9.19812E+11,28.68329753,77.22217452,"spaghetti bolognese, tandoori momos, sandwiches, white sauce pasta, nachos, burgers","best food under best budget, hygiene, reasonable prices, wonderful presentation, nice food, quality food"
Grubhouse Cafe,"Italian, Chinese, Sandwich, Burger, Rolls, Momos, Pizza, Beverages",500,"mayur vihar phase 1, new delhi",4.0,189,3.8,2111,https://www.zomato.com/ncr/grubhouse-cafe-mayur-vihar-new-delhi,"D 33, Acharya Niketan, Mayur Vihar Phase 1, New Delhi",9.19311E+11,28.60915448,77.29506724,"pav bhaji, chocolate shake, dimsums, cheesecake, soup, chicken","service is great and fast, taste of food, ambience was super cool, weekend brunch, good wifi, good music"
Pinjore,"Mughlai, North Indian, Asian, Pasta, Pizza, Momos, Desserts, Beverages",1900,"east patel nagar, new delhi",4.0,164,3.9,155,https://www.zomato.com/ncr/pinjore-east-patel-nagar-new-delhi,"1/4, Ground Floor, East Patel Nagar, New Delhi",9.1114E+11,28.645393,77.170254,"tandoori paneer momos, kurkure momo, butter naan, dal makhni, paneer tikka, snacks","drive through, not very crowded, economical, inexpensive, polite staff, prompt service"
Jeet Restaurant,"North Indian, Chinese",400,"chander nagar, new delhi",4.0,1020,3.9,21600,https://www.zomato.com/ncr/jeet-restaurant-1-chander-nagar-new-delhi,"81, Main Road, Chander Nagar, New Delhi",9.18376E+11,28.65500045,77.28217889,"jeera drink, barbecue wings, potato crunch, mushroom patty, chicken burger, momos","bang for the buck, not very crowded, cute little place, prompt service, good packaging, polite staff"
Burger Singh - Big Punjabi Burgers,"Burger, Fast Food, Beverages",400,"sector 50, noida",4.0,538,4.1,13100,https://www.zomato.com/ncr/burger-singh-big-punjabi-burgers-sector-50-noida,"B-1/19, Gautam Buddha Nagar, Sector 50, Noida",9.18767E+11,28.57060845,77.36198567,not specified,not specified
South Indian Corner,"South Indian, Chinese, North Indian",250,"rohini, new delhi",4.0,258,0.0,0,https://www.zomato.com/ncr/south-indian-corner-rohini-new-delhi,"26, DDA Market, Sector 13, Rohini, New Delhi",9.11132E+11,28.72386856,77.12741576,"fried cheese, cheesy garlic bread, peri fries, grilled sandwich, sandwiches, pasta","intimate seating, serving time, customer service, reasonable prices, cafe, amazing place"
Brewtoast,"Italian, Fast Food, Beverages",450,"lajpat nagar 4, new delhi",4.0,167,4.1,650,https://www.zomato.com/ncr/brewtoast-lajpat-nagar-4-new-delhi,"Shop 3, C 17, Lajpat Nagar 4, New Delhi",9.19812E+11,28.5621159,77.24440064,"balcony area, beautiful view, calm, authentic food, cozy place, decor",not specified
Lama Kitchen,"Nepalese, Tibetan, Asian",700,"hauz khas village, new delhi",4.0,380,3.9,374,https://www.zomato.com/ncr/lama-kitchen-hauz-khas-village-new-delhi,"2nd Floor, 50 A, Hauz Khas Village, New Delhi",9.19811E+11,28.55361384,77.19435867,"peanut butter waffle, oreo waffle, crepes, nutella waffle, kit kat shake, oreo shake","table service, pocket friendly, owner, ambiance, best place, good place"
The Waffle Co.,Desserts,300,"vijay nagar, new delhi",4.0,265,4.3,2103,https://www.zomato.com/ncr/the-waffle-co-vijay-nagar-new-delhi,"G 24, Hudson Lane, Vijay Nagar, New Delhi",9.19911E+11,28.6951063,77.20313787,"matki chicken, momo platter, tandoori mushrooms, kurkure momo, panneer butter masala, chilly chicken","chirpy crowd, cute little place, tandoori, polite staff, reasonable prices, prompt service"
Sighri,"North Indian, Mughlai, Chinese, Momos, Rolls",700,"janakpuri, new delhi",4.0,943,3.9,20400,https://www.zomato.com/ncr/sighri-janakpuri-new-delhi,"1, A2A Market, Vardhaman Plaza, Janakpuri, New Delhi",9.19711E+11,28.62519838,77.07627039,"great menu, served quickly, variety of pizza, good wifi, student crowd, weekend brunch",not specified
Pizza King,"Pizza, Fast Food",500,"badarpur border, faridabad",4.0,253,3.9,132,https://www.zomato.com/ncr/pizza-king-badarpur-border-faridabad,"Shop 5, Kernal Market, Jaitpur 2, Badarpur Border, Faridabad",9.2E+11,28.50827105,77.33441256,"chocolate mousse, beers, cocktail, drink, chicken wings, meat","rock music, live band, live performances, amazing music, awesome music, live music"
Blues,"Continental, North Indian, Mughlai, Chinese, Finger Food, Beverages",1100,"connaught place, new delhi",4.0,990,0.0,0,https://www.zomato.com/ncr/blues-connaught-place-new-delhi,"N-18, Outer Circle, Connaught Place, New Delhi",9.17827E+11,28.63021012,77.22078279,"bhalla papdi, golgappe, chole bhature, chowmein, sweets, gulab jamun","good for small groups, nice/colourful packaging, cleanliness, family crowd, good taste, proper packaging"
Grover Sweets,"Street Food, North Indian, Chinese",300,"uttam nagar, new delhi",4.0,481,4.1,20300,https://www.zomato.com/ncr/grover-sweets-3-uttam-nagar-new-delhi,"1, Diwan Estate, Bhagwati Garden, Near Dwarka Mod Metro Station, Uttam Nagar, New Delhi",9.19654E+11,28.619322,77.03255542,"great recommendations, spicy, packing, ambience, good food, quantity",not specified
Singh Chicken & Fish Corner,"North Indian, Mughlai, Seafood",650,"sector 14, gurgaon",4.0,372,4.0,1270,https://www.zomato.com/ncr/singh-chicken-fish-corner-sector-14,"Opposite HUDA Office, Old Delhi Road, Sector 14, Gurgaon",9.19999E+11,28.47810025,77.04652268,"soya chaap, spring roll, garlic naan, butter chicken, cheesecake, dal makhani","cashless payments, ambience was super cool, inexpensive, affordable prices, bar, environment"
KAP's Restro Bar & Cafe,"North Indian, Chinese, Mughlai, Fast Food, Finger Food, Beverages",1200,"vasant square mall, vasant kunj, new delhi",4.0,93,4.5,186,https://www.zomato.com/ncr/kaps-restro-bar-cafe-vasant-kunj-new-delhi,"Shop 41, Ground Floor, Vasant Square Mall, Vasant Kunj, New Delhi",9.18826E+11,28.52480578,77.15665285,"truffle shake, paneer patty burger, fish platter, bbq pizza, pancake, waffles","bang for the buck, office crowd, delivery on time, quality of food, cozy ambiance, cute little place"
Six Degree,"Chinese, North Indian, Mughlai",900,"safdarjung, new delhi",4.0,1160,3.8,28100,https://www.zomato.com/ncr/six-degree-safdarjung-new-delhi,"Shop 3, B 6, Shopping Center, Safdarjung Enclave, Safdarjung, New Delhi",9.19583E+11,28.55904951,77.1965212,"poori chole, chole bhatoorey, dosa sambar, rabri faluda, noodle, chowmein","elegantly decorated, fast service, good packaging, fast delivery, polite staff, good quantity"
Super Snacks,"South Indian, Chinese, North Indian",500,"krishna nagar, new delhi",4.0,584,4.0,22500,https://www.zomato.com/ncr/super-snacks-krishna-nagar-new-delhi,"D3/1, Main Market, Krishna Nagar, New Delhi",9.17012E+11,28.65961978,77.27946684,"belgian fries, nutella waffle, waffles, icecream, ice cream, cake","great fragrance, totally worth it, good options, spill proof packaging, wonderful presentation, best place"
The Belgian Waffle Co.,"Desserts, Beverages",300,"sector 50, noida",4.0,206,4.2,6808,https://www.zomato.com/ncr/the-belgian-waffle-co-sector-50-noida,"B-1/19, Main Market, Sector 50, Noida",9.19312E+11,28.570642,77.362044,"blueberry yogurt, grilled chicken meal, smoothies, omelette, juice, pancakes","healthy options, cozy ambiance, nice crowd, healthy food, low price, polite staff"
The Calorie Kitchen,"Healthy Food, Continental, Modern Indian",700,"good earth city center, sector 50, gurgaon",4.0,343,3.9,3345,https://www.zomato.com/ncr/the-calorie-kitchen-sector-50,"2nd Floor, Good Earth City Center, Sector 50, Gurgaon",9.188E+11,28.42127893,77.05319837,"casual seating area, cute little place, polite staff, reasonable prices, prompt service, timely service",not specified
Zahra Restaurant & Cafe,"North Indian, Beverages",500,"jasola, new delhi",4.0,181,4.0,1076,https://www.zomato.com/ncr/zahra-restaurant-cafe-jasola-new-delhi,"Shop 84, Tikona Park, Jamia Nagar, Jasola, New Delhi",9.17504E+11,28.56236562,77.28842139,not specified,not specified
JW Lounge - JW Marriott New Delhi,"North Indian, Continental",2500,"jw marriott new delhi, new delhi",4.0,132,0.0,0,https://www.zomato.com/ncr/jw-lounge-jw-marriott-new-delhi-aerocity-new-delhi,"Asset Area 4, Hospitality District, Aerocity, New Delhi",9.11145E+11,28.5532147,77.1219995,"cheese cigars, chicken tenders, panneer butter masala, panner tikka, daal makhni, spring roll","ample seating area, packed on weekends, seating arrangement, main course, presentation, decor"
Social Affaire,"Continental, American, Italian, North Indian, Chinese, Thai",2100,"karol bagh, new delhi",4.0,177,3.0,191,https://www.zomato.com/ncr/social-affaire-1-karol-bagh-new-delhi,"17A/12, Ground Floor, Pusa Road, Near Metro Pillar 98, 99, Karol Bagh, New Delhi",9.2E+11,28.64516653,77.1902911,"portions, main course, great food, good food, menu, staff",not specified
Panda Wokk,"Chinese, Thai, Seafood",1000,"greater kailash 3 (gk3), new delhi",4.0,183,4.1,3052,https://www.zomato.com/ncr/panda-wokk-greater-kailash-gk-3-new-delhi,"23-24, Near HDFC Bank, Masjid Moth, Greater Kailash 3 (GK 3), New Delhi",9.11141E+11,28.53768361,77.23914854,"lip smacking food, economical, reasonable prices, tasty food, seating, good service",not specified
Nivetha Dosa Corner,"South Indian, Chinese",200,"rohini, new delhi",4.0,350,4.1,10300,https://www.zomato.com/ncr/nivetha-dosa-corner-rohini-new-delhi,"Shop 349, Block A 1, Dividing Road 6 &7, Rohini, New Delhi",9.19081E+11,28.70840142,77.11131312,"cashless payments, best staff, customizable dishes, weekend brunch, good music, recommended place",not specified
Urban Room,"Modern Indian, North Indian",1600,"east of kailash, new delhi",4.0,135,0.0,10,https://www.zomato.com/ncr/urban-room-east-of-kailash-new-delhi,"F-39, Block F, East of Kailash, New Delhi",9.17043E+11,28.55519822,77.24316716,"chinese, portions, courteous staff, decor, main course, best place",not specified
Daitchi,"Chinese, Japanese, North Indian, Goan",1100,"south extension 2, new delhi",4.0,403,0.0,1,https://www.zomato.com/ncr/daitchi-south-extension-2-new-delhi,"E-19-A, Main Market, South Extension 2, New Delhi",9.11126E+11,28.56812445,77.21980345,"veg fish, achari chaap roll, tandoori chaap, masala chaap, roomali roti, keema","elegantly decorated, pocket friendly, good crowd, polite staff, quick service, owner"
Sardarji Malai Chaap Wale,"North Indian, Rolls",300,"subhash nagar, new delhi",4.0,549,3.8,4687,https://www.zomato.com/ncr/sardarji-malai-chaap-wale-subhash-nagar-new-delhi,"Shop 7, Subhash Nagar, New Delhi",9.19314E+11,28.63783116,77.11353801,"best location, live singing, rooftop, singer, awesome music, cosy place",not specified
Typsy Crow,"North Indian, Italian, Pizza, Chinese, Continental, Beverages",1000,"sda market, sda, new delhi",4.0,865,0.0,3,https://www.zomato.com/ncr/typsy-crow-sda-new-delhi,"C 8, 2nd Floor, SDA Market, SDA, New Delhi",9.11142E+11,28.54677953,77.19706569,not specified,not specified
Longitude - Le Meridien,Cafe,2000,"le meridien, janpath, new delhi",4.0,153,0.0,0,https://www.zomato.com/ncr/longitude-le-meridien-janpath-new-delhi,"Le Meridien, Windsor Place, Janpath, New Delhi",9.18448E+11,28.61874044,77.21868865,"tandoori pasta, red pasta, farm fresh pizza, mixed sauce pasta, margarita pizza, cheese garlic bread","cute little place, low price, pocket friendly, great recommendations, good crowd, prompt service"
White Hart Pizza,"Pizza, Fast Food, Desserts",400,"vasundhara, ghaziabad",4.0,271,4.2,8600,https://www.zomato.com/ncr/white-hart-pizza-vasundhara-ghaziabad,"Near Agrasen Chowk, Vasundhara, Ghaziabad",9.1991E+11,28.65313395,77.35373586,"location, courteous staff, main course, great place, good food, ambience",not specified
Basil & Thyme,"Continental, European",2200,"sunder nagar, new delhi",4.0,175,0.0,0,https://www.zomato.com/ncr/basil-thyme-sunder-nagar-new-delhi,"28, Sunder Nagar Market, Sunder Nagar, New Delhi",9.11144E+11,28.60117488,77.24143211,"meat curry, keema kaleji, mutton biryani, briyani, chicken biryani, spicy food","office crowd, low price, great recommendations, polite staff, decent place, excellent food"
Anand Restaurant,"North Indian, Mughlai, Biryani",500,"connaught place, new delhi",4.0,933,0.0,1,https://www.zomato.com/ncr/anand-restaurant-connaught-place-new-delhi,"15/96, Scindia House, Connaught Place, New Delhi",9.11123E+11,28.62902386,77.22092293,"gobhi samosa, matar samosa, raj kachori, gulab jamun, sweets","cordial staff, good portions, prompt service, good place, price, quality"
Kanwarji's,"Street Food, Chinese, North Indian, Mithai",300,"chandni chowk, new delhi",4.0,348,4.2,18,https://www.zomato.com/ncr/kanwarjis-chandni-chowk-new-delhi,"1972-1973, Corner Gali Paranthe, Opposite Central Bank, Chandni Chowk, New Delhi",9.11165E+11,28.65631881,77.2306855,"mughlai food, chicken curry, fish tikka, tandoori chicken","family restaurant, friendly service, comfortable seating, excellent food, excellent service, portion size"
New Minar,"North Indian, Mughlai",1300,"m block market, greater kailash 1 (gk1), new delhi",4.0,379,4.2,1531,https://www.zomato.com/ncr/new-minar-greater-kailash-gk-1-new-delhi,"M-65, M Block Market, Greater Kailash (GK 1), New Delhi",9.1981E+11,28.55088087,77.23437589,"gun powder dosa, plain masala dosa, vada sambar, raj kachori, spring roll","good for large groups, ample seating area, family place, family crowd, interior, environment"
Ds Dosa Factory,"South Indian, Chinese, North Indian",700,"vaishali, ghaziabad",4.0,332,3.9,1112,https://www.zomato.com/ncr/ds-dosa-factory-vaishali-ghaziabad,"Plot 1, Ground Floor, Near Mahagun Mall, Vaishali, Ghaziabad",9.19811E+11,28.64413727,77.33473442,"aloo poori, rabri faluda, matar kulcha, raj kachori, idli, dosa","bang for the buck, cute little place, good crowd, comfort food, low price, great ambiance"
Shyam Dairy,"North Indian, Chinese, South Indian, Street Food, Fast Food, Mithai, Desserts, Beverages",450,"vasundhara, ghaziabad",4.0,357,4.0,15700,https://www.zomato.com/ncr/shyam-dairy-1-vasundhara-ghaziabad,"21/22, Sector 15 C, Near Atal Chowk, Vasundhara, Ghaziabad",9.19872E+11,28.65527348,77.35957202,"pocket friendly, polite staff, packing, food quality, prices, value for money",not specified
Anupam Sweet,"Chinese, South Indian, Street Food, Mithai",400,"sector 15, faridabad",4.0,407,4.2,5262,https://www.zomato.com/ncr/anupam-sweet-sector-15-faridabad,"SCF 74, Sector 15 Market, Sector 15, Faridabad",9.11294E+11,28.3948816,77.32219577,"good portions, polite staff, price, ambience, experience, quality",not specified
Rajindra Refreshment Corner,"North Indian, Street Food",150,"karampura, new delhi",4.0,172,3.9,95,https://www.zomato.com/ncr/rajindra-refreshment-corner-karampura-new-delhi,"Opposite Milan Cinema, Karampura, New Delhi",9.2E+11,28.66230844,77.14657713,"weekend brunch, good wifi, elaborate menu, student crowd, customizable food, fresh food",not specified
Tasty Mornings,"North Indian, Chinese, Sandwich, Burger, Healthy Food, Beverages",500,"sector 62, noida",4.0,195,3.4,131,https://www.zomato.com/ncr/tasty-mornings-sector-62-noida,"RN34, Block B, Sector 62, Noida",9.19819E+11,28.6188359,77.3705141,"chingri pulao, kasha mangsho, bhetki paturi, authentic bengali food, thali, biryani","bengali music, ample seating area, authenticity, serving size, courteous staff, excellent food"
Bijoli Grill,"Bengali, Chinese, Rolls",800,"good earth city center, sector 50, gurgaon",4.0,293,3.9,1610,https://www.zomato.com/ncr/bijoli-grill-sector-50,"Shop 156/143, Good Earth City Center, Opposite Malibu Town, Sector 50, Gurgaon",9.11244E+11,28.42122585,77.0531692,"breakfast, quick service, preparation, value for money, packaging, taste",not specified
Standard Corner,North Indian,150,"rajinder nagar, new delhi",4.0,208,4.3,1533,https://www.zomato.com/ncr/standard-corner-rajinder-nagar-new-delhi,"99, Old Rajinder Nagar, Near Rajinder Nagar, New Delhi",9.11126E+11,28.64022759,77.18503028,"customizations available, plenty of vegetarian options, chirpy crowd, economical, cozy ambiance, cordial staff",not specified
Pizza Vizza,"Pizza, Fast Food",500,"mayur vihar phase 1, new delhi",4.0,336,4.1,13600,https://www.zomato.com/ncr/pizza-vizza-mayur-vihar-new-delhi,"B-14, Shop 2, Ground Floor, Acharya Niketan, Mayur Vihar Phase 1, New Delhi",9.2E+11,28.60775,77.294304,"lime mojito, tandoori fries, peri fries, oreo shake, shakes, pizzas","cozy ambiance, economical, live kitchen, not very crowded, pocket friendly, polite staff"
Love Grill,"Italian, Fast Food, Beverages",700,"delhi university-gtb nagar, new delhi",4.0,254,3.9,110,https://www.zomato.com/ncr/love-grill-delhi-university-gtb-nagar-new-delhi,"Shop 1, CSC DDA Market, Hudson Lane, Delhi University-GTB Nagar, New Delhi",9.17835E+11,28.69446,77.20517,"get a complimentary night, earn up to 50% of spends as points at 250+ restaurants & much more. know more",not specified
Larry's China - Ambassador,"Chinese, Seafood, Desserts",4000,"ambassador, khan market, new delhi",4.0,216,0.0,0,https://www.zomato.com/ncr/larrys-china-ambassador-khan-market-new-delhi,"Ambassador, Subramania Bharti Marg, Sujan Singh Park, Khan Market, New Delhi",9.11166E+11,28.60005541,77.22600807,"bengali sweets, dhokla, golgappe, pao bhaji, chaat, chole bhature","good for families, street food, clean, family restaurant, breakfast, best places"
Bengali Sweet Centre,"Mithai, North Indian, South Indian, Chinese, Fast Food, Beverages",500,"south extension 1, new delhi",4.0,898,4.0,12600,https://www.zomato.com/ncr/bengali-sweet-centre-south-extension-1-new-delhi,"G19, Main Market, South Extension 1, New Delhi",9.11125E+11,28.56950073,77.2210148,"chicken korma, rumali roti, afghani chicken, butter naan, rolls, butter chicken","cozy ambiance, cute little place, pocket friendly, portion size, courteous staff, owner"
Juneja's Eating Plaza,"North Indian, Chinese, Fast Food, Rolls",500,"lodhi colony, new delhi",4.0,360,4.0,1058,https://www.zomato.com/ncr/junejas-eating-plaza-lodhi-colony-new-delhi,"74, Mehar Chand Market, Lodhi Colony, New Delhi",9.11125E+11,28.58445989,77.22660251,"coffee and doughnuts, choco walnut cake, paneer puff, strawberry cake, vanilla cake, white forest cake","cute cupcakes, highly customizable cakes, fluffy cakes, pretty decor, coffee date, decorations"
Cake For You,"Bakery, Desserts",300,"dlf phase 4, gurgaon",4.0,301,4.0,2209,https://www.zomato.com/ncr/cake-for-you-dlf-phase-4,"Plot 448, Sector 27, Near Supermart 1, DLF Phase 4, Gurgaon",9.19711E+11,28.4643601,77.08997011,"concept, friendly staff, owner, cafe, great place, ambience",not specified
Bob's,"Cafe, Beverages, Fast Food",400,"nirvana courtyard, sector 50, gurgaon",4.0,172,4.2,503,https://www.zomato.com/bobsshakesin,"C-21, Nirvana Courtyard, Nirvana Country, Sector 50, Gurgaon",9.19812E+11,28.41395568,77.0655429,"tandoori veg platter, murgh malai tikka, chicken tikka pizza, veg spring rolls, honey chilli potatoes, chicken 65","sheesha, hookah, prime location, decent ambience, comfortable seating, light music"
Prime Street Cafe,"North Indian, Chinese, Italian, Pizza, Mughlai, Fast Food, Beverages",1000,"connaught place, new delhi",4.0,1475,3.9,71,https://www.zomato.com/ncr/prime-street-cafe-connaught-place-new-delhi,"12/13, 1st Floor, F- Block, Inner Circle, Opposite Rajiv Chowk Metro Gate 5, Connaught Place, New Delhi",9.11144E+11,28.63155027,77.22050652,"chicken momos, pasta, starters, paneer tikka, biryani","ample seating area, good for large groups, relaxed atmosphere, serving size, great value, theme"
The Food Workshop,"North Indian, Chinese, Fast Food, Continental, Beverages",700,"raj nagar, ghaziabad",4.0,549,4.0,3350,https://www.zomato.com/ncr/the-food-workshop-raj-nagar-ghaziabad,"C 84, RDC, Near Petrol Pump, Raj Nagar, Ghaziabad",9.11204E+11,28.67699112,77.44288713,"punjabi chicken, andhra chicken curry, chicken 65, palak paneer, mutton curry, chilli potatoes","gastronomical experience, live music, fancy crowd, great restaurant, atmosphere, waiter"
Aromas of Pind,"North Indian, Chinese, Kebab, Italian, Mughlai, Beverages",700,"mathura road, new delhi",4.0,623,4.0,1860,https://www.zomato.com/ncr/aromas-of-pind-mathura-road-new-delhi,"A38, Mohan Cooperative, Mathura Road, New Delhi",9.18528E+11,28.51719692,77.29582523,"chicken burrah, chicken soup, tawa chicken, panner tikka, kebabs, mutton","ample seating area, good options, good quality food, tamper proof packaging, portion, main course"
Kays Bar-Be-Que,"North Indian, Mughlai, Seafood",800,"ashok vihar phase 1, new delhi",4.0,380,4.0,1366,https://www.zomato.com/ncr/kays-bar-be-que-ashok-vihar-new-delhi,"29, Community Center, Ashok Vihar Phase 1, New Delhi",9.11127E+11,28.6932961,77.17302706,"bang for the buck, elegantly decorated, cozy ambiance, economical, polite staff, great recommendations",not specified
Amigos Kitchen And Grill,"North Indian, Fast Food",800,"raj nagar, ghaziabad",4.0,69,3.9,273,https://www.zomato.com/ncr/amigos-kitchen-and-grill-raj-nagar-ghaziabad,"B 34, RDC, Raj Nagar, Ghaziabad",9.19354E+11,28.67375512,77.44362138,"matar mushroom, veg tandoori platter, mixed vegetables, chicken rara, dum biryani, afghani chicken","late night delivery, chirpy crowd, elegantly decorated, cute little place, pocket friendly, good crowd"
HR-51,"North Indian, Rolls, Mughlai, Chinese, Kebab",600,"sector 31, faridabad",4.0,724,3.9,15800,https://www.zomato.com/ncr/hr-51-sector-31-faridabad,"24/25, Huda Market, Sector 31, Faridabad",9.19212E+11,28.44649286,77.3168974,"worth the money, elaborate menu, good quality, delicious food, fresh food, good food",not specified
Mohinga The Taste of Myanmar,"Burmese, Momos, Beverages",500,"safdarjung, new delhi",4.0,71,4.0,175,https://www.zomato.com/ncr/mohinga-the-taste-of-myanmar-safdarjung-new-delhi,"Shop 2, 70E, Humayunpur, Safdarjung, New Delhi",9.17983E+11,28.5614663,77.19378166,"changezi chicken, chicken korma, rumali roti, veg biryani","tasty, good taste, price, ambiance, good food, quality"
Shama Chicken Corner,North Indian,400,"sohna road, gurgaon",4.0,555,3.8,16700,https://www.zomato.com/ncr/shama-chicken-corner-sohna-road,"Shop 17, Fazilpur Chowk, Near Omaxe City Center, Sohna Road, Gurgaon",9.19718E+11,28.41154938,77.04229888,"office crowd, casual seating area, good portions, cute little place, pocket friendly, great recommendations",not specified
Qwick Grab Kathi Rolls & More,"Rolls, Beverages",300,"chander nagar, new delhi",4.0,197,4.1,11400,https://www.zomato.com/ncr/qwick-grab-kathi-rolls-more-chander-nagar-new-delhi,"Shop 1, 2nd Floor, Satnam Park, Chander Nagar, New Delhi",9.18861E+11,28.655117,77.282173,"comfort food, great recommendations, hygiene, worth the money, good food",not specified
Amma Mess,"South Indian, North Indian, Chettinad",400,"karol bagh, new delhi",4.0,262,4.3,3174,https://www.zomato.com/ncr/amma-mess-karol-bagh-new-delhi,"19 & 20, Shastri Market, Gurudwara Road, Karol Bagh, New Delhi",9.19819E+11,28.64715498,77.19195273,quirky decor incorporating a small library and few board games,not specified
Our Story Pub By Sherlock's,"North Indian, Mughlai, Chinese, Fast Food",1800,"sector 18, noida",4.0,667,3.8,156,https://www.zomato.com/ncr/our-story-pub-by-sherlocks-sector-18-noida,"G-38, 1st Floor, Sector 18, Noida",9.17017E+11,28.56939767,77.32370351,"kheer, honey chilli potatoes, drink, mushroom, raita, starters","good quality food, excellent food, nice food, preparation, main course, nice ambience"
Fiery Grillss,"North Indian, Chinese, Thai, Continental, Mughlai, Fast Food, Desserts, Beverages",850,"crown plaza mall, sector 15, faridabad, faridabad",4.0,374,4.0,4123,https://www.zomato.com/ncr/fiery-grillss-sector-15-faridabad,"6, Lower Ground Floor, Crown Plaza Mall, Sector 15, Faridabad",9.2E+11,28.39811379,77.31288247,"butter chicken, butter naan, dal makhni, chicken tikka, pasta, noodles","family place, good quality food, crowd, location, good taste, great food"
Chaskaa,"Chinese, North Indian, Fast Food",400,"anand vihar, new delhi",4.0,484,4.1,7622,https://www.zomato.com/ncr/chaskaa-anand-vihar-new-delhi,"Kamal Complex, Local Shopping Centre, Surajmal Vihar, Anand Vihar, New Delhi",9.11143E+11,28.65982102,77.30652329,"roll mushrooms, mango cooler, brownie sizzler, kiwi mojito, summer cooler, banoffee pie","hookah, sheesha, decent price, cozy, dj, fancy crowd"
Pipeline Cafe,"Cafe, Italian, Chinese",800,"satyaniketan, new delhi",4.0,700,3.9,652,https://www.zomato.com/ncr/pipeline-cafe-satyaniketan-new-delhi,"Shop 37, 2nd Floor, Satyaniketan, New Delhi",9.2E+11,28.58809639,77.16785375,"gourmet sandwich, belgian fries, mushroom patty, mushroom sandwich, hot coffee, onion rings","not very crowded, elegantly decorated, pocket friendly, cosy place, great ambiance, polite staff"
Big Fat Sandwich,"American, Pizza, Sandwich, Fast Food, Salad, Beverages, Desserts",1000,"hauz khas, new delhi",4.0,521,4.0,3642,https://www.zomato.com/ncr/big-fat-sandwich-hauz-khas-new-delhi,"A 15/A, Market Lane, Block E, Hauz Khas, New Delhi",9.11149E+11,28.55297713,77.20773518,"grilled chicken, wine, salads, desserts, coffee, drinks","friendly service, cozy place, decor, friendly staff, chef, ambiance"
Latitude 28,"Fast Food, North Indian, Italian, Beverages, Desserts",2000,"khan market, new delhi",4.0,257,0.0,3,https://www.zomato.com/ncr/latitude-28-khan-market-new-delhi,"9, 2nd Floor, Khan Market, New Delhi",9.17827E+11,28.59980314,77.22663905,"relaxed atmosphere, family crowd, hospitality, decor, table, main course",not specified
Culinaria By Pikwik,"North Indian, Chinese, Continental, Thai",1000,"pitampura, new delhi",4.0,156,3.9,611,https://www.zomato.com/ncr/culinaria-by-pikwik-pitampura-new-delhi,"66, Shakti Vihar, Pitampura, New Delhi",9.1729E+11,28.69405783,77.13062737,"lahori chicken, jeera rice, honey chilli potato, paneer tikka, pasta, pizza","pocket friendly, casual seating area, not very crowded, fast delivery service, comfort food, good packing"
Yummy Tummy,"North Indian, Mughlai",400,"sector 72, noida",4.0,169,3.6,1121,https://www.zomato.com/ncr/yummy-tummy-sector-72-noida,"SD-08, Near 24/7 Fitness Gym, Sector 116, Near Sector 72, Noida",9.1886E+11,28.56875076,77.39512235,"waffles, virgin mojito, juice, nachos, white sauce pasta, chocolate","food service, very affordable, cafe, decor, interior, nice ambience"
Cafe Russmunch,"Fast Food, Desserts, Beverages, Italian",500,"pitampura, new delhi",4.0,347,4.0,919,https://www.zomato.com/ncr/cafe-russmunch-pitampura-new-delhi,"8, Chanderlok Enclave, Pitampura, New Delhi",9.19812E+11,28.69033678,77.13559885,"chicken fried momos, cheesecake, chicken tikka, biryani","customizable dishes, outdoor seating, good wifi, weekend brunch, family crowd, good music"
Bawarchi Baba,"North Indian, Chinese, Mughlai, South Indian, Fast Food, Biryani",600,"amrapali dream valley, greater noida",4.0,157,3.9,2155,https://www.zomato.com/ncr/bawarchi-baba-amrapali-dream-valley-greater-noida,"LG 18, Lower Ground, Icon Leisure Valley, Techzone 4, Amarpali Dream Valley, Greater Noida",9.1993E+11,28.58698649,77.43842192,"chocolate silk, chocochip cake, truffle pastries, paneer puff, red velvet cake, cakes","cute cupcakes, highly customizable cakes, coffee date, packed on weekends, good packaging, fast delivery"
The Cake Villa,"Bakery, Fast Food, Chinese",400,"mukherjee nagar, new delhi",4.0,328,4.0,1880,https://www.zomato.com/ncr/the-cake-villa-mukherjee-nagar-new-delhi,"207, Ground Floor, Main Road, Bhai Parmanand Colony, Mukherjee Nagar, New Delhi",9.18801E+11,28.71040044,77.20784582,not specified,not specified
Devan's,"Coffee, Tea",300,"lodhi colony, new delhi",4.0,52,3.9,146,https://www.zomato.com/ncr/devans-lodhi-colony-new-delhi,"131, Khanna Market, Lodhi Colony, New Delhi",9.11125E+11,28.5799369,77.2219498,"soya chaap masala, panneer butter masala, oreo shake, spring roll, mocktails, white sauce pasta","rooftop, live music, view, great ambiance, family crowd, interior"
The Reset,"Asian, Italian, North Indian",1200,"rohini, new delhi",4.0,524,3.7,102,https://www.zomato.com/ncr/the-reset-rohini-new-delhi,"3, Pocket F/19, Sector 8, Rohini, New Delhi",9.11147E+11,28.69976004,77.11832609,"death by chocolate, tiramisu, lasagna, pastas, pizzas, desserts","decor, good ambience, music, nice ambience, main course, nice place"
Ego Obsession,"Italian, Pizza, Pasta, Desserts, Beverages",1900,"community centre, new friends colony, new delhi",4.0,315,4.0,82,https://www.zomato.com/ncr/ego-obsession-new-friends-colony-new-delhi,"4, Community Centre, New Friends Colony, New Delhi",9.11126E+11,28.56233617,77.26844966,"get a complimentary night, earn up to 50% of spends as points at 250+ restaurants & much more. know more",not specified
Tease - Taj City Centre Gurugram,Finger Food,3400,"taj city centre gurugram, sector 44, gurgaon, gurgaon",4.0,145,0.0,0,https://www.zomato.com/ncr/tease-taj-city-centre-gurugram-sector-44,"Taj City Centre Gurugram, Near HUDA City Center Metro Station, Sector 44, Gurgaon",9.19655E+11,28.45513208,77.0705536,"punjabi tadka pasta, tandoori pasta, stuffed garlic bread, baked pasta, farmhouse pizza, mixed sauce pasta","low price, polite staff, seating, good quantity, tasty, good taste"
Pasta La Vista,"Italian, Beverages",400,"yusuf sarai, new delhi",4.0,745,4.1,8746,https://www.zomato.com/ncr/pasta-la-vista-yusuf-sarai-new-delhi,"S-4, Oriental House, Gulmohar Enclave, Near Kotak Mahindra Bank, Yusuf Sarai, New Delhi",9.19354E+11,28.55773553,77.20802587,"very cheap, desi vibes, pocket friendly, delivery time, value for money, chef",not specified
Aalam Chicken Corner,"Mughlai, North Indian, Biryani",500,"mayapuri phase 2, new delhi",4.0,370,4.2,12200,https://www.zomato.com/ncr/aalam-chicken-corner-mayapuri-phase-2-new-delhi,"BE 324, Street 4, Hari Nagar, Mayapuri Phase 2, New Delhi",9.19873E+11,28.6308287,77.12018386,"onion naan, kurkure momo, kadai paneer, shahi paneer, roll, momos","pocket friendly, low price, great recommendations, interior, spicy, table"
Wah Ji Wah,"North Indian, Chinese, Rolls, Kebab",400,"rohini, new delhi",4.0,422,3.8,21100,https://www.zomato.com/ncr/wah-ji-wah-4-rohini-new-delhi,"A-36, Surya Market, Budh Vihar, Phase 1, Rohini, New Delhi",9.17835E+11,28.70587039,77.08534498,"paneer chilla, corn salad, healthy breakfast, poha, grilled fish, paneer tikka","great for birthdays, excellent variety, pocket friendly prices, healthy food, breakfast, cafe"
Sehat Cafe,"North Indian, Healthy Food, Fast Food, Beverages",600,"sector 7, dwarka, new delhi",4.0,175,4.1,4949,https://www.zomato.com/ncr/sehat-cafe-sector-7-dwarka-new-delhi,"Plot C -708A, Block C, Near Shiksha Bharti School, Palam Extension, Sector 7, Dwarka, New Delhi",9.11146E+11,28.5853125,77.06821337,"chocolate truffle cake, cakes, tea, breads, chocolate, desserts",not specified
Sidewalk - Hyatt Regency,"Bakery, Desserts, Fast Food, Beverages",1000,"hyatt regency, bhikaji cama place, new delhi",4.0,133,4.0,154,https://www.zomato.com/ncr/sidewalk-hyatt-regency-bhikaji-cama-place-new-delhi,"Hyatt Regency, Bhikaji Cama Place, New Delhi",9.11167E+11,28.56940238,77.18599454,"bhalla papri, chaat, noodle, spring roll, burger, momos",not specified
Chinu Chaat Bhandar,"North Indian, Chinese, Rolls",300,"tagore garden, new delhi",4.0,182,4.3,915,https://www.zomato.com/ncr/chinu-chaat-bhandar-tagore-garden-new-delhi,"Shop 533, Tagore Garden, New Delhi",9.19971E+11,28.64921196,77.11608008,"elaborate menu, customizable food, fresh food, good quality, price, service",not specified
Raju Vaishno Dhaba,North Indian,250,"old railway road, gurgaon",4.0,151,0.0,0,https://www.zomato.com/ncr/raju-vaishno-dhaba-old-railway-road,"513/18, Rajiv Chowk, Old Railway Road, Gurgaon",9.1999E+11,28.45109364,77.03133333,"gravy momo, fried rice chicken, dahi ke sholey, paneer momos, alfredo pasta, chilli potatoes","bang for the buck, not very crowded, drive through, casual seating area, servings, great recommendations"
Chalte Firte Momos & Special Foods,"Momos, Fast Food, Chinese, North Indian",300,"delhi university-gtb nagar, new delhi",4.0,641,3.8,15300,https://www.zomato.com/ncr/chalte-firte-momos-special-foods-delhi-university-gtb-nagar-new-delhi,"F-16B, Hudson Lane, Opposite NDPL Office, Delhi University-GTB Nagar, New Delhi",9.18596E+11,28.693478,77.204631,"tawa chicken, chicken curry, paneer lababdar, butter chicken, dal makhani","nice food, good quantity, excellent food, combo, reasonable price, portions"
Chawla Family Restaurant,"North Indian, Chinese, Mughlai, Rolls, Fast Food",750,"rajouri garden, new delhi",4.0,463,4.0,11300,https://www.zomato.com/ncr/chawla-family-restaurant-rajouri-garden-new-delhi,"G-1, 3, 4, 8, 10, 11 Plot 3, Vardhaman Plaza, Rajouri Garden, New Delhi",9.19811E+11,28.63870511,77.12019157,"baked pasta, drums of heaven, peri peri fries, chilli garlic noodles, nachos, sandwiches","great for birthdays, humble staff, more variety, fancy crowd, great ambiance, vibe"
Munchin Cafe,"Cafe, Mexican, Continental, Italian, Chinese, Pizza, Beverages",900,"sector 62, noida",4.0,285,4.1,818,https://www.zomato.com/ncr/munchin-cafe-sector-62-noida,"RN-11, Sector 62, Noida",9.17065E+11,28.61827542,77.36968227,"chicken chowmein, manchow soup, chilly garlic noodles, soups","comfort food, chinese, manager, reasonable prices, courteous staff, flavour"
China Fare,"Chinese, Seafood",1000,"khan market, new delhi",4.0,470,3.9,37,https://www.zomato.com/ncr/china-fare-khan-market-new-delhi,"Shop 48, Prithvi Raj Market, Khan Market, New Delhi",9.19812E+11,28.60060058,77.22584579,"kadhai paneer, chicken biryani, drinks, dal makhani, butter chicken, starters","comfortable seating, family crowd, best places, quick service, nice ambience, ambiance"
O2   Multicuisine Restaurant,"Finger Food, Chinese, North Indian, Mughlai",1400,"pitampura, new delhi",4.0,318,4.1,562,https://www.zomato.com/ncr/o2-multicuisine-restaurant-pitampura-new-delhi,"23 A, NN Tower, Block B, Road 44, Pitampura, New Delhi",9.199E+11,28.68830502,77.13503357,"mushroom patty, chocolate truffle cake, pastries, cakes, sandwiches, burgers",not specified
Kandy's Pastry Parlour,"Bakery, Desserts, Fast Food",400,"kalkaji, new delhi",4.0,317,4.2,1828,https://www.zomato.com/ncr/kandys-pastry-parlour-kalkaji-new-delhi,"B 30/B, Near B Block, Kalkaji, New Delhi",9.17838E+11,28.54300112,77.25302663,"chicken salami sandwich, peri fries, iced tea, burgers, sandwiches","bang for the buck, not very crowded, casual seating area, drive through, prompt service, great recommendations"
Grill Masters,"Burger, Sandwich, Fast Food, Beverages",300,"rohini, new delhi",4.0,289,4.2,2349,https://www.zomato.com/ncr/grill-masters-rohini-new-delhi,"Plot 146, Ground Floor, Pocket 17, Near Best Mega Mall, Sector 24, Rohini",9.18506E+11,28.72643208,77.09479172,"kadhi pakora, chana masala, panneer butter masala, palak paneer, kheer, daal makhani","amazing food, tasty, owner, nice place, quantity, ambience"
Pahalwan Vaishno Dhaba,North Indian,200,"azadpur, new delhi",4.0,260,0.0,0,https://www.zomato.com/ncr/pahalwan-vaishno-dhaba-azadpur-new-delhi,"297, Indra Nagar, A Block, Panchwathi, Azadpur, Delhi",9.11128E+11,28.71602942,77.17356887,"smash burger, chicken popcorn, strawberry shake, fries","quaint little place, owner, management, young crowd, great food, great portions"
Mmmelt,"Cafe, Burger, Pizza, Fast Food, Beverages",650,"sector 45, noida",4.0,144,4.1,1966,https://www.zomato.com/ncr/mmmelt-sector-45-noida,"Shop 30, Gardenia Glory Market, Sector 46, Near Sector 45, Noida",9.18588E+11,28.55023326,77.36021742,"tiramisu, thin crust pizza, cheesecake, coffee, pasta","variety of pizza, outdoor seating, weekend brunch, friendly staff, vibe, good wifi"
Caffé Bella Italia,"Cafe, Desserts, Italian, Beverages",600,"gwal pahari, gurgaon",4.0,134,0.0,2,https://www.zomato.com/ncr/caff-bella-italia-gwal-pahari,"GR-103, Ground Floor, Paras Trade Center, Sector-2, Gwal Pahari, Delhi NCR, Delhi NCR",9.17429E+11,28.4362812,77.1351471,"panneer butter masala, noodle, chilli garlic noodles, chole bhature, sweets","chirpy crowd, cozy ambiance, casual seating area, family restaurant, prompt service, interior"
Laddoo Gopal Sweets & Restaurant,"North Indian, Chinese, South Indian, Mithai, Street Food, Fast Food, Beverages",600,"shahdara, new delhi",4.0,545,3.7,6976,https://www.zomato.com/ncr/laddoo-gopal-sweets-restaurant-shahdara-new-delhi,"C-543, Chhajupur, Main 100 Feet Road, Shahdara, New Delhi",9.19774E+11,28.68940884,77.28566643,"quiche, cupcakes, red velvet, cappuccino, pastry, desserts","breakfast, reasonable prices, courteous staff, decor, presentation, great place"
Raro,Bakery,800,"defence colony main market, defence colony, new delhi",4.0,443,4.3,160,https://www.zomato.com/ncr/raro-defence-colony-new-delhi,"19, Defence Colony Market, Defence Colony, New Delhi",9.11146E+11,28.5732879,77.23023824,"dhaba dal, dahi ke sholey, afghani chaap, honey chilli potatoes, malai chaap, tandoori chicken","great recommendations, authentic food, great ambiance, prompt service, best food, delivery time"
The Grill Darbar,"North Indian, Mughlai, Chinese, South Indian, Continental, Beverages",500,"sector 86, faridabad",4.0,439,3.5,9283,https://www.zomato.com/ncr/the-grill-darbar-sector-86-faridabad,"SCO - 26, Amsterdam Street, Sector 79, Near Sector 86, Faridabad",9.11167E+11,28.38675866,77.35270221,"spicy chicken momo, chocolate bao, mango mojito, cheese spring roll, veg hakka noodles, kung pao chicken","highly recommended, good food good quality, not very crowded, live kitchen, economical, drive through"
Hong's Kitchen,"Chinese, Asian, Desserts, Beverages",500,"eros city square mall, sector 49, gurgaon, gurgaon",4.0,375,3.8,4058,https://www.zomato.com/ncr/hongs-kitchen-sector-49,"Eros City Square Mall, Sector 49, Gurgaon, Gurgaon",18605001234,28.41276316,77.05535084,"oreo crush, kiwi crush, tofu burger, kit kat shake, hot coffee, ice tea","office crowd, economical, cozy ambiance, inexpensive, great ambiance, good crowd"
Hungry Hackers,"Burger, Sandwich, Fast Food, Beverages",300,"jaipuria sunrise plaza, indirapuram, ghaziabad",4.0,366,4.1,1502,https://www.zomato.com/ncr/hungry-hackers-indirapuram-ghaziabad,"Sd-122, Jaipuria Sunrise Plaza, Indirapuram, Ghaziabad",9.11204E+11,28.64027967,77.37778354,"chicken spring roll, afghani chicken, veg momos, pav bhaji, momo, rolls","elegantly decorated, low price, good crowd, polite staff, prompt service, best places"
Mom's Kitchen,"North Indian, Chinese, Momos, Rolls, Fast Food, Bengali",450,"chittaranjan park, new delhi",4.0,264,3.9,6099,https://www.zomato.com/ncr/moms-kitchen-chittaranjan-park-new-delhi,"Shop 32, Market 4, Chittaranjan Park, New Delhi",9.19958E+11,28.53706507,77.24843167,"chinese, great recommendations, preparation, portion, great taste, best place",not specified
The Dim Sum House,"Chinese, Thai, Continental, Momos, Fast Food",650,"rodeo drive, sector 49, gurgaon, gurgaon",4.0,138,4.2,1670,https://www.zomato.com/ncr/the-dim-sum-house-sector-49,"DG 11, Rodeo Drive, Sector 49, Delhi NCR, Delhi NCR",9.1771E+11,28.41972616,77.05183312,not specified,not specified
Frontier - The Ashok,"North Indian, Mughlai",3600,"the ashok, chanakyapuri, new delhi",4.0,131,0.0,0,https://www.zomato.com/ncr/frontier-the-ashok-chanakyapuri-new-delhi,"50-B, The Ashok, Diplomatic Enclave, Chanakyapuri, New Delhi",9.11126E+11,28.59565601,77.19672538,"chilli paneer dry, panneer butter masala, kadhai paneer, shahi paneer, dal makhani, paneer tikka","peaceful environment, polite, good quality food, decent place, food taste, courteous staff"
Baraamda,"Chinese, North Indian, Mughlai, Desserts, Beverages",800,"sector 72, noida",4.0,228,3.8,1451,https://www.zomato.com/ncr/baraamda-sector-72-noida,"PK-A9, Sector 122, Near Sector 72, Noida",9.1999E+11,28.59071063,77.4036045,"relaxed atmosphere, comfortable seating area, main course, ambiance, prices, delicious food",not specified
The Grills Food Junction,"North Indian, Chinese, Mughlai, Biryani, Beverages",1000,"old railway road, gurgaon",4.0,91,4.3,142,https://www.zomato.com/ncr/the-grills-food-junction-old-railway-road,"Sco 6, Opposite Sidheshwar Chowk, Sohna Chowk, Old Railway Road, Gurgaon",9.19811E+11,28.45742126,77.02781394,"reshmi murgh, firni, mutton biriyani, chicken handi, chicken biriyani, egg biryani","comfortable seating area, relaxed atmosphere, family place, packed on weekends, great value, good quality food"
Aminia,"North Indian, Mughlai, Rolls, Biryani",800,"chittaranjan park, new delhi",4.0,358,4.1,2541,https://www.zomato.com/ncr/aminia-chittaranjan-park-new-delhi,"Shop 21, Market 3, Block A, Chittaranjan Park Road, Near Chittaranjan Park, New Delhi",9.1114E+11,28.54081188,77.24333715,"stuffed malai chaap, panner butter masala, gulab jamun, dal makhni, paneer tikka","good quantity, proper packaging, flavour, great portions, good food, service"
Shudh Vaishno Hotel,North Indian,450,"karampura, new delhi",4.0,227,4.1,5550,https://www.zomato.com/ncr/shudh-vaishno-hotel-karampura-new-delhi,"T 32-34, Super Market, New Moti Nagar, Near Milan Cinema, Karampura, New Delhi",9.11145E+11,28.66215193,77.14615971,"matka murgh, matki chicken, chicken soup, chicken biryani, butter chicken","sitting area, polite staff, portions, main course, great place, quantity"
Bawa's The Journey Of Spice,"North Indian, Mughlai, Chinese, Kebab, Rolls",800,"kirti nagar, new delhi",4.0,288,4.1,111,https://www.zomato.com/ncr/bawas-the-journey-of-spice-kirti-nagar-new-delhi,"42, DLF Industrial Area, Kirti Nagar, New Delhi",9.11125E+11,28.655247,77.14286562,"tornado potato, banana nutella, crepes, brownie waffle, chocolate waffle, pancake","totally worth it, pocket friendly, seating area, presentation, nice place, good place"
Waffles & Crepes,"Desserts, Beverages",250,"sector 37, noida",4.0,429,4.1,2754,https://www.zomato.com/ncr/waffles-crepes-sector-37-noida,"Shop 27, Godavri Market, Sector 37, Noida",9.11205E+11,28.5654216,77.34024905,"gravy momo, chilli mushroom, veg roll, chilli garlic noodles, chicken fried rice, egg roll","fresh foods, good food good quality, drive through, good crowd, great recommendations, best quality"
Golden China Hut,"Chinese, Burger, Momos, Rolls",400,"safdarjung, new delhi",4.0,368,4.0,6575,https://www.zomato.com/ncr/golden-china-hut-safdarjung-new-delhi,"C 65, Arjun Nagar, Block B7, Near Chota Gurudwara, Safdarjung, New Delhi",9.19654E+11,28.5605387,77.19907533,"prompt service, tasty food, music, good place, worth the money, good food",not specified
Dosa Plaza,"South Indian, Chinese, North Indian, Beverages",450,"shahdara, new delhi",4.0,230,4.0,4041,https://www.zomato.com/ncr/dosa-plaza-shahdara-new-delhi,"B-165, 1st Floor, Main Market Bhajanpura, Shahdara, New Delhi",9.196E+11,28.70143044,77.26038996,"teekha paneer, chicken salami sandwich, open sandwich, sandwiches, pizzas","great value, best food under best budget, portions, seating, spill proof packaging, value for money"
Caffé La Poya,"Fast Food, Sandwich, Italian",400,"sector 30, noida",4.0,247,4.3,2364,https://www.zomato.com/ncr/caffé-la-poya-sector-30-noida,"10, Kirtimaan Plaza, Near Mother Diary, Sector 30, Noida",9.11204E+11,28.57226619,77.34106645,"mud cake, carrot cake, coffees, pancakes, cappuccino, hot chocolate","free wifi, seating, decor, ambiance, music, best place"
Coffee House,"Cafe, Fast Food",400,"majnu ka tila, new delhi",4.0,175,0.0,0,https://www.zomato.com/ncr/coffee-house-majnu-ka-tila-new-delhi,"39, Basement, Majnu ka Tila, New Delhi",9.19717E+11,28.70372102,77.22844519,"good for families, breakfast, nice place, quality, experience, taste",not specified
Grover Mithaivala,"Mithai, Street Food, North Indian, Desserts",300,"jail road, new delhi",4.0,257,4.1,202,https://www.zomato.com/ncr/grover-mithaivala-jail-road-new-delhi,"B A-152/A, Near Red Light, Gurunanak Pura, Jail Road, New Delhi",9.11146E+11,28.63191694,77.09826082,"veg combo platter, chicken shawarama, barbeque chicken, soya chaap roll, paneer tikka pizza, shawarma","pocket friendly, low price, great packaging, polite staff, tamper proof packaging, prompt service"
The Munchin Co.,"Italian, North Indian, Chinese, Mughlai, Fast Food, Rolls",500,"vyapar kendra, sushant lok, gurgaon",4.0,181,4.0,3481,https://www.zomato.com/ncr/the-munchin-co-sushant-lok,"Shop 62, Upper Ground Floor, Vyapar Kender, Sushant Lok, Gurgaon",9.19971E+11,28.46004404,77.08389424,"owner, great place, quantity, prices, delicious food, ambience",not specified
Peshawari Chicken Corner,North Indian,500,"karol bagh, new delhi",4.0,298,4.0,3442,https://www.zomato.com/ncr/peshawari-chicken-corner-karol-bagh-new-delhi,"33-34 B, Prehlad Market, Ramjas Road, Karol Bagh, New Delhi",9.11129E+11,28.65442527,77.19025154,"shehnai chicken, mughlai food, malai kofta, tandoori chicken, tikka, dal makhani","relaxed atmosphere, decent place, best food, quick service, owner, courteous staff"
Mughal Darbar,"North Indian, Mughlai",650,"punjabi bagh, new delhi",4.0,329,4.1,2220,https://www.zomato.com/ncr/mughal-darbar-punjabi-bagh-new-delhi,"21, NWA, Club Road, Punjabi Bagh Extension, Punjabi Bagh, New Delhi",9.11125E+11,28.66660414,77.12191891,"naga pork thali, pork rib, chicken dry fry, pork fry, pork chilli, chicken thali","art, reasonable rates, theme, interior, owner, perfect place"
Bamboo Hut,Naga,600,"mukherjee nagar, new delhi",4.0,290,4.1,2716,https://www.zomato.com/ncr/bamboo-hut-mukherjee-nagar-new-delhi,"House 5, Gate 1, Indra Vihar, Mukherjee Nagar, New Delhi",9.19871E+11,28.70533489,77.21210416,"variety of pizza, beautiful ambience, view, beautiful place, outdoor seating, weekend brunch",not specified
VU The Penthouse Bar,"Modern Indian, European, Asian, Italian, Beverages",1200,"nehru place, new delhi",4.0,111,0.0,0,https://www.zomato.com/ncr/vu-the-penthouse-bar-nehru-place-new-delhi,"16th Floor, Eros Corporate Tower, Nehru Place, New Delhi",9.18595E+11,28.55053954,77.25216061,"ambiance, food quality, spicy, main course, great place, great food",not specified
Uncle's,"North Indian, Mughlai, Chinese",600,"sector 11, noida",4.0,302,3.9,2879,https://www.zomato.com/ncr/uncles-sector-11-noida,"S-17 &18, L Block Market, Sector 11, Noida",9.11203E+11,28.59769751,77.33568963,"veg white sauce pasta, mushroom sandwich, wraps, sandwiches, burgers, pasta","casual seating area, great recommendations, healthy food, reasonable prices, cafe, best place"
Fit Food 27,"Healthy Food, Fast Food, Beverages",350,"sector 27, noida",4.0,175,4.1,1695,https://www.zomato.com/ncr/fit-food-27-1-sector-27-noida,"Shop 29, D Block Market, Sector 27, Noida",9.19999E+11,28.57437409,77.32842922,"continental, italian, fast food, north indian, beverages, coffee",not specified
Rule The Rolls,"Rolls, North Indian, Kebab, Beverages",350,"sector 15, gurgaon",4.0,128,4.1,649,https://www.zomato.com/ncr/rule-the-rolls-sector-15,"32nd Avenue, NH-8, Part 2, Sector 15, Gurgaon",9.11245E+11,28.461479,77.049576,"macaroons, cup cakes, cupcakes, hot chocolate, coffees, tiramisu","luxury, best quality, breakfast, yummy food, friendly staff, perfect place"
Choko La,"Bakery, Desserts",400,"khan market, new delhi",4.0,435,4.5,158,https://www.zomato.com/ncr/choko-la-1-khan-market-new-delhi,"67-A, Khan Market, New Delhi",9.11142E+11,28.60006248,77.22655691,"deluxe veggie pizza, capsicum pizza, stuffed garlic bread, paneer pizza, mixed sauce pasta, pizzas","elegantly decorated, cute little place, good crowd, prompt service, great recommendations, reasonable prices"
Pizza81,"Pizza, Fast Food",500,"preet vihar, new delhi",4.0,443,3.9,7264,https://www.zomato.com/ncr/pizza81-1-preet-vihar-new-delhi,"Shop 9, DDA Market, Swasthya Vihar, Preet Vihar, New Delhi",9.17292E+11,28.64043651,77.28996299,"hazelnut brownie, vegetable dimsums, meal box, quick meal, hakka noodles","healthy food, concept, polite staff, customer service, quick service, friendly staff"
Wok To Walk,"Chinese, Asian, Beverages",500,"defence colony main market, defence colony, new delhi",4.0,595,3.9,2171,https://www.zomato.com/ncr/wok-to-walk-defence-colony-new-delhi,"Shop 30, Main Market, Defence Colony, New Delhi",9.19774E+11,28.57397101,77.23028921,"veg galauti, mutton galouti kabab, dahi kabab, paneer lababdar, paneer tikka, dal makhni","great buffet spread, extensive bar menu, fusion dishes, themed decor, comfortable seating area, family place"
Kasbah Forum,"North Indian, Mughlai",2400,"greater kailash 2 (gk2), new delhi",4.0,102,3.9,20,https://www.zomato.com/ncr/kasbah-forum-greater-kailash-gk-2-new-delhi,"M 74, Ground Floor, M Block, Greater Kailash 2 (GK 2), New Delhi",9.11142E+11,28.53289514,77.24319097,"spicy vada pav, vada pao, pao bhaji, pulao, dosa, salad","nice crowd, great recommendations, reasonable prices, prompt service, preparation, nice place"
Jhakkas Pav Bhaji Mumbai Wala,"Street Food, South Indian",300,"rohini, new delhi",4.0,450,3.7,5073,https://www.zomato.com/ncr/jhakkas-pav-bhaji-mumbai-wala-rohini-new-delhi,"Property 180, Pocket 15, Block E, Sector 8, Near Shiv Chowk, Rohini, New Delhi",9.19251E+11,28.7052946,77.12198898,"chicken shawarama, malai chaap roll, panneer butter masala, shawarma, afghani chicken, kabab","cute little place, low price, great recommendations, contactless delivery, perfect presentation, timely service"
The Delhi Munchery,"North Indian, Mughlai, Lebanese, Fast Food",500,"mayur vihar phase 1, new delhi",4.0,286,3.9,5053,https://www.zomato.com/ncr/the-delhi-munchery-mayur-vihar-new-delhi,"G-4 - G-5, Sikka Plaza, Gate 1, Opposite Anand Lok Society, Mayur Vihar Phase 1, New Delhi",9.19999E+11,28.60690157,77.29043406,"low price, polite staff, seating, food quality, value for money",not specified
Madras Cafe,"South Indian, Chinese",300,"rohini, new delhi",4.0,377,3.8,11100,https://www.zomato.com/ncr/madras-cafe-1-rohini-new-delhi,"D 12/231, Near Garg Sweets, Sector 7, Rohini, New Delhi",9.1991E+11,28.71101531,77.12022007,"chocolate hazelnut cake, mango pastry, vanilla cake, fresh fruit cake, chocolate truffle, red velvet","reasonable rates, hygiene, tamper proof packaging, cute packaging, tasty, wonderful presentation"
Box Of Cake,"Bakery, Fast Food, Desserts, Beverages",450,"sector 35, faridabad",4.0,239,4.2,2328,https://www.zomato.com/ncr/box-of-cake-sector-35-faridabad,"Shop 6, SCF 8, Ashoka Enclave Main Market, Sector 35, Faridabad",9.19954E+11,28.47143759,77.31093016,"veg crisp burger, lemon soda, loaded fries, wraps, burger, shakes","plenty of vegetarian options, lip smacking food, cozy ambiance, not very crowded, elegantly decorated, low price"
Burger Ji,"Burger, Fast Food, Beverages",300,"sector 49, gurgaon",4.0,297,3.4,4819,https://www.zomato.com/ncr/burger-ji-sector-49,"Shop 2, Opposite Community Centre, Sector 66, Near Sector 49, Gurgaon",9.19625E+11,28.39865303,77.04577637,"chocolate souffle, tiramisu jar, dry cake, banoffee pie, cheese cake, pastries","nice packaging, good wifi, best quality, customizable food, chef, elaborate menu"
Fuchsia Bakery & Patisserie,"Bakery, Desserts",300,"baani square, sector 50, gurgaon",4.0,235,4.0,203,https://www.zomato.com/ncr/fuchsia-bakery-patisserie-sector-50,"F-55, 1st Floor, Baani Square, Sector 50, Gurgaon",9.19871E+11,28.42538928,77.0570242,"spanner wings, meat orgy, vodka chicken, sausage, peri fries, sangria","happy hour, hookah, seating arrangements, decent ambience, great music, nice music"
Garage Inc.,"Continental, American, Italian, Salad",2400,"hauz khas village, new delhi",4.0,1121,3.9,341,https://www.zomato.com/ncr/garage-inc-hauz-khas-village-new-delhi,"30, 2nd Floor, Powerhouse Buliding, Hauz Khas Village, New Delhi",9.19911E+11,28.55393984,77.19480325,"rooftop ambience, cozy, cafe, courteous staff, decor, portion size",not specified
DeliBombay Cafe & Delicatessen,"Cafe, Fast Food, Desserts, Beverages, Italian",1000,"community centre, new friends colony, new delhi",4.0,221,4.2,130,https://www.zomato.com/ncr/delibombay-cafe-delicatessen-new-friends-colony-new-delhi,"1, Community Centre, New Friends Colony, New Delhi",9.1777E+11,28.56148485,77.26780493,"afghan chicken, chilli mushroom, chilly paneer, mocktails, hakka noodles, dessert","all staff good, good service and good food, relaxed atmosphere, comfortable seating area, live music, amazing ambience"
Crops & Curries,"North Indian, Chinese, Mediterranean, Italian",1000,"raj nagar, ghaziabad",4.0,304,3.5,299,https://www.zomato.com/ncr/crops-curries-raj-nagar-ghaziabad,"3rd Floor, VVIP Style Mall, Raj Nagar, Ghaziabad",9.18448E+11,28.69709881,77.42917635,"stuffed garlic bread, paneer pizza, pizzas, white sauce pasta","economical, lip smacking food, great recommendations, combos, low price, fast delivery"
Your's Pizza,"Pizza, Fast Food, Pasta",500,"raj nagar, ghaziabad",4.0,758,4.0,9427,https://www.zomato.com/ncr/yours-pizza-raj-nagar-ghaziabad,"RK/C6, Pintu Tyagi Marg, Raj Nagar, Ghaziabad",9.19599E+11,28.67494146,77.44412664,"chur chur naan thali, karahi paneer, matar mushroom, panneer butter masala, tawa roti, sahi paneer","plenty of vegetarian options, drive through, office crowd, pocket friendly, cozy ambiance, economical"
Apni Rasoi,"North Indian, Chinese, Momos, Desserts, Beverages",500,"mukherjee nagar, new delhi",4.0,664,3.8,1700,https://www.zomato.com/ncr/apni-rasoi-mukherjee-nagar-new-delhi,"867, Commercial Complex, Mukherjee Nagar, New Delhi",9.18528E+11,28.7123197,77.21538487,"poha, samosa, tandoori momos, sandwiches, shakes, burgers","good value, friendly place, awesome place, awesome food, quality food, decor"
Fu.D,"Continental, Beverages, Sandwich, North Indian, Fast Food",350,"sushant lok, gurgaon",4.0,319,4.2,8447,https://www.zomato.com/ncr/fud-1-sushant-lok,"9 C, Ground Floor, Vipul Square, Phase 1, Sushant Lok, Gurgaon",9.19561E+11,28.46471703,77.07975693,"veggie crunch, paneer dhokla, dry cake, pastries, sweets, cakes","environment, reasonable price, student crowd, young crowd, great place, quality food"
Manohar Cakes & Bikaneri,"Mithai, Bakery, Fast Food, Chinese",300,"vijay nagar, new delhi",4.0,383,4.2,3847,https://www.zomato.com/ncr/manohar-cakes-bikaneri-vijay-nagar-new-delhi,"C 28 & 29, Double Storey, Vijay Nagar, New Delhi",9.19213E+11,28.69141411,77.20129486,"good wifi, student crowd, elaborate menu, young crowd, customizable food, fresh food",not specified
Aggarwal Sweet India,"Mithai, Street Food",200,"mukherjee nagar, new delhi",4.0,293,4.1,7593,https://www.zomato.com/ncr/aggarwal-sweet-india-mukherjee-nagar-new-delhi,"Shop 642, Kings North Delhi, Mukherjee Nagar, New Delhi",9.11147E+11,28.71065392,77.2144568,"baked samosa, blueberry pastry, fresh fruit cake, pastries, chocolate truffle, cakes",not specified
Sir John Bakery Cafe,"Bakery, Fast Food, Chinese, Beverages",400,"indirapuram, ghaziabad",4.0,295,4.2,2160,https://www.zomato.com/ncr/sir-john-bakery-cafe-1-indirapuram-ghaziabad,"Shop 28 & 29, Eros Market Place, Shakti Khand 2, Indirapuram, Ghaziabad",9.19599E+11,28.64720383,77.37558078,"plenty of vegetarian options, cordial staff, casual seating area, cute little place, comfort food, great recommendations",not specified
Jacket Aloo,"Fast Food, Rolls, Burger, Pizza, Sandwich, Pasta, Beverages",500,"rodeo drive, sector 49, gurgaon, gurgaon",4.0,116,4.1,350,https://www.zomato.com/ncr/jacket-aloo-sector-49,"Market Complex 1, Rodeo Drive, Sector 49, Delhi NCR, Delhi NCR",9.18449E+11,28.41999036,77.05160849,"seating, good food, prices, quantity, service, taste",not specified
Suvidha Vegetarian,North Indian,450,"daryaganj, new delhi",4.0,211,3.9,104,https://www.zomato.com/ncr/suvidha-vegetarian-daryaganj-new-delhi,"3058, Near Golcha Cinema, Netaji Subhash Marg, Daryaganj, New Delhi",9.11123E+11,28.644197,77.24006955,"chilli garlic bread, choco lava cake, pastas, pizzas, white sauce pasta, sauce","quality of food, sitting arrangement, management, spill proof packaging, owner, ambiance"
Pizza AH!,"Pizza, Fast Food, Beverages",500,"palam, new delhi",4.0,178,4.3,198,https://www.zomato.com/ncr/pizza-ah-3-palam-new-delhi,"RZ-99/J, Main Palam Road, Raj Nagar 1, Palam, New Delhi",9.17043E+11,28.58749375,77.08468214,"soups, chicken momos, noodle, momo, spring rolls, chinese food","chinese, good quantity, reasonable price, quick service, courteous staff, nice food"
The Chinese Kitchen,"Chinese, Seafood, Thai",900,"sector 15, gurgaon",4.0,272,4.0,4854,https://www.zomato.com/ncr/the-chinese-kitchen-sector-15,"Shop 56 - 57, Part 2, HUDA Market, Sector 15, Gurgaon",9.19583E+11,28.45796686,77.04428539,"great lighting, worth the price, live music, courteous staff, great service, friendly staff",not specified
Paatra - Jaypee Siddharth,North Indian,3500,"jaypee siddharth, rajendra place, new delhi",4.0,244,0.0,0,https://www.zomato.com/ncr/paatra-jaypee-siddharth-rajendra-place-new-delhi,"Jaypee Siddharth, 3, Rajendra Place, New Delhi",9.11144E+11,28.64272313,77.17537165,"molten lava cake, dessert, drinks, snacks, dal makhani, sauce","magnificent view, roof top, rooftop ambience, live music, courteous staff, awesome place"
Hyjack,"Asian, Continental, North Indian",1800,"safdarjung, new delhi",4.0,435,0.0,4,https://www.zomato.com/ncr/hyjack-safdarjung-new-delhi,"B6/6, 2nd Floor, DDA Market, Safdarjung Enclave, Opposite Deer Park, Safdarjung, New Delhi",9.17903E+11,28.55901212,77.19609004,"masala momo, drums of heaven, tawa chicken, tandoori momos, soups, butter naan","good for large groups, ample seating area, family restaurant, chinese, decent place, interior"
Singh Ching,"North Indian, Mughlai, Asian",1000,"delhi university-gtb nagar, new delhi",4.0,697,4.0,6026,https://www.zomato.com/ncr/singh-ching-delhi-university-gtb-nagar-new-delhi,"2512, Hudson Lane, Near GTB Nagar Metro Station, Delhi University-GTB Nagar, New Delhi",9.19971E+11,28.69611447,77.20407061,"boondi raita, noodle, mutton rogan josh, malai chaap, paneer lababdar, chicken momos","gastronomical experience, packed on weekends, best food, good quantity, reasonable price, awesome food"
Heaven's Kitchen,"North Indian, Chinese, Biryani, Mughlai, Rolls, Momos, Fast Food, Beverages",400,"kalkaji, new delhi",4.0,407,3.9,6881,https://www.zomato.com/ncr/heavens-kitchen-kalkaji-new-delhi,"59-60, Mini Central Market, Near Mother Dairy, Kalkaji, New Delhi",9.19211E+11,28.53058787,77.25697115,"relaxed atmosphere, good ambience, ambiance, nice place, staff, quality",not specified
Pizza Hut,"Pizza, Fast Food, Desserts",400,"ansal plaza mall, palam vihar, gurgaon",4.0,299,4.0,2026,https://www.zomato.com/ncr/pizza-hut-palam-vihar,"A-01A, Ground Floor, Ansal Plaza Mall, Palam Vihar, Delhi NCR",18002022022,28.51138841,77.04230994,"bang for the buck, cute little place, lip smacking food, good portions, good crowd, casual seating area",not specified
New Punjabi Dhaba,North Indian,350,"rohini, new delhi",4.0,384,3.8,16500,https://www.zomato.com/ncr/new-punjabi-dhaba-rohini-new-delhi,"Shop 6, Pocket 26, Sector 24, Rohini, New Delhi",9.19205E+11,28.73088861,77.08827831,"view, great service, manager, decor, ambiance, presentation",not specified
Paatra - Jaypee Greens Golf & Spa Resort,North Indian,3500,"jaypee greens golf & spa resort, surajpur, greater noida",4.0,157,0.0,0,https://www.zomato.com/ncr/paatra-jaypee-greens-golf-spa-resort-jaypee-greens-greater-noida,"Jaypee Greens Golf & Spa Resort, G Block, Jaypee Greens, Noida",9.11207E+11,28.47009216,77.51846809,"pineapple curry, vindaloo, mushroom galauti, butter garlic prawns, shahi tukda, tacos","live kitchen, beautiful cafe, peaceful place, humble staff, relaxed atmosphere, great restaurant"
1440 - 24 Hrs Cafe,"Kebab, BBQ, Middle Eastern, North Indian",1800,"park inn by radisson, lajpat nagar 4, new delhi",4.0,150,3.9,14,https://www.zomato.com/ncr/1440-24-hrs-cafe-lajpat-nagar-4-new-delhi,"1-2, Ring Road, Lajpat Nagar 4, New Delhi",9.19999E+11,28.56362035,77.23466825,"white forest cake, choco truffle cake, red velvet cake, cheesecake, chocolate","design, good wifi, contactless delivery, student crowd, elaborate menu, perfect presentation"
The Cake House,"North Indian, Bakery",300,"sector 72, noida",4.0,98,3.6,703,https://www.zomato.com/ncr/the-cake-house-sector-72-noida,"Shop 10, Lakkhu Market, Sector 117, Near Sector 72, Noida",9.19582E+11,28.57309563,77.39895221,"good wifi, elaborate menu, good music, student crowd, customizable food, young crowd",not specified
Desi Corridor,"North Indian, Chinese, Fast Food",800,"sector 53, gurgaon",4.0,165,4.1,148,https://www.zomato.com/ncr/desi-corridor-sector-53,"Plot 88-E, Saraswati Kunj, Chaudhary Raghavendra Singh Road, Sector 53, Gurgaon",9.18069E+11,28.43815571,77.1031069,"choco fudge brownie, mushroom patty, choco truffle cake, quiche, cheese cakes, blueberry cheesecake","spill proof packaging, contactless delivery, good place, nice place, presentation, great place"
Open Oven Bakehouse,"Bakery, Desserts, Fast Food, Beverages",600,"greater kailash 2 (gk2), new delhi",4.0,470,4.1,2307,https://www.zomato.com/ncr/open-oven-bakehouse-greater-kailash-gk-2-new-delhi,"E-564, Greater Kailash (GK 2), New Delhi",9.11142E+11,28.53934569,77.24005882,"good taste, great taste, good food, quality, ambience, staff",not specified
K.K. Family Restaurant,"Chinese, North Indian, Mughlai",500,"tagore garden, new delhi",4.0,299,4.0,5882,https://www.zomato.com/ncr/k-k-family-restaurant-tagore-garden-new-delhi,"WZ-55/2, Tatarpur, Tagore Garden, New Delhi",9.11125E+11,28.6454725,77.1158684,"paneer patty, chocolate truffle, pastries, cakes, white sauce pasta, snacks","sitting arrangement, best place, good place, quality, staff, ambience"
Big Bake,"Chinese, Fast Food, Bakery",600,"pitampura, new delhi",4.0,397,0.0,0,https://www.zomato.com/ncr/big-bake-pitampura-new-delhi,"8, Vaishali Enclave, Opposite Pillar 353, Main Metro Road, Pitampura, New Delhi",9.11147E+11,28.69968063,77.13730238,"continental, italian, fast food, north indian, beverages, coffee",not specified
The Oberoi Patisserie And Delicatessen,"Bakery, Desserts, Fast Food",2000,"the oberoi, udyog vihar, gurgaon",4.0,77,0.0,0,https://www.zomato.com/ncr/the-oberoi-patisserie-and-delicatessen-udyog-vihar,"443, Phase 5, Udyog Vihar, Gurgaon",9.11242E+11,28.50194205,77.08699487,"paneer sandwich, thick shakes, veg burger, cold coffee, rolls, garlic bread","no plastic cups, affordable, fancy crowd, good quality food, nice food, young crowd"
Scoops,"Pizza, Burger, Fast Food, Ice Cream, Desserts, Beverages",400,"uttam nagar, new delhi",4.0,760,4.0,17100,https://www.zomato.com/ncr/scoops-uttam-nagar-new-delhi,"E-1, Bal Udyan Road, Block E, Block C, Uttam Nagar, New Delhi",9.19872E+11,28.62045363,77.05796935,"wheat momo, steamed chicken momos, pan fried momos, soup","awesome food, good taste, great taste, great food, good food, menu"
Momo Queen,"Momos, Tibetan, Chinese",500,"vasant kunj, new delhi",4.0,371,3.9,6842,https://www.zomato.com/ncr/momo-queen-vasant-kunj-new-delhi,"Shop 3, Sector C, Pocket 2, Opposite Vasant Vatika Park, Vasant Kunj, New Delhi",9.19811E+11,28.533985,77.14666,"vada sambar, mysore masala dosa, sambhar, dosa, chowmein","pocket friendly, comfort food, prompt service, polite staff, reasonable prices, menu"
Muttu South Indian Anna,"South Indian, Chinese",300,"lajpat nagar 4, new delhi",4.0,216,0.0,0,https://www.zomato.com/ncr/muttu-south-indian-anna-lajpat-nagar-4-new-delhi,"C-4/16, Amar Colony, Main Market, Lajpat Nagar 4, New Delhi",9.19999E+11,28.5625476,77.24432319,"milk pudding, coconut shake, milkcake, molten cake, sweet lime, craft beer","good bartenders, live sports screening, live entertainment, exceptional service, superb food, fancy crowd"
Inferno Brewpub,"North Indian, Chinese, Continental, Italian",1800,"sector 29, gurgaon",4.0,305,0.0,0,https://www.zomato.com/ncr/inferno-brewpub-sector-29,"Plot 6 & 7, 3rd Floor, Sector 29, Gurgaon",9.17428E+11,28.46857871,77.0640697,"masala chaap roll, panneer butter masala, panner tikka, veg fried rice, chilli potatoes, hakka noodles","good for large groups, relaxed atmosphere, comfortable seating area, family place, family crowd, student crowd"
Invitation Restaurant,"North Indian, Fast Food, Chinese, South Indian",600,"sector 86, faridabad",4.0,317,3.8,7210,https://www.zomato.com/ncr/invitation-restaurant-sector-86-faridabad,"SCO - 26, Amsterdam Street, Omaxe World Street, Sector 79, Near Sector 86, Faridabad",9.19999E+11,28.38675601,77.35285409,"great concept, excellent food, quick service, combo, tasty, portion",not specified
Wok Me,"Chinese, Asian",600,"hauz khas, new delhi",4.0,521,4.0,6193,https://www.zomato.com/ncr/wok-me-hauz-khas-new-delhi,"Shop 28, Ground Floor, Aurobindo Market, Hauz Khas, New Delhi",9.11141E+11,28.5523313,77.20396936,"mouth watering food, owner, good service, good food, good place, delicious food",not specified
Patiala Shahi,"North Indian, Mughlai",650,"rohini, new delhi",4.0,465,4.1,4940,https://www.zomato.com/ncr/patiala-shahi-rohini-new-delhi,"Shop 8, CSC 3, Sector 2, Rohini, New Delhi",9.19999E+11,28.6985016,77.1043875,"rainbow roll, poke bowl, spicy salmon, asparagus tempura, sushi, dimsums","polite staff, good place, delicious food, quantity, service"
Tobiko By Enoki,"Asian, Chinese, Japanese, Thai, Sushi, Poké",1000,"dlf phase 4, gurgaon",4.0,148,3.9,508,https://www.zomato.com/ncr/tobiko-by-enoki-dlf-phase-4,"F101, DLF Galleria Market, DLF Phase 4, Gurgaon",9.19668E+11,28.4680309,77.0812073,"fast delivery, excellent food, reasonable price, owner, portions, good food",not specified
Freedom Corner,"Chinese, Tibetan, Momos, Nepalese, Seafood",600,"safdarjung, new delhi",4.0,249,4.1,7826,https://www.zomato.com/ncr/freedom-corner-safdarjung-new-delhi,"C 119, Humayun Pur, Safdarjung Enclave, Safdarjung, New Delhi",9.11126E+11,28.56094655,77.19366666,"cute little place, prompt service, reasonable prices, worth the money, value for money, ambience",not specified
Flavours Of Southwala,"South Indian, Fast Food, Chinese, Beverages",500,"laxmi nagar, new delhi",4.0,181,4.1,679,https://www.zomato.com/ncr/flavours-of-southwala-laxmi-nagar-new-delhi,"D-355, Gate 5, Vikas Marg, Metro Station Road, Laxmi Nagar, New Delhi",9.19355E+11,28.63088638,77.27772273,"excellent food, excellent service, good ambience, awesome food, courteous staff, presentation",not specified
La Brezza - Jaypee Greens Golf & Spa Resort,Italian,3000,"jaypee greens golf & spa resort, surajpur, greater noida",4.0,129,0.0,0,https://www.zomato.com/ncr/la-brezza-jaypee-greens-golf-spa-resort-jaypee-greens,"Jaypee Greens Golf & Spa Resort, G Block, Surajpur Kasna Road, Jaypee Greens, Noida",9.11207E+11,28.47009599,77.5184644,"creamy tomato soup, sweet corn soup, honey chilli potatoes, sizzler, hakka noodles, malai kofta","ample seating area, live music, fast delivery, cute packaging, good quality food, seating arrangement"
Ashirwad Restaurant,"North Indian, South Indian, Chinese, Beverages",700,"sector 16, faridabad",4.0,474,3.7,3075,https://www.zomato.com/ncr/ashirwad-restaurant-sector-16-faridabad,"Sco 18 & 19, Huda Market, Sector 16, Faridabad",9.11292E+11,28.40930021,77.31995378,"afghan chicken, panneer butter masala, noodle, butter roti, hakka noodles, kadhai paneer","themed decor, comfortable seating area, family place, fancy crowd, delivery time, great ambience"
Nosher's Kitchen,"Fast Food, Chinese, North Indian",900,"gaur city 1, greater noida",4.0,378,3.5,3016,https://www.zomato.com/ncr/noshers-kitchen-gaur-city-1,"219 - 221, 2nd Floor, City Plaza Market, Gaur City 1, Greater Noida",9.18219E+11,28.61497727,77.42771219,"excellent food, interior, excellent service, hospitality, portions, amazing food",not specified
Tsui Wong,"Thai, Asian, Chinese",800,"east patel nagar, new delhi",4.0,271,3.9,1084,https://www.zomato.com/ncr/tsui-wong-east-patel-nagar-new-delhi,"23/1, Main Market, East Patel Nagar, New Delhi",9.11145E+11,28.64446388,77.17349343,"romantic place, preparation, decor, good music, perfect place, presentation",not specified
Gigi Bistro Indiano,"North Indian, Mediterranean, Asian, Chinese, Italian",1600,"dlf phase 3, gurgaon",4.0,92,0.0,14,https://www.zomato.com/ncr/gigi-bistro-indiano-dlf-phase-3,"Near Moulsari Avenue, Avenue Metro Pillar 142, DLF Phase 3, Gurgaon",9.19999E+11,28.49812373,77.09562622,"dj, nice ambience, music, amazing place, decor, good service",not specified
The Royale,"North Indian, Continental, Chinese",1400,"hajipur, noida",4.0,154,0.0,8,https://www.zomato.com/ncr/the-royale-hajipur,"515 & 516, Keshari Plaza, Near Express Way, Sector 104, Near Hajipur, Noida",9.18882E+11,28.53903466,77.3657535,"kadai paneer, paneer butter masala, thali, shahi paneer, chicken biryani, chaap","best food, awesome food, good taste, great taste, packing, good service"
Malhotra's Zayeeka,"North Indian, Mughlai, Chinese, Momos, Rolls",500,"moti nagar, new delhi",4.0,323,4.0,10500,https://www.zomato.com/ncr/malhotras-zayeeka-moti-nagar-new-delhi,"Shop 23, Sudama Market, Moti Nagar, New Delhi",9.19811E+11,28.65750976,77.13895027,"malai momo, paneer naan, manchurian dry, veg fried rice, tomato soup, tandoori momos","chirpy crowd, elegantly decorated, casual seating area, inexpensive, great recommendations, tasty food"
Foodelicious,"North Indian, Chinese, Mughlai, Momos",500,"sector 56, noida",4.0,448,3.9,15200,https://www.zomato.com/ncr/foodelicious-sector-56-noida,"E-4/20, Om Sai Market, Sector 56, Noida",9.11204E+11,28.6033255,77.3427967,"pocket friendly, prompt service, decent place, reasonable price, nice food, environment",not specified
Tau's Cafe & Lassi Bar,"North Indian, Fast Food, Rolls, Chinese, Beverages",450,"ansal plaza mall, palam vihar, gurgaon",4.0,518,4.0,5549,https://www.zomato.com/ncr/taus-cafe-lassi-bar-palam-vihar,"Ground Floor, 13 /12 Ansal Plaza, Palam Vihar, Delhi NCR",9.11244E+11,28.51171867,77.04162095,"nutella pie, potato twister, choco mud, cupcakes, pastries, shakes","totally worth it, prices, staff, ambience, good quality, food"
For God's Cake,"Bakery, Street Food, Fast Food",300,"paschim vihar, new delhi",4.0,220,4.1,1114,https://www.zomato.com/ncr/for-gods-cake-paschim-vihar-new-delhi,"2, Jwala Heri Road, Paschim Vihar, New Delhi",9.11146E+11,28.67482821,77.10684523,"fried rice chicken, kathi rolls, chicken roll, raita, chicken biryani",not specified
Khan's Kathi Rolls,"Rolls, Hyderabadi, Chinese",300,"gamma 1, greater noida",4.0,305,4.2,9788,https://www.zomato.com/ncr/khans-kathi-rolls-gamma-1,"Amritpuram Market, Jagat Farms, Gamma 1, Greater Noida",9.18511E+11,28.479888,77.501038,"economical, casual seating area, polite staff, great taste, tamper proof packaging, food presentation",not specified
Laddu Gopal,"North Indian, Chinese",400,"old railway road, gurgaon",4.0,327,3.9,9788,https://www.zomato.com/ncr/laddu-gopal-old-railway-road,"727, Bhim Nagar, Old Railway Road, Gurgaon",9.19869E+11,28.47109541,77.01916114,"chirpy crowd, comfort food, pocket friendly, great ambiance, polite staff, prompt service",not specified
A One Chicken Biryani Corner,"Biryani, Mughlai",400,"nit, faridabad",4.0,221,3.9,7554,https://www.zomato.com/ncr/a-one-chicken-biryani-corner-nit-faridabad,"Shop 1, 5 R/4, Opposite Surya Hospital, NIT, Faridabad",9.18449E+11,28.39270758,77.30381325,"low price, great recommendations, quantity, food, taste, service",not specified
Twist of Italy,"Italian, Fast Food, Beverages",350,"sector 37, faridabad",4.0,244,4.5,385,https://www.zomato.com/ncr/twist-of-italy-sector-37-faridabad,"92, Huda Market, Sector 37, Faridabad",9.1965E+11,28.48091526,77.3109258,"rajasthani thali, churma, masala tea, jalebi, dal, rice","food was awesome, cozy ambiance, wonderful place, authentic taste, hospitality, tasty"
The Tomato Restaurant,"North Indian, Rajasthani, Sandwich",400,"dlf phase 4, gurgaon",4.0,127,3.8,1683,https://www.zomato.com/ncr/the-tomato-restaurant-dlf-phase-4,"2nd Floor, Vijay Complex, Vakil Market, Chakkarpur, DLF Phase 4, Gurgaon",9.1983E+11,28.47330201,77.080344,"good portions, seating arrangement, contactless delivery, elaborate menu, wonderful presentation, proper packaging",not specified
Namcha,"Naga, Nepalese, Tibetan",500,"vasant kunj, new delhi",4.0,87,4.1,258,https://www.zomato.com/ncr/namcha-vasant-kunj-new-delhi,"145/9, Kishan Garh, Gaushala Road, Vasant Kunj, New Delhi",9.196E+11,28.52044005,77.16681439,"pesto fuel, chicken double decker, beetroot hummus, whole wheat wrap, smoothies, juices","healthy options, great concept, good menu, healthy food, great recommendations, tasty"
Nutritious Nation,"Healthy Food, Sandwich, Burger, Continental",500,"greater kailash 2 (gk2), new delhi",4.0,651,4.0,15600,https://www.zomato.com/ncr/nutritious-nation-greater-kailash-gk-2-new-delhi,"Shop M 45, Ground Floor, Main Market, Greater Kailash 2 (GK 2), New Delhi",9.11142E+11,28.53391989,77.24274371,"bedmi poori, bread pakora, jalebi, lassi, kachori, panneer butter masala","pocket friendly, street food, breakfast, awesome place, reasonable prices, preparation"
Gopal Foods,"North Indian, Chinese",350,"kamla nagar, new delhi",4.0,509,3.8,5127,https://www.zomato.com/ncr/gopal-foods-kamla-nagar-new-delhi,"A 43, Kamla Nagar, New Delhi",9.19999E+11,28.68228629,77.19989441,"mozzarella cheese sticks, chicken strips, burgers, white sauce pasta, pizzas, sauce","casual seating area, prompt service, concept, best place, great food, good place"
Serve,"Fast Food, Beverages",500,"sector 37, noida",4.0,280,4.1,1481,https://www.zomato.com/ncr/serve-sector-37-noida,"Shop 2, Godavari, Sector 37, Noida",9.11204E+11,28.56538303,77.34046128,"concept, courteous staff, great place, ambiance, good food, prices",not specified
Baked Pizza & Co.,"Pizza, Italian, Beverages, Pasta",700,"greater kailash 1 (gk1), new delhi",4.0,177,3.7,494,https://www.zomato.com/ncr/baked-pizza-co-greater-kailash-gk-1-new-delhi,"9A, 1st Floor, M Block Market, Greater Kailash 1 (GK 1), New Delhi",9.1114E+11,28.55038876,77.23482717,"soya chaap roll, wraps, chicken roll, paneer roll, tandoori momos, rolls","good place, nice place, quantity, prices, service, food"
Wraps Kathi Rolls,"Rolls, Wraps, Chinese, Lebanese, Fast Food",300,"karol bagh, new delhi",4.0,345,3.9,4498,https://www.zomato.com/ncr/wraps-kathi-rolls-karol-bagh-new-delhi,"Near City Hospital, Pusa Road, Karol Bagh, New Delhi",9.11142E+11,28.64338371,77.18897011,"good value, good quality food, quick service, packing, good service, prices",not specified
Kathi Junction,"Rolls, North Indian, Biryani, Beverages",500,"msx mall, jaypee greens, greater noida, greater noida",4.0,302,4.1,12900,https://www.zomato.com/ncr/kathi-junction-jaypee-greens,"Shop 131, Ground Floor, MSX Mall, Near Swarn Nagri, Jaypee Greens, Greater Noida",9.19582E+11,28.45763437,77.5284496,"nutella crunch, brownie waffle, corn sandwich, nutella waffle, cheesy fries, waffles","totally worth it, good taste, great taste, best place, packing, good service"
The Waffle House,"Desserts, Fast Food",600,"raj nagar, ghaziabad",4.0,252,3.8,2474,https://www.zomato.com/ncr/the-waffle-house-raj-nagar-ghaziabad,"RKC-13, Ground Floor, RDC, Raj Nagar, Ghaziabad",9.18448E+11,28.675089,77.443946,"coffee hazelnut, fried cheese, choco brownie, peri fries, chicken popcorn, cappuccino","efficient service, cozy place, family crowd, environment, student crowd, awesome food"
Cafe NYC Queens,"Beverages, Coffee, Continental",500,"kalkaji, new delhi",4.0,236,4.0,595,https://www.zomato.com/ncr/cafe-nyc-queens-kalkaji-new-delhi,"G-89, Floor 1, Near Mangla Apartments, Kalkaji, New Delhi",9.19354E+11,28.54012798,77.25806683,"dragon rolls, momos platter, noodle, chilli paneer, spring rolls, chilli chicken","chinese, hygiene, good taste, flavour, portion, quantity"
Hungry Chow,"Chinese, Thai",400,"sector 45, noida",4.0,169,4.0,2014,https://www.zomato.com/ncr/hungry-chow-sector-45-noida,"Shop 5, Gardenia Glory Market, Sector 46, Near Sector 45, Noida",9.18801E+11,28.55164688,77.35484663,"economical, great recommendations, polite staff, hospitality, owner, price",not specified
Pizzaiolo,"Italian, Pizza, Pasta, Salad, Desserts",500,"sector 49, gurgaon",4.0,101,4.2,368,https://www.zomato.com/ncr/pizzaiolo-1-sector-49,"Shop 16, Near Eros City Square, Ground Floor, Sector 49, Delhi NCR, Delhi NCR",9.19873E+11,28.41307485,77.05501556,"awesome food, good taste, great taste, main course, best place, prices",not specified
Swastik Pure Veg,"North Indian, Chinese",500,"sector 23, dwarka, new delhi",4.0,120,4.2,1719,https://www.zomato.com/ncr/swastik-pure-veg-sector-23-dwarka-new-delhi,"G-61 & 62, Vardhman Plus City Mall, Sector 23, Dwarka, New Delhi",9.19212E+11,28.56466836,77.05420654,"continental, italian, fast food, north indian, beverages, coffee","north indian, continental, mexican, italian, chinese"
Cannoli Royale,"Bakery, Fast Food, Desserts",500,"paschim vihar, new delhi",4.0,93,4.3,144,https://www.zomato.com/ncr/cannoli-royale-1-paschim-vihar-new-delhi,"F-8, 1st Floor, CSC Market, Ambica Vihar, Near Paschim Vihar, New Delhi",9.19999E+11,28.6663179,77.08044257,"kathi rolls, egg roll, paneer roll, tandoori momos, burgers","tandoori, hygiene, best place, flavour, food quality, packing"
Nazim's Kathi Roll,"Rolls, Burger, Momos, North Indian",450,"sector 14, gurgaon",4.0,478,4.0,4262,https://www.zomato.com/ncr/nazims-kathi-roll-sector-14,"37, Main Market, Near Dahiya Driving College, Sector 14, Gurgaon",9.11244E+11,28.47311133,77.04857659,"noodle, chilli potatoes, chicken momos, spring roll, chinese food","cute little place, behavior, great recommendations, best service, food quantity, owner"
China Chowk,"Chinese, Fast Food, Momos",350,"west patel nagar, new delhi",4.0,475,4.0,4501,https://www.zomato.com/ncr/china-chowk-west-patel-nagar-new-delhi,"G-79, West Patel Nagar, New Delhi",9.19899E+11,28.65205623,77.16215104,"amchi vada pav, meerut shikanji, anda bun, kutchi dabeli, samosa pav, thepla","nice location, street food, concept, environment, quick service, good ambience"
Nukkadwala,"Fast Food, Street Food, Beverages",400,"sohna road, gurgaon",4.0,454,4.0,4774,https://www.zomato.com/ncr/nukkadwala-sohna-road,"Ground Floor, Block 3, Vatika Business Park, Sohna Road, Gurgaon",9.11244E+11,28.40594302,77.04489995,"chicken hydrabadi biryani, chicken korma, rumali roti, tandoori roti","unlimited refills, fantastic decoration, pocket friendly, comfort food, cute little place, contactless delivery"
A One Chicken Biryani,"Salad, Beverages",250,"janakpuri, new delhi",4.0,250,4.0,5781,https://www.zomato.com/ncr/a-one-chicken-biryani-2-janakpuri-new-delhi,"C-1, 40 Feet Road, Janakpuri, New Delhi",9.18589E+11,28.61577783,77.07998559,"exotic shawarma, manakeesh, falafel shawarma, hummus, salads, roll",not specified
Shish Shawarma,"Arabian, Fast Food, Pizza, Beverages",400,"community centre, new friends colony, new delhi",4.0,244,4.0,4395,https://www.zomato.com/ncr/shish-shawarma-new-friends-colony-new-delhi,"55, Grandlays Cinema Complex, Community Centre, New Friends Colony, New Delhi",9.2E+11,28.5603464,77.25262597,"brain masala, tawa chicken, mutton, butter chicken, breads, dal makhani","portion size, awesome food, owner, hospitality, great service, great food"
Wah! Amritsar,"North Indian, Mughlai, Chinese",500,"supermart 2, dlf phase 4, gurgaon",4.0,302,4.0,7047,https://www.zomato.com/ncr/wah-amritsar-dlf-phase-4,"E-21, Supermart 2, DLF Phase 4, Gurgaon",9.1991E+11,28.46151812,77.08788771,"chocolate yogurt, blueberry yogurt, strawberry ice tea, alfredo pasta, waffles, sandwiches",not specified
Red Mango,Cafe,600,"ambience mall, vasant kunj, new delhi",4.0,330,4.1,789,https://www.zomato.com/ncr/red-mango-vasant-kunj-new-delhi,"Level 2, Ambience Mall, Vasant Kunj, New Delhi",9.11141E+11,28.54104309,77.15512432,"pancakes, waffle, wraps, oreo shake, sandwiches, burgers","intimate seating, fancy crowd, cafe, quality food, food presentation, student crowd"
Max's Cafe,"Burger, Rolls, Pizza, Sandwich, Wraps, Fast Food, Beverages, Desserts",500,"alpha 2, greater noida",4.0,235,3.9,3560,https://www.zomato.com/ncr/maxs-cafe-alpha-2-greater-noida,"I 335, Alpha 2, Greater Noida",9.199E+11,28.47921,77.52125,"nutella brownie waffles, ferrero rocher waffle, nutella pancake, red velvet waffle, belgium chocolate, chocolate waffle","totally worth it, quick service restaurant, seating arrangements, preparation, decor, cafe"
Waffle Fever Cafe,"Fast Food, Desserts",400,"sector 14, gurgaon",4.0,209,4.2,1898,https://www.zomato.com/ncr/waffle-fever-cafe-sector-14,"Shop 114, Huda Market, Sector 14, Gurgaon",9.11244E+11,28.47427223,77.04776824,"chocolate truffle cake, tiramisu, pastries, cakes, coffee, snacks","hospitality, chef, perfect place, flavour, great place, presentation"
TADO - The Artisan Deli and Oven,Cafe,1000,"vivanta by taj, suraj kund, faridabad",4.0,165,0.0,0,https://www.zomato.com/ncr/tado-the-artisan-deli-and-oven-suraj-kund-faridabad,"Vivanta by Taj, Shooting Range Road, Suraj Kund, Faridabad",9.11297E+11,28.48928263,77.28528421,"chicken overload pizza, veg alfredo pasta, peri peri pizza, cheesecake, pizzas, nachos","variety of pizza, weekend brunch, tamper proof packaging, best quality, good wifi, perfect presentation"
Rayna's Cafe,"Cafe, Fast Food, Pizza, Italian, Desserts, Beverages",600,"safdarjung, new delhi",4.0,131,3.5,382,https://www.zomato.com/ncr/raynas-cafe-safdarjung-new-delhi,"B 6/2, DDA Shopping Complex, Safdarjung Enclave, Safdarjung, New Delhi",9.19999E+11,28.55984903,77.19581142,"bubble gum ice cream, mississippi mud, banana split, belgian chocolate, chocolate fudge, sundae","bank for the buck, totally worth it, table service, packed on weekends, nice service, excellent service"
Baskin Robbins,"Ice Cream, Desserts, Beverages",300,"sector 62, noida",4.0,172,4.2,582,https://www.zomato.com/ncr/baskin-robbins-1-sector-62-noida,"Plot 44A & 45, Galactic Court, Lower Ground Floor, Tower B, Galaxy Business Park, Sector 62, Noida",9.11205E+11,28.62455975,77.37047084,"cute little place, amazing ambience, reasonable prices, prompt service, polite staff, friendly staff",not specified
Mag 'n' Cheese,Fast Food,350,"kamla nagar, new delhi",4.0,245,3.6,221,https://www.zomato.com/ncr/mag-n-cheese-kamla-nagar-new-delhi,"94A, Near Chota Gol Chakkar, Kamla Nagar, New Delhi",9.19837E+11,28.68050587,77.20138907,"kesar kulfi faluda, chocolate fudge, ice creams, dessert","totally worth it, pretty decor, table service, food presentation, best place, great portions"
Giani,"Ice Cream, Desserts, Bakery, Beverages",300,"vasant vihar, new delhi",4.0,161,4.3,6401,https://www.zomato.com/ncr/giani-1-vasant-vihar-new-delhi,"401, Nelson Mandela Marg, Vasant Vihar, New Delhi",9.19811E+11,28.558562,77.170245,not specified,not specified
Kay's Chicken Corner,"Mughlai, North Indian, Kebab",800,"pitampura, new delhi",4.0,245,4.0,344,https://www.zomato.com/ncr/kays-chicken-corner-pitampura-new-delhi,"Shop 17, ND Market, Pitampura, New Delhi",9.11127E+11,28.69955506,77.14574698,not specified,not specified
Moti Dhaba,North Indian,550,"shalimar bagh, new delhi",4.0,259,3.9,591,https://www.zomato.com/ncr/moti-dhaba-shalimar-bagh,"142, New Subzi Mandi, Shalimar Bagh, New Delhi",9.19269E+11,28.7100978,77.1714283,"seating capacity, family restaurant, cleanliness, portion size, food quality, prices",not specified
Sugandh,North Indian,500,"daryaganj, new delhi",4.0,135,3.9,55,https://www.zomato.com/ncr/sugandh-daryaganj-new-delhi,"4702/21, Ansari Road, Daryaganj, New Delhi",9.11123E+11,28.64500322,77.24380452,"continental, italian, fast food, north indian, beverages, coffee",not specified
Mr.Singh  Pishori Chicken Corner,North Indian,300,"sector 49, gurgaon",4.0,90,4.1,469,https://www.zomato.com/ncr/mrsingh-pishori-chicken-corner-sector-49,"Near Sapphire Mall, St Mark Road, Sector 49, Gurgaon",9.19892E+11,28.41208992,77.04949357,"egg kathi roll, chicken shawarama, panneer butter masala, afghani chicken, kadai paneer, chowmein","casual seating area, inexpensive, pocket friendly, good crowd, prompt service, great ambiance"
Anand Curry Delite,"North Indian, Mughlai, Chinese, Fast Food, Momos, Rolls",600,"pvr anupam complex, saket, new delhi",4.0,395,3.5,4167,https://www.zomato.com/ncr/anand-curry-delite-saket-new-delhi,"24/1, PVR Anupam Complex, Community Centre, Saket, New Delhi",9.17011E+11,28.52328811,77.20684838,"spice chicken, vegetable spring rolls, thai green curry, chicken spring roll, chicken hakka noodles, pan fried noodles","perfect packaging, packed on weekends, chinese, authentic taste, food quantity, amazing taste"
Street Monk - Gourmet Pan Asian,"Chinese, Asian",700,"sector 30, gurgaon",4.0,558,3.8,4073,https://www.zomato.com/ncr/street-monk-gourmet-pan-asian-sector-30,"Plot 8, Second Floor, Sector 30, Gurgaon",9.19871E+11,28.45980824,77.0554189,"capsicum pizza, stuffed garlic bread, veg pizza, pizzas, corn, mushroom","tasty stuff, pocket friendly, good portions, comfort food, prompt service, polite staff"
The Red Pepper,Pizza,500,"vasundhara, ghaziabad",4.0,454,4.0,8352,https://www.zomato.com/ncr/the-red-pepper-vasundhara-ghaziabad,"Shop 13, Mart Mall, Sector 4B, Vasundhara, Ghaziabad",9.18448E+11,28.66923231,77.37918332,"punjabi tadka maggi, brownie waffle, chocolate waffle, waffles, pancake, peri peri fries","coffee date, outdoor seating, amazing taste, perfect place, best place, ambiance"
#Waffles,"Desserts, Ice Cream, Fast Food, Beverages",400,"geeta colony, new delhi",4.0,321,3.9,3988,https://www.zomato.com/ncr/waffles-geeta-colony-new-delhi,"13/50, Back Lane, Geeta Colony, New Delhi",9.2E+11,28.65099,77.274551,"achari chaap, chilly potato, mojito, malai chaap, hakka noodles, white sauce pasta","cordial staff, amazing ambience, nice food, awesome place, good quantity, awesome food"
Anjuna Garden,"Cafe, North Indian, Chinese",500,"raj nagar, ghaziabad",4.0,422,3.8,13400,https://www.zomato.com/ncr/anjuna-garden-raj-nagar-ghaziabad,"R 11/22, Raj Nagar, Ghaziabad",9.18369E+11,28.68201186,77.44832296,not specified,not specified
Vaishno Snacks Corner,North Indian,350,"ip extension, new delhi",4.0,277,3.8,7761,https://www.zomato.com/ncr/vaishno-snacks-corner-ip-extension-new-delhi,"G-10, Aggarwal Tower, Ajanta Market, IP Extension, New Delhi",9.19953E+11,28.62796119,77.30791066,"chilli garlic bread, choco lava, pizzas, white sauce pasta, burgers","good staff, great recommendations, great ambiance, polite staff, great taste, tasty"
Classic Pizza Everyday,"Pizza, Fast Food, Beverages",500,"krishna nagar, new delhi",4.0,295,4.0,2795,https://www.zomato.com/ncr/classic-pizza-everyday-krishna-nagar-new-delhi,"Shop 636/4, Jheel Khuranja, Opposite Jheel Gurudwara, Krishna Nagar, New Delhi",9.19871E+11,28.6581376,77.27456242,"themed decor, relaxed atmosphere, tandoori, preparation, reasonable price, nice ambience",not specified
Northern Delights,"North Indian, Mughlai, Chinese, Rolls",900,"indirapuram, ghaziabad",4.0,297,3.6,2076,https://www.zomato.com/ncr/northern-delights-indirapuram-ghaziabad,"House 12 A, 2nd Floor, Ahinsa Khand 2, Behind Shanti Gopal Hospital, Indirapuram, Ghaziabad",9.17679E+11,28.64171003,77.37954173,"egg sandwich, dessert counter, shakes, burgers, fries, snacks","affordable food, good quality food, spill proof packaging, owner, prices, music"
Cafe 31,"Street Food, Fast Food, Sandwich, Burger, Italian, Pizza, Desserts, Beverages",500,"sector 31, gurgaon",4.0,234,4.0,1411,https://www.zomato.com/ncr/cafe--sector-31,"Shop 173, Main Market, Sector 31, Gurgaon",9.19717E+11,28.45400517,77.05145627,"thick shake, waffles, brownie, sandwiches, cakes, burger","music, ambiance, good place, good food, staff, prices"
Cafe Maple Street,"Cafe, Bakery, Fast Food, Desserts, Beverages",500,"sector 49, gurgaon",4.0,167,4.0,767,https://www.zomato.com/ncr/cafe-maple-street-sector-49,"Shop 1, Tower B, Vatika Business Park, Sector 49, Delhi NCR, Delhi NCR",9.196E+11,28.40575753,77.04438698,"chirpy crowd, casual seating area, good portions, cute little place, amazing staff, prompt service",not specified
Black Buck's Coffee,"Fast Food, Beverages",400,"dlf cyber city, gurgaon",4.0,196,0.0,3,https://www.zomato.com/ncr/black-bucks-coffee-dlf-cyber-city,"Building 9A, DLF Cyber City, Gurgaon",9.18803E+11,28.49618874,77.09325213,"office crowd, casual seating area, elegantly decorated, cordial staff, lip smacking food, economical",not specified
Spice Punch Bistro,"North Indian, Chinese, Fast Food, Momos, Beverages",500,"rohini, new delhi",4.0,257,3.5,1764,https://www.zomato.com/ncr/spice-punch-bistro-1-rohini-new-delhi,"G-20, 30 Block, Sector 7, Rohini, New Delhi",9.1956E+11,28.7104598,77.1133211,"malai chaap, tandoori roti, kadhai paneer, butter naan, rolls, butter chicken","reasonable prices, awesome food, great taste, main course, good food, quantity"
Zaika Of Purani Dilli,"North Indian, Chinese, Mughlai, Biryani",500,"sector 72, noida",4.0,178,3.7,4202,https://www.zomato.com/ncr/zaika-of-purani-dilli-sector-72-noida,"GT-55, Sector 117, Near Sector 72, Noida",9.18801E+11,28.57406,77.39876,"plenty of vegetarian options, lip smacking food, good crowd, great recommendations, inexpensive, great ambiance",not specified
Punjabi Zaika,"North Indian, Chinese, Mughlai",400,"sector 23, faridabad",4.0,248,3.4,1879,https://www.zomato.com/ncr/punjabi-zaika-sector-23-faridabad,"Shop 947, Sector 23, Faridabad",9.1954E+11,28.36106347,77.29935005,"shawarma rolls, hummus, grilled chicken, sweets, meat, roll","cozy place, owner, best place, flavour, price, good food"
Middle East Cuisine,Middle Eastern,700,"sector 29, gurgaon",4.0,150,3.6,132,https://www.zomato.com/ncr/middle-east-cuisine-sector-29,"Metro Park, South Court, Huda City Center Metro Station, Sector 29, Gurgaon",9.18801E+11,28.45865779,77.07250893,"galawati kebab, seekh kebab roll, masala chaap, dum biryani, paneer roll, butter chicken","portion size, reasonable prices, awesome place, amazing place, good taste, amazing food"
Lucknow Wale Kababi,"Lucknowi, Kebab, North Indian",600,"sector 135, noida",4.0,175,3.8,1586,https://www.zomato.com/ncr/lucknow-wale-kababi-sector-135-noida,"1, B 4, Matrix Tower, Opposite Jaypee Hospital, Sector 135, Noida",9.18527E+11,28.49618225,77.40159519,"reasonable prices, great ambience, nice food, cafe, great taste, great food",not specified
D Streat Cafe,"Italian, Sandwich, Fast Food, Desserts, Beverages",450,"jangpura, new delhi",4.0,134,4.1,971,https://www.zomato.com/ncr/d-streat-cafe-jangpura-new-delhi,"2/16, Jangpura Extension, Behind DAV School, Jangpura, New Delhi",9.18826E+11,28.58042021,77.24745601,"continental, italian, fast food, north indian, beverages, coffee",not specified
Coldpress Company,"Healthy Food, Juices, Salad",500,"omaxe gurgaon mall, gurgaon",4.0,86,4.3,1679,https://www.zomato.com/ncr/coldpress-company-sohna-road,"Omaxe Gurgaon Mall, Sohna Road, Gurgaon",9.188E+11,28.41045503,77.04351459,"quality, experience, staff, ambience, service, taste",not specified
The Desserts Factory,"Bakery, Desserts, Beverages",450,"qutab plaza, dlf phase 1, gurgaon",4.0,152,3.9,61,https://www.zomato.com/ncr/the-desserts-factory-dlf-phase-1,"J-2, Qutub Plaza Market, DLF Phase 1, Gurgaon",9.11245E+11,28.47123895,77.1024102,"paneer lababdar, chinese food, chaap, cheesecake, curry, momos","online delivery, customizable dishes, good options, weekend brunch, family crowd, outdoor seating"
Curry Ok,"North Indian, Chinese, Mughlai, Beverages",600,"vikaspuri, new delhi",4.0,193,3.8,237,https://www.zomato.com/ncr/curry-ok-vikaspuri-new-delhi,"Shop 61, DDA Market, C-Block, Vikaspuri, New Delhi",9.18882E+11,28.63521574,77.07064915,"paneer kofta curry, grilled chicken pizza, kathi rolls, kheer, dosa","variety of pasta, healthy food, contactless delivery, extensive menu, portions, hygiene"
Flavora,"Cafe, Continental, Italian, North Indian, Healthy Food",800,"sector 57, gurgaon",4.0,112,4.2,244,https://www.zomato.com/ncr/flavora-sector-57,"Shop 1-8, Artemis Hospital Road, Opposite Goodluck Society, Sector 57, Gurgaon",9.18369E+11,28.429517,77.082407,"customizable dishes, variety of pizza, weekend brunch, good wifi, family crowd, student crowd",not specified
Brain Freezers,"Desserts, Ice Cream, Beverages, North Indian, Italian, Fast Food, Street Food",350,"nit, faridabad",4.0,194,4.3,387,https://www.zomato.com/ncr/brain-freezers-nit-faridabad,"5N/51, Near Sri Ram Mandir, NIT, Faridabad",9.19819E+11,28.39720894,77.30192933,"lachcha paratha, paneer makhani, parathas, chutney, dal makhni","theme, vibe, combo, decor, food presentation, timely service"
All India Parantha Trail,North Indian,500,"sector 22, gurgaon",4.0,78,4.0,126,https://www.zomato.com/ncr/all-india-parantha-trail-sector-22,"Near Ambience Tower, Old Delhi Gurgaon Highway, Sector 22, Gurgaon",9.19871E+11,28.50611291,77.07047347,not specified,not specified
Keshav Food Point,"Street Food, Fast Food, North Indian, Beverages",300,"nit, faridabad",4.0,135,3.9,341,https://www.zomato.com/ncr/keshav-food-point-1-nit-faridabad,"5G, 48A, NIT 5, Near NIT, Faridabad",9.19897E+11,28.39706325,77.30426185,"host, concept, best place, experience, quality, food",not specified
BBQ Ride,BBQ,400,"sector 49, gurgaon",4.0,98,4.1,111,https://www.zomato.com/ncr/bbq-ride-sector-49,"Eros City Square, Rose Wood City, Sector 49, Delhi NCR, Delhi NCR",9.18448E+11,28.41331814,77.05463469,"good food with good quantity, good and nice to enjoy, unlimited refills, drive through, pocket friendly, office crowd",not specified
Khushboo Vaishno Dhaba,North Indian,200,"model town 3, new delhi",4.0,510,3.8,21900,https://www.zomato.com/ncr/khushboo-vaishno-dhaba-model-town-3,"Shop 468, Railway Road, Near Mother Dairy, Model Town 3, New Delhi",9.1847E+11,28.70713342,77.17702456,"kurkure momo, mixed sauce pasta, noodle, spring rolls, sandwich, momos","great recommendations, worth the money, packing, food quality, quantity, delicious food"
"Foodie Sip ""N"" Bite",Fast Food,300,"ashok vihar phase 3, new delhi",4.0,208,3.9,4412,https://www.zomato.com/ncr/foodie-sip-n-bite-ashok-vihar-phase-3-new-delhi,"229, Nimri Colony, Near Ashok Vihar Phase 4, Ashok Vihar Phase 3, New Delhi",9.18528E+11,28.6820616,77.1743313,"concept, combo, reasonable price, great taste, nice place, good food",not specified
InstaDozza,South Indian,300,"dlf phase 3, gurgaon",4.0,322,3.8,6708,https://www.zomato.com/ncr/instadozza-dlf-phase-3,"Inside Rapid Metro Station, DLF Phase 3, Gurgaon",9.19891E+11,28.49340773,77.09345162,"brownie nutella waffles, kitkat waffle, kit kat shake, shake","totally worth it, pocket friendly, young crowd, presentation, best place, price"
Moffle Waffle,"Desserts, Fast Food, Beverages",400,"jail road, new delhi",4.0,268,4.1,2845,https://www.zomato.com/ncr/moffle-waffle-2-jail-road-new-delhi,"WZ 686 E, Shop 2, Shiv Nagar Extention, Jail Road, New Delhi",9.19953E+11,28.632944,77.091568,"chicken spring roll, chicken momo, hakka noodles, manchurian, honey chilli potato, chilli chicken","great ambiance, polite staff, packing, presentation, quantity, prices"
Chinese King,"Chinese, Momos",650,"karol bagh, new delhi",4.0,290,3.7,4188,https://www.zomato.com/ncr/chinese-king-karol-bagh-new-delhi,"Shop 6, 15-A/5, Near Pooja Park, Karol Bagh, New Delhi",9.2E+11,28.6456699,77.1875305,"paneer tikka pizza, veg burger, wrap, white sauce pasta, chicken burger, sandwich","pocket friendly, low price, quick delivery, prompt service, polite staff, combo"
Grill Inn,"Fast Food, Sandwich, Burmese, Pizza, Italian, Wraps",400,"janakpuri, new delhi",4.0,286,3.9,1159,https://www.zomato.com/ncr/grill-inn-janakpuri-new-delhi,"C-4B/293 A, Janakpuri, New Delhi",9.19599E+11,28.61928786,77.09176082,"veg roll, chicken fried rice, paneer roll, chicken roll, rolls, noodles","nice packaging, fast delivery, healthy food, good quality food, packing, great taste"
Banjarabites,"Rolls, North Indian, Chinese, Beverages",500,"beta 1, greater noida",4.0,228,4.0,7033,https://www.zomato.com/ncr/banjarabites-beta-1-greater-noida,"Shop 5, AR Market, Near HDFC ATM, Rampur Jagir, Beta 1, Greater Noida",9.1999E+11,28.48368776,77.50596832,"veg sandwich, deluxe thali, panneer butter masala, kadhai paneer, shahi paneer, tandoori chicken","friendly service, reasonable prices, main course, amazing food, quality food, amazing place"
Rotees n More,"North Indian, Chinese, Rolls, Momos, Mughlai",500,"jaipuria plaza, sector 26, noida, noida",4.0,303,4.0,2499,https://www.zomato.com/ncr/rotees-n-more-sector-45-noida,"Khasra 209, Village Sadarpur, Sector 45, Noida",9.19582E+11,28.55168781,77.35484865,"veg fried rice, veg spring rolls, noodle, chilli potato","economical, casual seating area, mouth watering food, polite staff, good quantity, great taste"
Mirch Masala Fast Food,"Chinese, Fast Food",400,"gaur city 1, greater noida",4.0,211,3.6,4816,https://www.zomato.com/ncr/mirch-masala-fast-food-gaur-city-1,"Shop 10, Lower Ground, City Plaza Market, Gaur City, 1 Greater Noida",9.19811E+11,28.61462084,77.42723644,"butter chaap, pan fried momos, chicken momo, chicken rara, panner tikka, butter roti","low price, pocket friendly, prompt service, good quantity, polite staff, combo"
Spoon & Chopsticks,"Chinese, North Indian, Mughlai",600,"sector 63, noida",4.0,256,3.8,2477,https://www.zomato.com/ncr/spoon-chopsticks-sector-63-noida,"C-226, C Block, Sector 63, Noida",9.19355E+11,28.61640091,77.38714278,"proper packaging, great portions, spicy, food quality, prices, menu",not specified
The Punjabi Story,"North Indian, Mughlai, Chinese, Desserts",600,"kalkaji, new delhi",4.0,124,3.9,1372,https://www.zomato.com/ncr/the-punjabi-story-kalkaji-new-delhi,"A 231 & 232, Ground Floor, Kalkaji, New Delhi",9.19655E+11,28.54316222,77.24980395,"packing, awesome food, flavour, food quality, good food, quantity",not specified
CURRYSUM,"North Indian, Mughlai, Chinese",500,"sector 56, gurgaon",4.0,151,3.7,648,https://www.zomato.com/ncr/currysum-sector-56,"Shop 13, Sector 56, Gurgaon",9.19953E+11,28.4285828,77.10013267,"plenty of vegetarian options, comfort food, casual seating area, inexpensive, prompt service, great recommendations",not specified
JD's Peezza,"Pizza, Fast Food, Beverages, Burger, Sandwich",450,"indirapuram, ghaziabad",4.0,204,3.5,1384,https://www.zomato.com/ncr/jds-peezza-2-indirapuram-ghaziabad,"Shop 16A, Ground Floor, Lotus Plaza Market, Vaibhav Khand, Indirapuram, Ghaziabad",9.19891E+11,28.63701105,77.36394838,"chicken supreme burger, chicken tenders, wraps, burgers, shake, fries","great hangout place, great customer service, clean place, peaceful place, perfect ambience, lovely place"
Burger Stori,"Burger, Fast Food",450,"sector 43, gurgaon",4.0,314,3.9,268,https://www.zomato.com/ncr/burger-stori-sector-43,"Global Foyer Mall, 2nd Floor, Golf Course Road, Sector 43, Gurgaon",9.19582E+11,28.46054425,77.09516555,"panneer butter masala, chilli potatoes, kadhai paneer, butter chicken, dal makhani, sauce","good for large groups, quick delivery, perfect place, packing, tasty food, delicious food"
The Food Arena,"North Indian, Chinese, Fast Food, Rolls",500,"indirapuram, ghaziabad",4.0,225,3.3,3635,https://www.zomato.com/ncr/the-food-arena-indirapuram-ghaziabad,"Near Axis Bank, Cloud 9 Exit Gate, P.K Road, Ahinsa Khand 2, Indirapuram, Ghaziabad",9.19891E+11,28.646141,77.386108,"peri fries, mixed sauce pasta, juices, maggi, oreo shake, shakes","cozy ambiance, great recommendations, great ambience, polite staff, reasonable prices, presentation"
RC Fresh Juice Bar & Food Point,"Burger, Fast Food, Beverages, Juices",300,"sector 7, gurgaon",4.0,174,3.7,1123,https://www.zomato.com/ncr/rc-fresh-juice-bar-food-point-sector-7,"New Colony, Near Taneja Hospital, Sector 7, Gurgaon",9.1965E+11,28.4647692,77.00791329,"classic chicken shawarma, crispy momos, french fries, snacks","not very crowded, cozy ambiance, bang for the buck, cute little place, office crowd, great recommendations"
Lucy Shawarma & Snacks,"Lebanese, Fast Food",300,"dlf phase 3, gurgaon",4.0,191,3.9,1945,https://www.zomato.com/ncr/lucy-shawarma-snacks-dlf-phase-3,"U 77/14, Basement, DLF Phase 3, Gurgaon",9.19959E+11,28.49013012,77.09315825,"good wifi, student crowd, elaborate menu, weekend brunch, young crowd, customizable food",not specified
Aapki Apni  Rasoi,"North Indian, Rolls, Chinese",400,"sector 71, noida",4.0,308,3.5,628,https://www.zomato.com/ncr/aapki-apni-rasoi-sector-71-noida,"A-84, Sector 70, Near Sector 71, Noida",9.19154E+11,28.59709051,77.38159932,"kadhai paneer thali, veg thaali, butter paneer masala, chilli paneer, cheesecake","excellent food quality, best quality, hygienic food, cute packaging, best service, food presentation"
Bhawna Food Corner,"North Indian, Chinese",400,"malviya nagar, new delhi",4.0,290,4.2,342,https://www.zomato.com/ncr/bhawna-food-corner-malviya-nagar-new-delhi,"E-10, Kalu Sarai, Near Vashisht House, Malviya Nagar, New Delhi",9.1981E+11,28.54038422,77.20491048,"mixed vegetables, chicken momo, tawa chicken, mix veg, chilli chicken, naan","great location, friendly service, cute little place, pocket friendly, delivery time, portions"
The Big Fuzen,"Chinese, North Indian, Fast Food, Rolls",400,"greater kailash 3 (gk3), new delhi",4.0,133,3.7,910,https://www.zomato.com/ncr/the-big-fuzen-greater-kailash-gk-3-new-delhi,"Shop 18, Masjid Moth, Greater Kailash 3 (GK 3), New Delhi",9.17828E+11,28.53754841,77.23918676,"kalimirch chicken, chicken tangri kebab, egg hakka noodles, chicken fry, rajma rice, chilli potato","good and nice to enjoy, customizable dishes, delivery services, great value, delicious, outdoor seating"
Kitchen Of Joy,"North Indian, Chinese, Kebab",500,"yusuf sarai, new delhi",4.0,127,3.7,450,https://www.zomato.com/ncr/kitchen-of-joy-yusuf-sarai-new-delhi,"Shop 5, Commercial Centre, Near Metro Station Gate 2, Yusuf Sarai, New Delhi",9.197E+11,28.55793902,77.20739286,"chicken strip, garlic bread, shakes, pizza, sandwiches, burgers","cozy ambiance, casual seating area, pocket friendly, great recommendations, best food, prompt service"
Legend Cafe,"Italian, Fast Food",350,"gaur city 2, greater noida",4.0,153,3.5,461,https://www.zomato.com/ncr/legend-cafe-gaur-city-2-greater-noida,"Palm Olympia, Gaur City 2, Greater Noida",9.1999E+11,28.61782728,77.42222549,"caramel shake, chicken tikka sandwich, tomato soup, mixed sauce pasta, maggi, chocolate shake","not very crowded, value for money, pocket friendly prices, casual seating area, cozy ambiance, excellent taste"
Foodi Shoodi,"Fast Food, Beverages",300,"ip extension, new delhi",4.0,185,4.0,101,https://www.zomato.com/ncr/foodi-shoodi-2-ip-extension-new-delhi,"C-37 LG, Shop 2, Madhu Vihar, IP Extension, New Delhi",9.17827E+11,28.63504918,77.30327882,"good wifi, elaborate menu, student crowd, customizable food, best place, packing",not specified
Picazzo,"Pizza, Italian, Continental, Fast Food, Desserts",300,"karol bagh, new delhi",4.0,180,3.2,448,https://www.zomato.com/ncr/picazzo-karol-bagh-new-delhi,"17/2864, 1st Floor, Beadonpura, Karol Bagh, New Delhi",9.1729E+11,28.6505145,77.19129726,"noodle, soya chaap, paneer lababdar, tandoori chicken, shahi paneer, chicken tikka","lip smacking food, office crowd, pocket friendly, casual seating area, great recommendations, amazing food"
Punjabi Kitchen,"North Indian, Chinese, Mughlai",400,"dlf phase 3, gurgaon",4.0,175,3.4,830,https://www.zomato.com/ncr/punjabi-kitchen-dlf-phase-3,"U 9/28, Sector 24, DLF Phase 3, Gurgaon",9.19999E+11,28.49341244,77.09392034,"weekend brunch, outdoor seating, good wifi, good music, young crowd, elaborate menu",not specified
Kick-S-Burger,"Burger, Sandwich, Wraps, Beverages, Fast Food",300,"alpha 2, greater noida",4.0,136,4.2,570,https://www.zomato.com/ncr/kick-s-burger-alpha-2-greater-noida,"House 335, I Block, 2nd Cross Street, Alpha 2, Greater Noida",9.19711E+11,28.479211,77.521277,"good food good quantity, customizable food, good wifi, fresh food, elaborate menu, good quality",not specified
Khushboo Vaishno Corner,North Indian,400,"model town 3, new delhi",4.0,195,3.9,1129,https://www.zomato.com/ncr/khushboo-vaishno-corner-model-town-3,"468, Railway Road, Model Town 3, New Delhi",9.19651E+11,28.70713547,77.17702691,"serving size, elaborate menu, customizable food, proper packaging, student crowd, packing",not specified
The Lazy Diner,"North Indian, Mughlai, Biryani, Chinese, Beverages, Desserts",400,"malviya nagar, new delhi",4.0,136,3.9,359,https://www.zomato.com/ncr/the-lazy-diner-malviya-nagar-new-delhi,"90/63-A, Basement, Malviya Nagar, New Delhi",9.188E+11,28.53555052,77.21259736,"paneer toofani, kaju curry, paneer labadar, veg biriyani, mushroom masala, rajma chawal","quick delivery, combo, good quality, fresh food, good food, price"
Desi Hut,"North Indian, Chinese, Fast Food",350,"sector 31, gurgaon",4.0,192,3.7,232,https://www.zomato.com/ncr/desi-hut-sector-31,"Shop 102, Ground Floor, Huda Market, Sector 31 A, Near Sector 31, Gurgaon",9.19877E+11,28.45406235,77.05125444,"economical, great recommendations, amazing place, packing, timely service, great portions",not specified
Kathi Junction Company,"Rolls, Lebanese",200,"sector 62, noida",4.0,113,3.8,674,https://www.zomato.com/ncr/kathi-junction-company-sector-62-noida,"Shop 10, Gautam Buddha Nagar, Opposite Bhagrati Apartment, Sector 62, Noida",9.19555E+11,28.623998,77.370109,"weekend brunch, family crowd, elaborate menu, customizable food, excellent food, portion size",not specified
Chatore Nawab,"North Indian, Momos, Rolls, Chinese",500,"subhash nagar, new delhi",4.0,179,3.8,169,https://www.zomato.com/ncr/chatore-nawab-subhash-nagar-new-delhi,"Shop 2, 11/76, Subhash Nagar, New Delhi",9.19954E+11,28.63699604,77.12105792,"falafel platter, cappuccino, brownies, sandwiches, coffee, burger","nice environment, cozy place, cafe, awesome place, good ambience, ambiance"
Bombay Sandwich Company,"Sandwich, Continental, Beverages, Desserts, Street Food",450,"udyog vihar, gurgaon",4.0,82,0.0,0,https://www.zomato.com/ncr/bombay-sandwich-company-1-udyog-vihar,"428 - 429, Road 2, Sector 20, Udyog Vihar, Gurgaon",9.17303E+11,28.51097772,77.0900831,"chicken afghani, tandoori soya chaap, briyani, chicken curry, paneer lababdar, kadhai paneer","customizable dishes, weekend brunch, recommended place, attitude, seating arrangement, atmosphere"
Desi Vdesi Kitchen,"North Indian, Chinese",500,"mayur vihar phase 1, new delhi",4.0,122,0.0,7,https://www.zomato.com/ncr/desi-vdesi-kitchen-1-mayur-vihar-new-delhi,"3/4, Main Bazar, Adarsh Maholla, Mayur Vihar Phase 1, New Delhi",9.17683E+11,28.61072183,77.29068149,"quick delivery, elaborate menu, family crowd, customizable food, good music, fresh food",not specified
Shudh - Pure Veg Restaurant,"North Indian, Chinese",400,"dlf phase 1, gurgaon",4.0,103,3.9,44,https://www.zomato.com/ncr/shudh-pure-veg-restaurant-dlf-phase-1,"Shop 9 & 10, Upper Ground Floor, JS Tower, Sikanderpur Market, DLF Phase 1, Gurgaon",Not available for this place,28.48231331,77.09680002,"continental, italian, fast food, north indian, beverages, coffee",not specified
The Pizza Factory,"Pizza, Fast Food, Beverages",300,"sector 53, gurgaon",4.0,124,3.5,32,https://www.zomato.com/ncr/the-pizza-factory-sector-53,"Plot 1605, Sarasvati Kunj, Sector 53, Gurgaon",9.19555E+11,28.4347602,77.0961676,"dabba chicken, kheer, mutton seekh, palak paneer, paneer butter masala, butter chicken","takeaway, good wifi, quality food, elaborate menu, packing, main course"
Curry Gone Crazy,North Indian,550,"south city 1, gurgaon",4.0,60,3.9,49,https://www.zomato.com/ncr/curry-gone-crazy-south-city-1,"Shop 14, PGM Plaza, Opposite Mayom Hospital, South City 1, Gurgaon",9.19774E+11,28.45832824,77.06288349,"continental, italian, fast food, north indian, beverages, coffee",not specified
Smile Tadka House,"North Indian, Mughlai",300,"uttam nagar, new delhi",4.0,42,3.7,75,https://www.zomato.com/ncr/smile-tadka-house-uttam-nagar-new-delhi,"B 207, Hastsal Road, Near Police Station, Uttam Nagar, New Delhi",9.19312E+11,28.62538672,77.06467588,"aloo pyaz paratha, aloo jeera, kurkure momo, raita, fried rice","economical, not very crowded, pocket friendly, food service, great recommendations, prompt service"
The Maghico Food Service,North Indian,500,"dlf phase 3, gurgaon",4.0,270,3.9,8238,https://www.zomato.com/ncr/the-maghico-food-service-dlf-phase-3,"U 77/14, Basement, DLF Phase 3, Gurgaon",9.18178E+11,28.49013012,77.09315825,"family crowd, good music, good wifi, young crowd, fresh food, friendly staff",not specified
Desi We Desi,"North Indian, Chinese",500,"sector 14, gurgaon",4.0,157,3.9,52,https://www.zomato.com/ncr/desi-we-desi-sector-14,"Shop 3, Huda Market, Sector 14, Gurgaon",9.17504E+11,28.47306476,77.04862352,"chicken lapeta, paneer parantha, chicken curry, chole bhature, soup, cheesecake","good packaging, good quality food, customizable food, elaborate menu, fresh food, packing"
D-11 Foods,North Indian,400,"gaur city 1, greater noida",4.0,182,3.9,53,https://www.zomato.com/ncr/d-11-foods-gaur-city-1-greater-noida,"5, Lower Ground Floor, City Plaza, Gaur City 1, Greater Noida",9.19872E+11,28.61505144,77.42727265,"chicken dum biryani, chicken rara, chicken tandoori, chicken tikka masala, malai tikka, biryani","inexpensive, comfort food, polite staff, amazing taste, good ambience, great service"
Mughalistan Foods,"Mughlai, North Indian",600,"gaur city 1, greater noida",4.0,94,4.0,478,https://www.zomato.com/ncr/mughalistan-foods-1-gaur-city-1-greater-noida,"Shop 27, Lower Ground, City Plaza, Gaur City 1, Greater Noida",9.19772E+11,28.61511913,77.42760759,"naga thali, pork ribs, chicken momo, soup, spring rolls, chutney","casual seating area, great ambiance, polite staff, good quantity, amazing place, portions"
Nagaland Old,"Chinese, Naga, Momos, Beverages",800,"dilli haat, ina, new delhi",4.0,314,0.0,0,https://www.zomato.com/ncr/nagaland-old-ina-new-delhi,"Stall 16, Dilli Haat, INA, New Delhi",9.11125E+11,28.57309769,77.20648728,"strawberry soda, belgium chocolate, fruit cream, ice creams, shakes","great fragrance, pocket friendly, family crowd, flavour, prices, quality"
Creamy Fun Laxmi Ice Cream,"Ice Cream, Desserts",200,"delhi university-gtb nagar, new delhi",4.0,297,3.9,37,https://www.zomato.com/ncr/creamy-fun-laxmi-ice-cream-delhi-university-gtb-nagar-new-delhi,"H2, Hudson Line, Kingsway Camp, Delhi University-GTB Nagar, New Delhi",9.11127E+11,28.69692294,77.20455408,"chinese, good quantity, great portions, timely service, delicious food, good food",not specified
Noodle Oodle,"Chinese, Asian",700,"ashok vihar phase 2, new delhi",4.0,199,4.0,3647,https://www.zomato.com/ncr/noodle-oodle-ashok-vihar-phase-2-new-delhi,"Shop 14, Krown Complex, Local Shopping Centre, Ashok Vihar Phase 2, New Delhi",9.11147E+11,28.69612153,77.17939664,"chole, veg biryani, chilli garlic noodles, raita, kadai paneer, sweets","chirpy crowd, casual seating area, delivery services, pocket friendly, polite staff, authentic taste"
"Om Bikaner Sweets, Bakery & Restaurant","North Indian, Fast Food, Mithai, Desserts",350,"chhatarpur, new delhi",4.0,480,3.2,6469,https://www.zomato.com/ncr/om-bikaner-sweets-bakery-restaurant-chhatarpur-new-delhi,"Near Nanda Hospital, Chattarpur Main Road, Chhatarpur, New Delhi",9.18899E+11,28.49796197,77.18495853,"chilli mushroom, afghani chaap, tandoori momos, naan","best services, great recommendations, good crowd, fast delivery, best food, reasonable price"
Mr Singh's Tandoori Hut,"North Indian, Chinese, Seafood, Mughlai, Fast Food",600,"nit, faridabad",4.0,446,3.9,10600,https://www.zomato.com/ncr/mr-singhs-tandoori-hut-nit-faridabad,"5/D/110, Opposite Bijli Board, NIT, Faridabad",9.11294E+11,28.39883431,77.30431113,"kadhi chawal, panneer butter masala, dessert counter, noodle, malai chaap, veg thali","quaint little place, bottomless brunch, family crowd, student crowd, young crowd, tasty food"
4U,"North Indian, Chinese, Fast Food",450,"sector 72, noida",4.0,455,3.6,9941,https://www.zomato.com/ncr/4u-sector-72-noida,"Amrapali Princely Estate, Sector 72, Noida",9.19991E+11,28.56633915,77.38171432,"great seating capacity, pocket friendly, good taste, quantity, good food",not specified
Shudh Vaishno Shanker Dhaba,"North Indian, Rolls",350,"paschim vihar, new delhi",4.0,336,4.1,10700,https://www.zomato.com/ncr/shudh-vaishno-shanker-dhaba-paschim-vihar-new-delhi,"Shop 163, A-6, LSC DDA Market, Paschim Vihar, New Delhi",9.19717E+11,28.67497117,77.10674666,"paneer tikka grill, afghani soya chaap, mutton seekh kebab, fried chicken, butter naan, chaap","excellent location, served quickly, great veg options, fantastic decoration, low price, filling food"
Kaka's Chicken,"North Indian, Mughlai, Biryani, Rolls",600,"sector 56, gurgaon",4.0,105,3.7,387,https://www.zomato.com/ncr/kakas-chicken-sector-56,"Shop 12, More Market, Sector 56, Gurgaon",9.19818E+11,28.4280448,77.099659,"orange mojito, pizza parantha, ginger tea, chai, noodle, vada pao","peaceful environment, casual seating area, good crowd, elegantly decorated, polite staff, great recommendations"
Chai Mantra,"Chinese, Fast Food, Beverages, Burger, Tea, Street Food",500,"laxmi nagar, new delhi",4.0,611,3.6,10700,https://www.zomato.com/ncr/chai-mantra-laxmi-nagar-new-delhi,"2-A, First Floor, Vijay Block, Mandawali Fazal Pur, Laxmi Nagar, New Delhi",9.18007E+11,28.63432675,77.28273343,"low price, good taste, good food, prices, quantity, staff",not specified
South Store,South Indian,400,"sector 14, gurgaon",4.0,283,3.9,5911,https://www.zomato.com/ncr/south-store-sector-14,"Shop 155, 157, 169, Sector 14, Gurgaon",9.11242E+11,28.474274,77.0474457,"eggless chocolate truffle, white forest cake, cupcakes, brownies, pastries, breads","nice place, prices, quality, experience, service, taste"
Defence Bakery,"Bakery, Fast Food",400,"sector 41, noida",4.0,237,4.3,692,https://www.zomato.com/ncr/defence-bakery-sector-41-noida,"30, C Block Market, Sector 41, Noida",9.11204E+11,28.56897425,77.36195248,"plenty of vegetarian options, unlimited refills, elegantly decorated, not very crowded, comfort food, prompt service",not specified
Dilli Sweets,"North Indian, Mithai, Chinese, Fast Food",350,"shalimar bagh, new delhi",4.0,322,4.1,1083,https://www.zomato.com/ncr/dilli-sweets-shalimar-bagh,"A 10, Sarai Pipal Thalla, Near Metro Pillar 99, Adarsh Nagar, Shalimar Bagh, New Delhi",9.1987E+11,28.7188313,77.16877911,"aloo posto, chicken 65, panner tikka, mutton biryani, mutton curry, tandoori chicken","themed decor, recommended place, tandoori, cute packaging, owner, preparation"
My Spice Kitchen,"North Indian, Mughlai, Biryani, Bengali",750,"chittaranjan park, new delhi",4.0,811,3.9,9662,https://www.zomato.com/ncr/my-spice-kitchen-chittaranjan-park-new-delhi,"Shop 145, Market 1, Chittaranjan Park, New Delhi",9.1991E+11,28.54026906,77.24889569,"lebanese chicken, lebanese shawarma, chicken shawarama, grilled chicken, rolls","prompt service, quick service, owner, great food, great place, price"
Arabian Nites,Lebanese,400,"basant lok market, vasant vihar, new delhi",4.0,430,4.1,4688,https://www.zomato.com/ncr/arabian-nites-vasant-vihar-new-delhi,"59, Basant Lok Market, Vasant Vihar, New Delhi",9.11126E+11,28.55743192,77.1638985,"cafe, italian, pizza, fast food, north indian, beverages",not specified
Dominick Pizza,Pizza,500,"gaur city 2, greater noida",4.0,3,3.1,64,https://www.zomato.com/ncr/dominick-pizza-gaur-city-2-greater-noida,"8, 1st Floor, Bhavishya India Tower, Opposite 10th Avenue, Gaur City 2, Greater Noida",9.17528E+11,28.6184508,77.4274621,"chilli momo, crispy chilli potatoes, chicken momo, tandoori momo, chilli chicken dry, egg curry","not very crowded, bang for the buck, cute little place, casual seating area, great recommendations, low price"
Taste Of Dilli,"Chinese, North Indian, Momos",500,"harsha mall, alpha 1, greater noida, greater noida",4.0,579,3.9,20600,https://www.zomato.com/ncr/taste-of-dilli-alpha-1-greater-noida,"G6, Harsha Mall, Commercial Belt, Near Kotak Mahindra Bank, Alpha 1, Greater Noida",9.19651E+11,28.47197841,77.51281332,"veg thali, shahi paneer, butter chicken, tandoori chicken, mutton, dal makhni","excellent food, good service, spicy, good food, delicious food"
Shimla Dhaba,"North Indian, Chinese, Mughlai, Kebab",600,"naraina, new delhi",4.0,498,3.8,9593,https://www.zomato.com/ncr/shimla-dhaba-naraina-new-delhi,"34, Community Center, Phase 1, Industrial Area, Naraina, New Delhi",9.11148E+11,28.63188457,77.13759441,"tandoori pasta, thick shakes, peri fries, hot chocolate, garlic bread","peaceful ambience, lovely ambience, nice crowd, low price, great recommendations, polite staff"
Birds On A Wire,"Fast Food, Beverages",300,"prashant vihar, new delhi",4.0,236,4.1,205,https://www.zomato.com/ncr/birds-on-a-wire-prashant-vihar-new-delhi,"A-53, Opposite Lancer Convent School, Prashant Vihar, New Delhi",9.18861E+11,28.71021254,77.13408709,"malai kofta, kadhai paneer, paneer butter masala, dal makhani, paneer tikka, pizza","best decor, best in service, comforting atmosphere, best staff, sanitised service, food tastes great"
Manoranjan,"Chinese, Continental, North Indian",500,"sector 5, gurgaon",4.0,294,3.9,25,https://www.zomato.com/ncr/manoranjan-sector-5,"631/4/1, Railway Road, Near Chintpurni Mandir, Sector 5, Gurgaon",9.2E+11,28.48155063,77.02117514,"customizations available, chirpy crowd, cute little place, low price, prompt service, fast delivery",not specified
The King Of Pizza,"Pizza, Fast Food",450,"sector 49, noida",4.0,433,3.7,9211,https://www.zomato.com/ncr/the-king-of-pizza-sector-49-noida,"Near Metro Station, Barola, Sector 49, Noida",9.19316E+11,28.56529027,77.37713579,"dahi chicken, meat curry, bhatti murg, bhatti chicken, daal makhini, dal","excellent food, best food under best budget, hygiene, owner, decor, main course"
Curry Singh Kitchens,North Indian,600,"south city 2, gurgaon",4.0,216,3.8,233,https://www.zomato.com/ncr/curry-singh-kitchens-south-city-2,"DG-01-02, Rodeo Drive, South City 2, Gurgaon",9.19822E+11,28.41980931,77.05157999,"tawa chicken masala, mutton rogan josh, veg biryani, butter chicken","eco friendly packaging, combo, good food, delicious food, service"
Zaika-e-Lucknow,"Mughlai, Rolls",400,"panchsheel square mall, crossing republik, ghaziabad",4.0,328,3.5,10500,https://www.zomato.com/ncr/zaika-e-lucknow-crossing-republik-ghaziabad,"Panchsheel Square Mall, Crossing Republik, Ghaziabad",9.188E+11,28.63079132,77.43437782,"peanut butter chocolate shake, loaded pizzas, paneer sandwich, chicken sandwich, white sauce pasta, pasta","elegantly decorated, healthy food, polite staff, prompt service, cafe, portion size"
Health Freak's Cafe,"Healthy Food, Salad",400,"sector 28, faridabad",4.0,195,3.8,1894,https://www.zomato.com/ncr/health-freaks-cafe-sector-28-faridabad,"183/1, Link Road, Sector 28, Faridabad",9.19891E+11,28.43021004,77.31610749,not specified,not specified
Kuldeep Paranthe Wala,North Indian,250,"yusuf sarai, new delhi",4.0,187,4.2,4435,https://www.zomato.com/ncr/kuldeep-paranthe-wala-yusuf-sarai-new-delhi,"46/16, Near Gate 1, Green Park Metro Station, Yusuf Sarai, New Delhi",9.19873E+11,28.55994414,77.20740996,"mint oreo crumble, kesar badam, cold coffee shake, milkshakes","flavour, good taste, best place, quality, staff, service"
Keventers - Milkshakes & Ice Creams,"Beverages, Desserts, Ice Cream",400,"dlf mall of india, sector 18,  noida, noida",4.0,329,4.0,2155,https://www.zomato.com/ncr/keventers-milkshakes-ice-creams-sector-18-noida,"DLF Mall of India, Sector 18, Noida",9.11207E+11,28.5672985,77.3210974,"loaded pizzas, panneer butter masala, malai paneer, rajma rice, chole, butter roti","drive through, office crowd, economical, chirpy crowd, cute little place, great recommendations"
Pandit Ji Ka Dhaba,North Indian,350,"rohini, new delhi",4.0,515,3.7,2794,https://www.zomato.com/ncr/pandit-ji-ka-dhaba-rohini-new-delhi,"Shop R-18, Phase 1, Budh Vihar, Rohini, New Delhi",9.19972E+11,28.70741719,77.08952185,"paneer tikka pizza, pizzas, white sauce pasta, french fries, sandwich, burgers","price, staff, menu, experience, good quality, service"
Caribbean Pizza,"Pizza, Fast Food, Ice Cream",500,"sohna road, gurgaon",4.0,192,3.5,1132,https://www.zomato.com/ncr/caribbean-pizza-sohna-road,"Shop 211, Raheja Mall, Sector 47, Sohna Road, Gurgaon",9.11166E+11,28.4233928,77.03953017,"outdoor seating arrangement, best in service, excellent location, served quickly, clean and hygienic place, large servings",not specified
Bo Tai - Switch,"Asian, Thai, Chinese, Pizza",2500,"parliament street, new delhi",3.9,153,0.0,0,https://www.zomato.com/ncr/bo-tai-switch-parliament-street-new-delhi,"19, Ashoka Road, Parliament Street, New Delhi",9.19206E+11,28.62099294,77.21817273,"veg creamy pasta, chocolate pyramid pastry, pista barfi, dahi papdi, chole bhatoorey, kalakand","good for families, parking space available, comfortable chairs, variation, family restaurant, street food"
Evergreen Sweet House,"Continental, South Indian, North Indian, Chinese, Street Food, Ice Cream, Beverages",500,"green park, new delhi",3.9,2145,3.4,14,https://www.zomato.com/ncr/evergreen-sweet-house-green-park-new-delhi,"S-29 &30, Main Market, Green Park, New Delhi",9.11127E+11,28.55646394,77.20225878,"paneer peri peri, grilled cottage cheese steak, nachos n salsa, tequila sunrise, shisha, hummus pita","hookahs, rooftop ambience, sheesha, outdoor sitting, ambience was super cool, good for large groups"
1 Oak Cafe & Bar,"Continental, Italian, Chinese, North Indian",1600,"defence colony, new delhi",3.9,1647,4.1,626,https://www.zomato.com/ncr/1-oak-cafe-bar-defence-colony-new-delhi,"Moolchand Flyover Complex, Defence Colony, New Delhi",9.19599E+11,28.56657324,77.2338086,"staff behaviour is excellent, comforting atmosphere, seating, location, fresh food, food quality",not specified
Cafe StayWoke,"Continental, Fast Food, Beverages",1500,"golf course extension, gurgaon",3.9,103,0.0,0,https://www.zomato.com/ncr/cafe-staywoke-golf-course-extension,"Ground Floor, Worldmark, Sector 65, Near Golf Course Extension, Gurgaon",9.19818E+11,28.3974,77.072,"lekka is a pop singer-songwriter who recently released her sensational debut single ‘ride’ she was india’s top finalist on south asia’s biggest english singing show ‘the stage, season...read more","beautiful decor, cooperative staff, nice concept, dj, great recommendations, server"
Saga - Cuisines Of India,"Modern Indian, North Indian, Desserts, Mughlai",3000,"golf course road, gurgaon",3.9,66,0.0,0,https://www.zomato.com/ncr/saga-cuisines-of-india-golf-course-road,"Vatika Atrium, Golf Course Road, Gurgaon",9.17429E+11,28.43991338,77.10187289,"hospitality was good, ambience was super cool, variety of pizza, customizable dishes, weekend brunch, vibe",not specified
Tera Vita,"Continental, Italian",1200,"khan market, new delhi",3.9,216,3.9,14,https://www.zomato.com/ncr/tera-vita-khan-market-new-delhi,"11, 1st Floor, Khan Market, New Delhi",9.19874E+11,28.59982463,77.22639162,"staff service, outdoor seating, good hospitality, variety of pizza, weekend brunch, good music",not specified
Unwind by Amuse House,"North Indian, Chinese, Continental, Italian",1800,"khel gaon marg, new delhi",3.9,292,0.0,2,https://www.zomato.com/ncr/unwind-by-amuse-house-khel-gaon-marg-new-delhi,"1st Floor, Ansal Plaza, C Block, Khel Gaon Marg, New Delhi",9.18449E+11,28.5623424,77.222425,"fusion menu, bookshelf, couple friendly, cashless payments, customizable dishes, cafe",not specified
Cafe Reed,"North Indian, Continental, Bakery, Desserts, Asian, Ice Cream, Beverages",1700,"two horizon center, golf course road, gurgaon",3.9,160,3.5,43,https://www.zomato.com/ncr/cafe-reed-golf-course-road,"1st Floor, Two Horizon Center, DLF Phase 5, Golf Course Road, Gurgaon",9.19959E+11,28.45102672,77.09725834,"paneer fried rice, chilli paneer, chilli chicken, chicken tikka, white sauce pasta, pasta","themed decor, fusion dishes, gastronomical experience, comfortable seating area, packed on weekends, hookah"
Angooor,"North Indian, Continental, Asian, Italian, Beverages",1200,"punjabi bagh, new delhi",3.9,199,0.0,0,https://www.zomato.com/ncr/angooor-punjabi-bagh-new-delhi,"42, 3rd Floor, NWA Club Road, Punjabi Bagh West, Near Punjabi Bagh, New Delhi",9.19089E+11,28.66678712,77.11993709,"whiskey cake, gyoza, ramen, pancakes, cheesecake, desserts","service is great, awesome spot to hangout, fantastic decoration, best food under best budget, atmosphere, portions"
Harajuku Tokyo Cafe,"Cafe, Japanese, Sushi, Desserts, Asian",800,"select citywalk mall, saket, new delhi",3.9,154,4.2,200,https://www.zomato.com/ncr/harajuku-tokyo-cafe-saket-new-delhi,"F-40, First Floor, Select City Walk Mall, Saket, New Delhi",9.19561E+11,28.52908337,77.21828382,"zafrani malai kofta, keema mutter, mutton seekh kebab, kulfi, chicken tandoori, butter naan","variety of veg options, themed decor, comfortable seating area, server, good quality food, family crowd"
Moets Curry Leaf,"North Indian, Mughlai, Biryani, Rolls, Desserts, Seafood",1500,"defence colony main market, defence colony, new delhi",3.9,378,4.2,1762,https://www.zomato.com/ncr/moets-curry-leaf-defence-colony-new-delhi,"50, Defence Colony Market, Near Defence Colony, New Delhi",9.19319E+11,28.57332265,77.23078139,"excellent variety, cool ambience, sitting, weekend brunch, server, customizable food",not specified
Mesa Wine Bistro,"European, Continental, Salad, Italian",1500,"worldmark 3, aerocity, new delhi",3.9,126,0.0,4,https://www.zomato.com/ncr/mesa-wine-bistro-1-aerocity-new-delhi,"Worldmark 3, Aerocity, New Delhi",9.1886E+11,28.551939,77.121692,"fettuccine pasta, red wine sangria, peri peri pizza, bruschetta, smoothies, coffees","artistic ambience, classy decor, classy ambience, beautiful cafe, cozy, great interiors"
The Art House Restaurant,"Cafe, Continental, Kebab, Asian, North Indian, Fast Food, Beverages",1800,"connaught place, new delhi",3.9,868,3.9,44,https://www.zomato.com/ncr/the-art-house-restaurant-connaught-place-new-delhi,"N 35, Ground Floor, Connaught Circus, Block N, Connaught Place, New Delhi",9.19811E+11,28.63042318,77.22128369,"thai spring roll, chilli garlic noodles, honey chilli potatoes, starters, butter chicken, pizza","gastronomical experience, comfortable seating area, servicing, family place, inexpensive, family crowd"
Empress Delhi,"North Indian, Chinese, Continental, Mughlai",800,"rajouri garden, new delhi",3.9,240,3.6,40,https://www.zomato.com/ncr/empress-delhi-rajouri-garden-new-delhi,"B 28, Vishal Enclave, Rajouri Garden, New Delhi",9.11141E+11,28.65345847,77.11850747,"beautiful view, awesome staff, sanitised service, ambience was super cool, best staff, large servings",not specified
Rooftop - The View,"North Indian, South Indian, Continental, Italian, Asian, Desserts, Beverages",2800,"kaushambi, ghaziabad",3.9,130,0.0,0,https://www.zomato.com/ncr/rooftop-the-view-kaushambi-ghaziabad,"Plot CK 2, Sector 14, Kaushambi, Ghaziabad",9.18744E+11,28.63968704,77.32615303,"bharwa tandoori aloo, rara gosht, tandoori mushrooms, chicken keema, dahi ke sholey, tandoori chicken","great food at affordable price, price vs quality, family favorite, amazing food and experience, happy hour, comfortable seating area"
The Tandoori Village,"North Indian, Mughlai, Italian, Chinese, Beverages",1500,"sector 18, noida",3.9,491,4.2,127,https://www.zomato.com/ncr/the-tandoori-village-sector-18-noida,"J 57, 1st Floor, Sector 18, Noida",9.11205E+11,28.56875841,77.32412998,"sitting, weekend brunch, vibe, good music, good wifi, food presentation",not specified
Altogether Experimental A.T.E,"Cafe, Continental, Healthy Food, Desserts, Beverages",1400,"saket, new delhi",3.9,92,3.9,93,https://www.zomato.com/ncr/altogether-experimental-a-t-e-saket-new-delhi,"Plot 2, Khasra 264, Westend Marg, Saidulajab, Saket, New Delhi",+91 8068974493,28.51815313,77.19799038,"sanitised service, ambience was super cool, clean and hygienic place, fantastic decoration, served quickly, affordable prices",not specified
Greetoz,"Cafe, Chinese, Fast Food, North Indian, Continental",650,"delhi university-gtb nagar, new delhi",3.9,136,3.9,33,https://www.zomato.com/ncr/greetoz-2-delhi-university-gtb-nagar-new-delhi,"DDA-10, Hudson Lane, Delhi University-GTB Nagar, New Delhi",9.19556E+11,28.69384872,77.20478475,"take your decadence to a new level with a specially curated all-you-can drink buffet with unlimited refills at grappa bar.

the available packages are:
inr 2,000 plus taxes for 2 hours
inr 2,800...read more",not specified
"Grappa - Shangri-La's - Eros Hotel, New Delhi","Italian, Finger Food, Salad",3500,"shangri-la's - eros hotel, connaught place, new delhi",3.9,182,0.0,0,https://www.zomato.com/ncr/grappa-shangri-las-eros-hotel-new-delhi-connaught-place-new-delhi,"19, Lobby Level, Ashoka Road, Connaught Place, New Delhi",9.11141E+11,28.62119823,77.21675009,"panneer butter masala, chilly chicken, margherita pizza, chilli paneer, raita, chinese food","happy hour, comfortable seating area, more variety, rooftop, good options, very affordable"
DnD,"Chinese, North Indian, Mughlai",950,"sector 6, dwarka, new delhi",3.9,311,3.6,171,https://www.zomato.com/ncr/dnd-sector-6-dwarka-new-delhi,"Shop 15-16, 3rd Floor, Supreme Plaza, Main Market, Sector 6, Dwarka, New Delhi",9.19599E+11,28.59167505,77.05854937,"california chicken, grilled chicken steak, crepes, waffles, dessert, coffee","portion size was good, great buffet spread, fusion dishes, themed decor, gastronomical experience, comfortable seating area"
Jen & Cha's,"American, Italian, Mexican, Beverages, Desserts, Salad, Cafe",800,"starling mall, sector 110, noida, noida",3.9,106,3.9,68,https://www.zomato.com/ncr/jen-chas-sector-110-noida,"Starling Mall, 3rd Floor, Sector 104, Near Sector 110, Noida",9.16203E+11,28.5419693,77.3705789,"sushi, dimsums, mocktails, cheesecake, desserts, drinks","decent portions, rooftop, variety of pizza, beautiful place, good options, live music"
MIC Drop,"North Indian, Chinese, Italian, Continental",2000,"south extension 2, new delhi",3.9,204,0.0,0,https://www.zomato.com/ncr/mic-drop-south-extension-2-new-delhi,"M-4, South Extension 2, New Delhi",+91 8068972850,28.56784265,77.22417645,"cordial staff, cozy ambiance, pocket friendly, street food, great recommendations, prompt service",not specified
Classic Caterer's,Street Food,200,"rohini, new delhi",3.9,258,4.2,9033,https://www.zomato.com/ncr/classic-caterers-2-rohini-new-delhi,"I-1/29, Sector 16, Rohini, New Delhi",9.19211E+11,28.73906383,77.12412335,"shawarma wrap, chicken kalmi, masala paneer, afghan chicken, tandoori chaap, chicken shawarma","low price, casual seating area, great recommendations, nice crowd, family restaurant, hygienic food"
Manjeet Restaurant,"North Indian, Mughlai, Chinese, Rolls",600,"jail road, new delhi",3.9,935,3.8,12100,https://www.zomato.com/ncr/manjeet-restaurant-jail-road-new-delhi,"Shop 4 - 8, DDA Market, Jail Road, New Delhi",9.19811E+11,28.63137076,77.09793493,"tandoori tikka, phirni, soya chaap, malai kofta, paneer tikka, dal","comfortable seating area, family place, fancy crowd, lovely place, live music, theme"
Garam Dharam,"North Indian, Chinese",1800,"sector 18, noida",3.9,526,3.9,235,https://www.zomato.com/ncr/garam-dharam-sector-18-noida,"N 15 & 16, N Block, Sector 18, Noida",9.1767E+11,28.57176121,77.32378799,"roomali roti, mutton curry, chicken curry, malai tikka, fish tikka, kabab","takeaway, waiter, quick service, table, environment, portions"
RDX Reloaded,"Mughlai, North Indian, Chinese, Beverages",800,"safdarjung, new delhi",3.9,711,3.7,2017,https://www.zomato.com/ncr/rdx-reloaded-safdarjung-new-delhi,"AB 12, Safdarjung Enclave Market, Near Safdarjung, New Delhi",9.18929E+11,28.5657127,77.198848,"kutumb offers india's largest thali

price: 3000/- is reduced down to 2499/- all inclusive.

t&c- 1) prior booking required
         2) preparation time: 30 mins
         3) sufficient for 4-5...read more",not specified
Kutumb,"North Indian, Chinese, Continental, Desserts",800,"south city 2, gurgaon",3.9,233,3.3,84,https://www.zomato.com/ncr/kutumb-south-city-2,"104, 1st Floor, SS Plaza, Sector 47, South City 2, Gurgaon",9.2E+11,28.42686207,77.05699001,"soya masala chaap, dal makhni, noodles, momos, pizza","courteous and helping staff, very affordable, reasonable rates, seating area, spill proof packaging, wonderful presentation"
Hungry Tau,"North Indian, Chinese, Fast Food, Beverages",600,"dlf phase 1, gurgaon",3.9,158,3.8,204,https://www.zomato.com/ncr/hungry-tau-dlf-phase-1,"D-144, Shopping Mall, Arjun Marg, DLF Phase 1, Gurgaon",9.19651E+11,28.46576013,77.0996958,"buffet, salads, dessert, white sauce pasta, breads, pizza","cooking stations, attentive service, worth the price, more variety, parking, good value"
Infinity - Crowne Plaza,"Italian, North Indian, Continental, Beverages",3000,"crowne plaza, mayur vihar phase 1, new delhi",3.9,297,0.0,9,https://www.zomato.com/ncr/infinity-crowne-plaza-mayur-vihar-new-delhi,"Crowne Plaza, 13 B, District Centre, Mayur Vihar Phase 1, New Delhi",9.18447E+11,28.58998553,77.29837473,"ample seating area, relaxed atmosphere, portions, table, location, seating",not specified
Cha-Shi,"Asian, Desserts, Beverages",1800,"dlf emporio mall, vasant kunj, new delhi",3.9,239,0.0,2,https://www.zomato.com/ncr/cha-shi-vasant-kunj-new-delhi,"Ground Floor, DLF Emporio Mall, Nelson Mandela Marg, Vasant Kunj, New Delhi",9.19999E+11,28.54369178,77.15683255,"steamed chicken momo, chicken dimsums, noodle, spring roll, honey chilli potato, fried rice","family place, servings, cleanliness, chinese, portion size, great ambience"
Chilli Singh,"Chinese, Thai, Seafood",800,"green park, new delhi",3.9,160,4.2,2148,https://www.zomato.com/ncr/chilli-singh-green-park-new-delhi,"G-1 A, D-1, Aashirwad Commercial Complex, Green Park, New Delhi",9.19999E+11,28.55704084,77.20493194,"rose milk, grilled cheese sandwich, green tea, momos","breakfast options, great menu, clean and hygienic place, best staff, nice concept, served quickly"
"Chai Lelo - Chai, Snacks & More","Tea, Beverages, Fast Food, Street Food",300,"green park, new delhi",3.9,119,3.9,69,https://www.zomato.com/ncr/chai-lelo-chai-snacks-more-green-park-new-delhi,"S/1, Green Park Extension, Green Park, New Delhi",9.11141E+11,28.55755589,77.20575135,"dragon rolls, kitkat shake, chilly potato, mojito, mocktails, soya chaap","music playlist, pocket friendly prices, sheesha, comfortable seating, more variety, nice music"
TBH - The Big House Cafe,"Cafe, North Indian, Chinese, Continental",700,"satyaniketan, new delhi",3.9,437,4.2,283,https://www.zomato.com/ncr/tbh-the-big-house-cafe-satyaniketan-new-delhi,"37, 1st Floor, Satyaniketan, New Delhi",9.19811E+11,28.58808196,77.16786012,"family place, family restaurant, good value, behavior, parking, perfect presentation",not specified
Mughal Cuisine Foods,"Mughlai, North Indian, Fast Food, Beverages",1000,"jasola, new delhi",3.9,155,4.2,1550,https://www.zomato.com/ncr/mughal-cuisine-foods-jasola-new-delhi,"D 23, Abdul Fazal Enclave Part 1, Kalindi Kunj Road, Jasola, New Delhi",9.11144E+11,28.55791045,77.29634866,"garlic paneer kulcha, cheese kulcha, mix kulcha, delux thali, chole, shahi paneer","best in service, sanitised service, cooperative staff, served quickly, perfect presentation, spill proof packaging"
Kulcha Republic,North Indian,350,"karol bagh, new delhi",3.9,83,3.6,206,https://www.zomato.com/ncr/kulcha-republic-1-karol-bagh-new-delhi,"2311, Pili Building, Arya Samaj Road, Karol Bagh, New Delhi
",9.18929E+11,28.64862026,77.19229035,"nutella milkshake, thick shakes, alfredo pasta, mojito, coffee, burger","served quickly, good music, best food under best budget, young crowd, cafe, student crowd"
Le Winkies,"Sandwich, Fast Food, Pizza, Street Food, Beverages",300,"raj nagar, ghaziabad",3.9,69,4.3,303,https://www.zomato.com/ncr/le-winkies-raj-nagar-ghaziabad,"D2, RDC, Block 1, Raj Nagar, Ghaziabad",9.2E+11,28.67507618,77.4417083,"amazing interiors, comforting atmosphere, recommended place, food presentation, courteous staff, worth the money",not specified
Brownie Heaven,Desserts,300,"punjabi bagh, new delhi",3.9,79,4.3,62,https://www.zomato.com/ncr/brownie-heaven-punjabi-bagh-new-delhi,"Shop 2/23, Club Road, Punjabi Bagh, New Delhi",9.17218E+11,28.66645352,77.12484956,"bagels, paneer pizza, pastry, hot chocolate, coffee, pizzas","cashless payments, nice concept, delicious taste, mouth watering food, best quality, perfect presentation"
Brews N Bagels,"Cafe, Beverages, Panini, Sandwich, Burger, Italian, Rolls",1000,"sector 50, gurgaon",3.9,148,4.2,109,https://www.zomato.com/ncr/brews-n-bagels-sector-50,"Shop C-31, Ground Floor, Nirvana Courtyard, Nirvana Country, Sector 50, Gurgaon",9.19954E+11,28.41443133,77.06544466,"rooftop ambience, comfortable seating area, view, courteous staff, bar, polite staff",not specified
Maamouche's Alchemy Bar,"North Indian, Pizza, Bar Food, Kebab",1200,"starling mall, sector 110, noida, noida",3.9,188,4.0,104,https://www.zomato.com/ncr/maamouches-alchemy-bar-sector-110-noida,"Level 5, The Starling Mall, Sector 104, Near Sector 110, Noida",9.19811E+11,28.54242944,77.3697919,"maggie, cheese garlic bread, coffees, chai, cold coffee, shakes","nice concept, served quickly, clean and hygienic place, fresh food with good quality, portion size, perfect presentation"
Chai Sutta Bar,"Beverages, Fast Food, Tea",350,"satyaniketan, new delhi",3.9,72,3.8,61,https://www.zomato.com/ncr/chai-sutta-bar-satyaniketan-new-delhi,"Shop 93, South Campus, Opposite Sri Venkateshwara College, Satyaniketan, New Delhi",9.18446E+11,28.5883846,77.16842607,"staff, value for money, packaging, service, taste, food",not specified
CAARA at Ogaan,"European, Mediterranean, Healthy Food, Beverages, Pasta, Bakery",1800,"chanakyapuri, new delhi",3.9,81,4.0,84,https://www.zomato.com/ncr/caara-at-ogaan-1-chanakyapuri-new-delhi,"1st Floor, Diplomatic Enclave, Dharam Marg, Block Y, Malcha, Chanakyapuri, New Delhi",9.11142E+11,28.60223989,77.18668789,"good music, student crowd, customizable food, young crowd, food quality, elaborate menu",not specified
Right Choice Food Hub,"North Indian, Street Food, Chinese, Fast Food, Pizza, Beverages",450,"shahdara, new delhi",3.9,49,3.7,179,https://www.zomato.com/ncr/right-choice-food-hub-shahdara-new-delhi,"C-8/5, Ground Floor, Yamuna Vihar, Shahdara, New Delhi",9.17429E+11,28.70064023,77.27407325,"cute little place, breakfast, amazing food, preparation, hygiene, food presentation",not specified
Sita Ram Diwan Chand,"North Indian, Street Food",300,"paschim vihar, new delhi",3.9,611,4.0,9977,https://www.zomato.com/ncr/sita-ram-diwan-chand-paschim-vihar-new-delhi,"G-104, Shivam Tower, DDA Commercial Center, Paschim Vihar, New Delhi",9.19999E+11,28.6701113,77.10168198,"awesome spot to hangout, best staff, fantastic decoration, served quickly, nice concept, clean and hygienic place",not specified
Onety One,"Fast Food, Burger, Beverages",600,"dlf phase 4, gurgaon",3.9,65,3.9,47,https://www.zomato.com/ncr/onety-one-dlf-phase-4,"SF-26, 1st Floor, Galleria Market, DLF Phase 4, Gurgaon",9.19959E+11,28.46718313,77.08226245,"variety of veg options, comforting atmosphere, great menu, fantastic decoration, clean and hygienic place, food tastes great",not specified
Ds Dosa Factory,"South Indian, Chinese, North Indian, Beverages",600,"connaught place, new delhi",3.9,75,0.0,18,https://www.zomato.com/ncr/ds-dosa-factory-connaught-place-new-delhi,"N-19, Outler Circle, Connaught Place, New Delhi",9.11143E+11,28.6301644,77.2208148,"bar, ambiance, music, best place, food quality, menu",not specified
Lust - Radisson Blu Kaushambi Delhi NCR,Finger Food,1500,"radisson blu hotel, kaushambi, ghaziabad",3.9,125,0.0,0,https://www.zomato.com/ncr/lust-radisson-blu-kaushambi-delhi-ncr-kaushambi-ghaziabad,"H-3, Radisson Blu Hotel, Sector-14, Kaushambi, Ghaziabad",9.18744E+11,28.63690423,77.32829578,"butter noodles, lemon chaap, veg tandoori platter, achari chaap, tawa chaap, panner tikka","large servings, best in service, affordable, fantastic decoration, nice concept, clean and hygienic place"
The Chaap Factory,"Chinese, North Indian, Momos, Fast Food",450,"geeta colony, new delhi",3.9,123,3.8,757,https://www.zomato.com/ncr/the-chaap-factory-2-geeta-colony-new-delhi,"11/114, Block-11, Geeta Colony, New Delhi",9.17011E+11,28.65388126,77.27701597,"malai soya chaap, panneer butter masala, paneer tikka masala, honey chilli potatoes, dal makhani","natural ambience, ample seating area, serving size, beautiful place, live music, family crowd"
Green Vatika,"North Indian, Chinese, Fast Food, Mughlai, Beverages",1200,"rohini, new delhi",3.9,272,3.5,407,https://www.zomato.com/ncr/green-vatika-rohini-new-delhi,"House 12, Sector 9, Rohini, New Delhi",9.2E+11,28.712972,77.126396,"interior, elaborate menu, young crowd, customizable food, food quality, worth the money",not specified
Shagun Sweets,"Mithai, Street Food, Desserts",300,"laxmi nagar, new delhi",3.9,67,4.3,501,https://www.zomato.com/ncr/shagun-sweets-laxmi-nagar-new-delhi,"B 43 & 44, Gurunanak Pura, Khureji Road, Laxmi Nagar, New Delhi",9.199E+11,28.63761576,77.28479639,"afghan chicken, tawa chicken, chicken tikka masala, mutton curry, paneer butter masala, chicken curry","inexpensive, good crowd, prompt service, server, atmosphere, meals"
Miglani Eating House,"North Indian, Chinese",600,"mukherjee nagar, new delhi",3.9,387,3.6,3751,https://www.zomato.com/ncr/miglani-eating-house-mukherjee-nagar-new-delhi,"Outram Lane, East Parmanand Colony, Indra Vihar, Mukherjee Nagar, New Delhi",9.19654E+11,28.70568572,77.21204348,"stylish crockery, ambience was super cool, served quickly, weekend brunch, family crowd, good wifi",not specified
Gola Sizzlers - Naresh Gola Group,"Chinese, North Indian, Mughlai, Italian, Fast Food, Beverages",1600,"preet vihar, new delhi",3.9,57,0.0,9,https://www.zomato.com/ncr/gola-sizzlers-naresh-gola-group-preet-vihar-new-delhi,"C 59, First Floor, Vikas Marg, Preet Vihar, New Delhi",9.18801E+11,28.63865038,77.29144759,"masala chaap roll, chicken rara, chilli potatoes, chilli chicken, spring roll, butter chicken","awesome spot to hangout, sanitised service, excellent location, fantastic decoration, served quickly, clean and hygienic place"
Late Lateefe,"North Indian, Mughlai, Chinese",300,"laxmi nagar, new delhi",3.9,114,3.8,1101,https://www.zomato.com/ncr/late-lateefe-1-laxmi-nagar-new-delhi,"D-58, CR Road, Laxmi Nagar, New Delhi",9.19626E+11,28.63202641,77.27824677,chinese decor and good chinese delicacies from their dim sums to kung pao chicken to dry chilly chicken,not specified
Nanking,"Chinese, Seafood, Asian",2000,"vasant kunj, new delhi",3.9,544,4.2,1981,https://www.zomato.com/ncr/nanking-vasant-kunj-new-delhi,"C-6, Local Shopping Complex, Opposite Delhi Public School, Vasant Kunj, New Delhi",9.11126E+11,28.53670514,77.14812912,"huge vegetarian menu, good for families, parking space available, breakfast options, hygienic place, reasonable rate",not specified
Bikaner's Sweets,"Mithai, Street Food, Desserts, South Indian",300,"indirapuram, ghaziabad",3.9,203,4.2,11300,https://www.zomato.com/ncr/bikaners-sweets-indirapuram-ghaziabad,"Shop GC-G7, Plot C/GH 3, Aditya Mega City, Vaibhav Khand, Indirapuram, Ghaziabad",9.19212E+11,28.63610678,77.36043468,"cozy ambiance, parking space, casual seating area, great recommendations, seating arrangement, prompt service",not specified
Laguna,Chinese,500,"yashwant place commercial complex, chanakyapuri, new delhi",3.9,203,4.4,87,https://www.zomato.com/ncr/laguna-chanakyapuri-new-delhi,"Shop 11- 18, Yashwant Place Commercial Complex, Chanakyapuri, New Delhi",9.19811E+11,28.58425381,77.19148133,"family crowd, location, nice place, ambience, quality, price",not specified
Raj Mahal Delux,"North Indian, Mughlai, Chinese",700,"old railway road, gurgaon",3.9,271,0.0,0,https://www.zomato.com/ncr/raj-mahal-delux-old-railway-road,"A-1/9, Raj Mahal Building, New Colony More, Old Railway Road, Gurgaon",9.19953E+11,28.46721379,77.02069603,"cheese garlic bread, pepperoni pizza, coffees, pastas, spaghetti, thin crust pizza","quaint little place, serving size, fresh ingredients, courteous staff, waiter, hospitality"
Amici Cafe,"Cafe, Italian, Salad, Fast Food, Beverages, Pizza",1200,"defence colony main market, defence colony, new delhi",3.9,1130,4.1,5012,https://www.zomato.com/ncr/amici-cafe-defence-colony-new-delhi,"8, Defence Colony Main Market, Defence Colony, New Delhi",9.17828E+11,28.57379699,77.23017555,"maharaja chicken, paneer korma, chicken dum biryani, afghani chicken, veg biryani, rolls","casual seating area, nice crowd, pocket friendly, low price, great recommendations, delicious"
Punjabi Zaika,"North Indian, Mughlai, Chinese, Kebab",500,"chittaranjan park, new delhi",3.9,344,3.9,4790,https://www.zomato.com/ncr/punjabi-zaika-chittaranjan-park-new-delhi,"23, Market 2, Chittaranjan Park, New Delhi",9.1114E+11,28.53641619,77.25329954,"cleanliness, seating area, best food under best budget, hygiene, cafe, good wifi",not specified
Bars N Beans,"Cafe, Desserts, Fast Food, Beverages, Bakery",300,"model town 1, new delhi",3.9,95,3.9,20,https://www.zomato.com/ncr/bars-n-beans-model-town-new-delhi,"3/1, Vishal Market, Near Tagore Park, Model Town 1, New Delhi",9.11147E+11,28.707441,77.203067,"brinjal fry, bhapa ilish, mishti pulao, fry prawns, premium veg thali, chicken rezala","themed decor, ample seating area, relaxed atmosphere, authentic taste, courteous staff, best places"
Amar Shonar Bangla,"Bengali, North Indian, Seafood",700,"chittaranjan park, new delhi",3.9,596,4.0,14300,https://www.zomato.com/ncr/amar-shonar-bangla-chittaranjan-park-new-delhi,"Shop 135, 136 & 143, First Floor, Market 2, Chittaranjan Park, New Delhi",9.19654E+11,28.53630338,77.25301422,"malai soya chaap, veg hakka noodles, honey chilli potatoes, butter chicken","relaxed atmosphere, good for large groups, amazing ambience, family crowd, management, friendly staff"
The Prizm,"North Indian, Chinese",1500,"sector 7, dwarka, new delhi",3.9,159,4.3,139,https://www.zomato.com/ncr/the-prizm-sector-7-dwarka-new-delhi,"C-912, 913 & 914, Ramphal Chowk, Palam Extension, Sector 7, Dwarka, New Delhi",9.17066E+11,28.58560161,77.07125265,"aloo pyaz paratha, mixed vegetables, panneer butter masala, masala chaap, rajma, thali","packed on weekends, combos, quick delivery, good quantity, tasty, good taste"
Puran Dhaba,North Indian,200,"ashok vihar phase 1, new delhi",3.9,563,4.0,39600,https://www.zomato.com/ncr/puran-dhaba-ashok-vihar-new-delhi,"Shop J-11\/11, Sanjay Market, Opposite Nimri Colony, Ashok Vihar Phase 1, New Delhi",9.19313E+11,28.68026938,77.17249364,"inexpensive, price, quantity, value for money, taste",not specified
FKC,"North Indian, Rolls",400,"zakir nagar, new delhi",3.9,340,3.4,80,https://www.zomato.com/ncr/fkc-zakir-nagar-new-delhi,"Near Batla House, Jamia Main Road, Zakir Nagar, New Delhi",9.19911E+11,28.56236856,77.28824604,"ciabatta sandwich, chicken espetada, tandoori fish tikka, pita pocket, chilli paneer gravy, chicken seekh","music and feel, variety of pasta, cozy place, family crowd, management, perfect place"
Routine Affaire Bar and Kitchen,"Cafe, Italian, Mexican, American",1500,"mg road, new delhi",3.9,234,0.0,10,https://www.zomato.com/ncr/routine-affaire-bar-and-kitchen-mg-road-new-delhi,"A 1, Forest Lane, Ghitorni, MG Road, New Delhi",9.18826E+11,28.49545857,77.15112146,"breweed beer, variety of beer, extensive mocktail menu, good bartenders, classy ambience, cozy",not specified
@ Links - Radisson Blu,"Finger Food, Pizza, Beverages",4500,"radisson blu, sector 18, noida, noida",3.9,187,0.0,0,https://www.zomato.com/ncr/@-links-radisson-blu-sector-18-noida,"Radisson Blu, L-2, Sector 18, Noida",9.2E+11,28.56846131,77.32255183,"chilli paneer dosa, rava butter masala dosa, mysore masala dosa, dal makhni, momos","good for large groups, comfortable seating area, family crowd, quick service, reasonable price, hygiene"
The Dosa King,"South Indian, North Indian, Chinese",550,"chander nagar, ghaziabad",3.9,354,3.8,733,https://www.zomato.com/ncr/the-dosa-king-1-chander-nagar-ghaziabad,"E3, Surya Nagar Main Road, Chander Nagar, Ghaziabad",9.11204E+11,28.66744902,77.32906021,"good wifi, student crowd, elaborate menu, customizable food, young crowd, good music",not specified
Gyros Kebab And Grill,"Kebab, Fast Food, Mughlai, North Indian, Chinese",800,"sector 135, noida",3.9,196,3.6,146,https://www.zomato.com/ncr/gyros-kebab-and-grill-sector-135-noida,"Shop 75/76, Assotech Business Cresterra Building, Sector 135, Noida",9.19999E+11,28.49577062,77.40196031,"best staff, comforting atmosphere, sanitised service, excellent location, fantastic decoration, very affordable",not specified
Hot Spot Mini Shop,"Italian, Chinese, Sandwich, Fast Food, Beverages, Pizza",400,"sector 11, dwarka, new delhi",3.9,103,3.8,350,https://www.zomato.com/ncr/hot-spot-mini-shop-sector-11-dwarka-new-delhi,"Shop G-5, G-6, G-7, Ground Floor, Pankaj Arcade, Near Kargil Chowk, Pocket 4, Sector 11, Dwarka, New Delhi",9.17559E+11,28.586763,77.043498,"matki chicken, honey chilli potatoes, afghani chicken, butter chicken, tandoori chicken, naan","family restaurant, family place, owner, nice food, seating, reasonable price"
Dilkhush Food Plaza,"North Indian, Mughlai, Chinese, Rolls",650,"paschim vihar, new delhi",3.9,490,4.0,2830,https://www.zomato.com/ncr/dilkhush-food-plaza-paschim-vihar-new-delhi,"A3, DDA Market, Paschim Vihar, New Delhi",9.19312E+11,28.67045518,77.10878816,"chicken biriyani, chicken curry, kadhai paneer, tandoori chicken, butter chicken","not very crowded, cordial staff, lip smacking food, low price, amazing food, polite staff"
Dhaba Cash 'N' Curry Kitchen,"North Indian, Mughlai",450,"mahipalpur, new delhi",3.9,249,4.0,4611,https://www.zomato.com/ncr/dhaba-cash-n-curry-kitchen-mahipalpur-new-delhi,"Badam Singh Market, National Highway 8, Rangpuri Extention, Mahipalpur, New Delhi",9.19959E+11,28.54139329,77.11821076,"classy ambience, fair prices, best staff, fantastic decoration, large servings, excellent location",not specified
Forest House Cafe,"North Indian, Chinese, Continental, Fast Food, Beverages",500,"sector 17, dwarka, new delhi",3.9,69,0.0,4,https://www.zomato.com/ncr/forest-house-cafe-sector-17-dwarka-new-delhi,"Plot 32, Pocket C 18, Sector 17, Dwarka New Delhi",9.19999E+11,28.589214,77.031168,"rara meat, chicken chowmein, changezi chicken, tawa chicken, butter chicken, dal makhani","relaxed atmosphere, comfortable seating area, family crowd, good taste, main course, price"
Mama's,"North Indian, Chinese, Rolls, Fast Food",500,"rajinder nagar, new delhi",3.9,479,4.0,4806,https://www.zomato.com/ncr/mamas-rajinder-nagar-new-delhi,"4/60, Main Shankar Road, Rajinder Nagar, New Delhi",9.11126E+11,28.63741802,77.18196116,"chicken makhani, malai kofta, mutton biryani, drink, desserts","design, beautiful place, food presentation, seating, elaborate menu, customizable food"
The House Of Celeste,"North Indian, Beverages",1800,"32nd avenue, nh8, gurgaon, gurgaon",3.9,169,3.9,16,https://www.zomato.com/ncr/the-house-of-celeste-sector-15,"32nd Avenue, NH 8, Part 2, Sector 15, Gurgaon",9.2E+11,28.4614179,77.04983018,"variety of pizza, weekend brunch, good music, young crowd, customizable food, elaborate menu",not specified
Dandy - The Fio Bar,"European, Bar Food, Italian",2000,"epicuria food mall, nehru place, new delhi",3.9,62,0.0,5,https://www.zomato.com/ncr/dandy-the-fio-bar-nehru-place-new-delhi,"R-1, Lower Ground Floor, MRT, Nehru Place Metro Station, Nehru Place, New Delhi",9.19971E+11,28.55136769,77.25120977,"tandoori veg platter, paneer pizza, peri peri fries, mocktails, soya chaap, garlic bread","staff communication, ambience was super cool, cashless payments, economical price, staff behaviour, outdoor seating"
Daddy Of Drinks,"North Indian, Chinese, Italian, Continental",1500,"bhikaji cama place, new delhi",3.9,90,3.5,31,https://www.zomato.com/ncr/daddy-of-drinks-bhikaji-cama-place-new-delhi,"SU-7 & 8, Bhikaji Cama Place, New Delhi",9.19251E+11,28.56787475,77.18726825,"indoor seating, owner, amazing place, food quality, customizable food, presentation",not specified
The Master Kitchen,"North Indian, Italian, Mexican, Fast Food, Beverages, Chinese",600,"sector 81, faridabad",3.9,98,3.8,229,https://www.zomato.com/ncr/the-master-kitchen-sector-81-faridabad,"A006b, Ground Floor, Puri High Street, Sector 81, Faridabad",9.18376E+11,28.39301197,77.34046832,"excellent location, served quickly, hygienic, clean and hygienic place, fantastic decoration, reasonable prices",not specified
Adinath Foodie's Haven,North Indian,350,"r k puram, new delhi",3.9,68,3.9,21,https://www.zomato.com/ncr/adinath-foodies-haven-r-k-puram-new-delhi,"Gate 8, Sector 9, RK Puram, New Delhi",9.18596E+11,28.57170353,77.17178822,"ice cream sundae, chocolate fudge, ice creams, icecream, noodle, chowmein","table service, self service, pocket friendly, family crowd, perfect presentation, good taste"
Rupa Ice Cream Parlour & Restaurant,"Desserts, Beverages, Ice Cream",300,"krishna nagar, new delhi",3.9,341,4.1,1489,https://www.zomato.com/ncr/rupa-ice-cream-parlour-restaurant-krishna-nagar-new-delhi,"251/3, Near Arya Samaj Mandir, Krishna Nagar, New Delhi",9.11122E+11,28.66022318,77.2813417,"kullad chai, jal jeera, panneer butter masala, chicken tandoori, gulab jamun, mojito","great buffet spread, variety of veg options, excellent services, ample seating area, large servings, family place"
Dhaba By Punjab,"North Indian, South Indian, Chinese, Mughlai, Kebab, Beverages",550,"indirapuram, ghaziabad",3.9,247,3.8,3841,https://www.zomato.com/ncr/dhaba-by-punjab-1-indirapuram-ghaziabad,"Shop 1, GC Grand Street Market, Indirapuram, Ghaziabad",9.19643E+11,28.63640369,77.3624222,"friendly staff, bar, concept, music, decor, great place",not specified
The Pint Room,"Finger Food, Italian",1600,"vasant vihar, new delhi",3.9,267,0.0,0,https://www.zomato.com/ncr/the-pint-room-vasant-vihar-new-delhi,"2nd Floor, Opposite HDFC Bank, Street D7, Paschmi Marg, Vasant Vihar, New Delhi",9.1954E+11,28.56135881,77.15517864,"chilli potatoes, oreo shake, white sauce pasta, sandwiches, burger, pasta","intimate seating, great for birthdays, serving time, great value, cafe, great ambience"
Baat Cheet Cafe,"Chinese, North Indian, Fast Food, Beverages, Sandwich, Pizza",500,"vaishali, ghaziabad",3.9,150,4.3,264,https://www.zomato.com/ncr/baat-cheet-cafe-1-vaishali-ghaziabad,"Shop 101, Local Shopping Centre, Vaishali, Ghaziabad",9.18368E+11,28.63584517,77.33461205,"mysore dosa, filter coffee, panneer butter masala, sambhar, masala dosa, chutneys","friendly staff, hygiene, awesome food, food quality, good place, indian food"
Shree Rathnam,"South Indian, North Indian, Chinese",800,"rohini, new delhi",3.9,432,4.0,4797,https://www.zomato.com/ncr/shree-rathnam-rohini-new-delhi,"9/33, Pocket C, Sector 7, Rohini, New Delhi",9.1981E+11,28.70977204,77.12264746,"budget food, staff behaviour, family place, hospitality, hygiene, proper packaging",not specified
Punjabi Zaika,"North Indian, Chinese, Rolls",600,"pitampura, new delhi",3.9,338,4.0,2930,https://www.zomato.com/ncr/punjabi-zaika-pitampura-new-delhi,"3539 A, Raja Park, Rani Bagh, Pitampura, New Delhi",9.19953E+11,28.6833037,77.13568702,"afghan chicken, tawa chicken, malai kofta, dal makhni, butter chicken","family restaurant, tandoori, portions, good place, main course, nice place"
Rimpy Gold,"North Indian, Mughlai, Kebab",800,"malviya nagar, new delhi",3.9,448,3.8,29,https://www.zomato.com/ncr/rimpy-gold-malviya-nagar-new-delhi,"Shop 3, E-2/1, Ground Floor, Malviya Nagar, New Delhi",9.19899E+11,28.53359819,77.20901641,"shanghai noodles, authentic tibetan food, double fried pork, devil momos, pork chilli, tingmo","pocket friendly place, family restaurant, low price, favorite place, beautiful place, polite staff"
Tee Dee,"Tibetan, Chinese, Momos, North Indian",500,"majnu ka tila, new delhi",3.9,857,0.0,0,https://www.zomato.com/ncr/tee-dee-majnu-ka-tila-new-delhi,"32, Aruna Nagar, Majnu ka Tila, New Delhi",9.11124E+11,28.70207418,77.2283389,"best staff, excellent location, good music, young crowd, food presentation, timely service",not specified
Bean Sahab,"Cafe, Fast Food, Beverages",650,"safdarjung, new delhi",3.9,51,3.9,56,https://www.zomato.com/ncr/bean-sahab-1-safdarjung-new-delhi,"Shop 10, B-6, DDA Market, Safdarjung Enclave, Safdarjung, New Delhi",9.19818E+11,28.5589488,77.19673108,"afghan chicken, dry manchurian, tawa chicken, kadai paneer, chicken biryani, paneer tikka","cordial staff, good portions, lip smacking food, great recommendations, family restaurant, perfect presentation"
Punjabi Tadka,"North Indian, Mughlai, Chinese, Fast Food",400,"sector 19, faridabad",3.9,355,3.5,9953,https://www.zomato.com/ncr/punjabi-tadka-sector-19-faridabad,"31, Shri Ram Market, Near Badkal Chowk, Sector 19, Faridabad",9.19819E+11,28.42773482,77.31106326,"thick shake, coffees, cakes, breads, sandwiches, burgers","fair prices, customer service, interior, owner, best food under best budget, contactless delivery"
Butter Berry,"Desserts, Fast Food, Beverages",500,"crossing republik, ghaziabad",3.9,136,4.0,503,https://www.zomato.com/ncr/butter-berry-crossing-republik-ghaziabad,"26, Orbit Plaza, Crossing Republik, Ghaziabad",9.18506E+11,28.63106206,77.43521433,"momos platter, chicken lollipops, chinese platter, manchurian, fried rice, noodles","best staff, served quickly, very affordable, nice concept, family crowd, good music"
Kingdom Of Momos,"Chinese, Momos, Rolls, North Indian",450,"sector 7, dwarka, new delhi",3.9,83,4.0,196,https://www.zomato.com/ncr/kingdom-of-momos-sector-7-dwarka-new-delhi,"E-516, Palam Extension, Sector-7, Dwarka, New Delhi",9.19774E+11,28.58505401,77.07196176,"chaap tikka, tandoori soya chaap, mocktails, kadhai paneer, spring roll, soup","amazing ambience, view, good ambience, nice ambience, courteous staff, hospitality"
Oye! Punjab,"North Indian, Mughlai, Chinese, Kebab",1100,"sector 10, dwarka, new delhi",3.9,460,4.1,2628,https://www.zomato.com/ncr/oye-punjab-sector-10-dwarka-new-delhi,"Plot 16, Second Floor, Pankaj Arcade 2, Sector 10, Dwarka, New Delhi",9.188E+11,28.59102415,77.05805585,"panner tikka, chole, samosa, lassi, sweets, butter naan","plenty of vegetarian options, casual seating area, elegantly decorated, pocket friendly, nice crowd, great recommendations"
New Anand Sagar,"Street Food, Fast Food, North Indian, South Indian, Desserts",300,"shahdara, new delhi",3.9,413,4.0,26400,https://www.zomato.com/ncr/new-anand-sagar-shahdara-new-delhi,"C-1/1A, Near C Block, Ghonda Road, Yamuna Vihar, Shahdara, New Delhi",9.19991E+11,28.70259999,77.27245186,"intimate setting, sophisticated, worth the price, good options, great service, portion size",not specified
Nook,"Modern Indian, Continental, Italian, Asian",2100,"aloft, aerocity, new delhi",3.9,192,0.0,3,https://www.zomato.com/ncr/nook-aerocity-new-delhi,"Aloft New Delhi, Street 5B, Aerocity, New Delhi",9.18448E+11,28.552443,77.123473,"intimate setting, great service, ambiance, staff, experience, food",not specified
Spicy Duck - Taj Palace,Asian,4000,"taj palace, chanakyapuri, new delhi",3.9,116,0.0,0,https://www.zomato.com/ncr/spicy-duck-taj-palace-chanakyapuri-new-delhi,"Taj Palace, 2 Sardar Patel Marg, Chanakyapuri, New Delhi",9.11126E+11,28.59518353,77.17172887,"cordial staff, casual seating area, economical, cozy ambiance, nice crowd, mouth watering food",not specified
Zara Chakh Lo,"North Indian, Chinese, Mughlai, Beverages",700,"saket, new delhi",3.9,92,3.7,239,https://www.zomato.com/ncr/zara-chakh-lo-saket-new-delhi,"Shop 264, Kohinoor Enclave, Westend Marg, Saidulajab, Saket, New Delhi",9.19625E+11,28.51680417,77.19759073,"soups, pizzas, white sauce pasta, corn, salad, ice cream","reasonable prices, concept, manager, decor, courteous staff, location"
Da' Pizza Planet,"Pizza, Pasta, Fast Food",600,"janakpuri, new delhi",3.9,499,4.0,2691,https://www.zomato.com/ncr/da-pizza-planet-janakpuri-new-delhi,"88A, C2B Block, Janakpuri, New Delhi",9140113222,28.62166823,77.08863907,"bar, good music, elaborate menu, customizable food, portions, young crowd",not specified
Kimono,"Asian, Japanese, Beverages",2500,"chanakya mall, chanakyapuri, new delhi",3.9,146,3.9,20,https://www.zomato.com/ncr/kimono-chanakyapuri-new-delhi,"Lower Ground Floor, Chanakya Mall, Chanakyapuri, New Delhi",9.17838E+11,28.58419698,77.1904812,"amazing decor, family restaurant, family crowd, elaborate menu, good wifi, good music",not specified
Thrive Restaurant,"North Indian, Chinese, Continental, Mughlai, Beverages",1100,"vasant kunj, new delhi",3.9,98,3.9,1029,https://www.zomato.com/ncr/thrive-restaurant-vasant-kunj-new-delhi,"Shop-8A, 1st Floor, C-31, Khasra-394/341/82, Ch. Nathu Singh Market, Masoodpur, Vasant Kunj, New Delhi",9.19312E+11,28.52504056,77.15491612,"mirchi pakoda, kaju barfi, kaju katli, jalebi, rasmalai, samosa","very clean place, gift baskets available, parking space available, fancy crowd, great taste, worth the money"
Bangla Sweet House,"Mithai, Street Food, North Indian",200,"gole market, new delhi",3.9,327,4.2,6067,https://www.zomato.com/ncr/bangla-sweet-house-gole-market-new-delhi,"115-117, Bangla Sahib Marg, Gole Market, New Delhi",9.11123E+11,28.63364227,77.20858309,"oreo waffle, waffles, pancakes, red velvet, ice cream, shakes","bank for the buck, totally worth it, table service, best service, good packaging, vibe"
Waffle Me Up,"Desserts, Fast Food, Beverages",350,"sector 7, dwarka, new delhi",3.9,141,4.3,1667,https://www.zomato.com/ncr/waffle-me-up-sector-7-dwarka-new-delhi,"D 449, Ramphal Chowk, Palam Extension, Sector 7, Dwarka, New Delhi",9.19972E+11,28.58506962,77.07036987,"family place, great ambience, family crowd, management, best food under best budget, ambiance",not specified
Nine 11,"North Indian, Chinese, Beverages",800,"rohini, new delhi",3.9,109,3.3,121,https://www.zomato.com/ncr/nine-11-rohini-new-delhi,"A & B, Ground Floor, G3S Mall, Near SBI Bank, Sector 11, Rohini, New Delhi",9.19668E+11,28.73436863,77.11362284,"masala soda, chicken popcorn, mixed sauce pasta, kit kat shake, chocolate shake, pastas","intimate seating, quaint little place, hookah, fancy crowd, packed on weekends, friendly place"
Amigo's Hub,"Cafe, Fast Food, Pizza, Wraps, Beverages",400,"satyaniketan, new delhi",3.9,547,3.7,51,https://www.zomato.com/ncr/amigos-hub-satyaniketan-new-delhi,"96, 1st Floor, Opposite Sri Venkateswara College, Satyaniketan, New Delhi",9.188E+11,28.58799011,77.16832515,"freshly made sweets, good for families, good street food, spacious seating area, parking space available, desi food",not specified
Gopal Sweets Corner,"Mithai, Street Food",200,"kamla nagar, new delhi",3.9,255,4.1,4826,https://www.zomato.com/ncr/gopal-sweets-corner-kamla-nagar-new-delhi,"A 43, Satywati Marg, Kamla Nagar, New Delhi",9.19999E+11,28.68232394,77.19984781,"excellent and fast service, good and nice to enjoy, lightings, variety of pizza, weekend brunch, good music",not specified
Stormborn,"Cafe, Continental, Fast Food, Desserts, Beverages",1000,"sector 16, faridabad",3.9,81,3.9,33,https://www.zomato.com/ncr/stormborn-1-sector-16-faridabad,"Booth 123, Sector 16, Faridabad",9.19582E+11,28.41080743,77.31854361,not specified,not specified
Juniper Bar - Andaz Delhi,"North Indian, European",1500,"andaz delhi, aerocity, new delhi",3.9,97,0.0,0,https://www.zomato.com/ncr/juniper-bar-andaz-delhi-aerocity-new-delhi,"Andaz Delhi, Asset 1, Aerocity, New Delhi",9.1729E+11,28.5548045,77.1222243,"mutton seekh kebab, mocktails, soya chaap, chicken curry, momos, drinks","variety of veg options, great menu, comforting atmosphere, ambience was super cool, served quickly, nice concept"
Daddy Of Tastes,"North Indian, Chinese, Mughlai, Continental, Desserts",1700,"sector 29, gurgaon",3.9,104,3.9,19,https://www.zomato.com/ncr/daddy-of-tastes-sector-29,"SCO 33, Leisure Valley Road, Parking Lot, Sector 29, Gurgaon",9.19812E+11,28.46821736,77.06404522,"family restaurant, sitting arrangement, interior, reasonable price, portions, great place",not specified
Darbar,"North Indian, South Indian, Chinese, Fast Food, Street Food",700,"paharganj, new delhi",3.9,359,0.0,0,https://www.zomato.com/ncr/darbar-paharganj-new-delhi,"9003, Chowk Multani Dhanda, Paharganj, New Delhi",9.11124E+11,28.64580002,77.21095484,"lasooni naan, tandoori mushrooms, paneer do pyaza, drinks","family place, family restaurant, nice ambience, nice food, courteous staff, main course"
Sahi Dawaat,"North Indian, Chinese",1500,"omega 2, greater noida",3.9,280,0.0,0,https://www.zomato.com/ncr/sahi-dawaat-omega-2-greater-noida,"1st & 2nd Floor, Omaxe Mall, NRI City Centre, Pari Chowk, Omega 2, Greater Noida",9.188E+11,28.46328279,77.51121908,"kashmiri naan, mocktails, butter naan, dal makhni, chaap, paneer tikka","servings, decor, best food under best budget, affordable prices, main course, hospitality"
Spice N Ice,"North Indian, Mughlai, Chinese, Continental, Fast Food, Beverages",1200,"karkardooma, new delhi",3.9,156,3.9,98,https://www.zomato.com/ncr/spice-n-ice-karkardooma-new-delhi,"Karkardooma Community Centre, Petrol Pump, Near Dayanand Vihar, Karkardooma, New Delhi",9.11143E+11,28.64880857,77.30289023,"bullet paneer, bullet chicken, miso ramen, dimsum basket, soup","best in service, excellent location, comforting atmosphere, clean and hygienic place, sanitised service, fantastic decoration"
Asian Flavours By Chef Jajos,"Chinese, Thai, Japanese",1000,"baani square, sector 50, gurgaon",3.9,88,3.6,151,https://www.zomato.com/ncr/asian-flavours-by-chef-jajos-sector-50,"G 53, Baani Square, Sector 50, Gurgaon",9.18448E+11,28.42542761,77.05719519,"dimer devil, begun bhaja, bhetki paturi, mutton kasha, authentic bengali food, veg cutlet","music playlist, beautiful interiors, great hospitality, customer service, portions, owner"
Abar Khabo,"Bengali, Rolls",600,"qutab plaza, dlf phase 1, gurgaon",3.9,299,3.9,3208,https://www.zomato.com/ncr/abar-khabo-dlf-phase-1,"Shop G 1, Qutab Plaza Market, Near Gate 2, DLF Phase 1, Gurgaon",9.11245E+11,28.47204001,77.10202094,"best restaurant, best service, good wifi, fast delivery, student crowd, customizable food",not specified
Tandoori Garh,"Chinese, North Indian, Rolls",700,"golf course extension, gurgaon",3.9,120,3.0,48,https://www.zomato.com/ncr/tandoori-garh-golf-course-extension,"Ullahawas, Baharampur Naya, CRPF Road, Sector 62, Golf Course Extension, Delhi NCR, Delhi NCR",9.19811E+11,28.40660096,77.09150065,"good portion size, good wifi, young crowd, elaborate menu, fresh food, good quality",not specified
Dalgrak,"Korean, Desserts",700,"lajpat nagar 4, new delhi",3.9,65,3.9,59,https://www.zomato.com/ncr/dalgrak-lajpat-nagar-4-new-delhi,"A25, Korean Culture Centre, Ring Road, Lajpat Nagar 4, New Delhi",9.1118E+11,28.56471989,77.23973997,"comforting atmosphere, best staff, sanitised service, excellent location, fantastic decoration, clean and hygienic place",not specified
Desian: Proudly Vegetarian,"North Indian, Chinese",550,"sector 81, faridabad",3.9,60,4.0,684,https://www.zomato.com/ncr/desian-proudly-vegetarian-sector-81-faridabad,"Shop 27, Omaxe World Street, Sector 79, Near Sector 81, Faridabad",9.1956E+11,28.38682296,77.35269282,"mix veg, thali, spring rolls, dal makhni, naan, biryani","casual seating area, prompt service, great recommendations, cutlery, reasonable prices, portions"
Jhatpat,"North Indian, Chinese",600,"yusuf sarai, new delhi",3.9,173,4.1,5088,https://www.zomato.com/ncr/jhatpat-yusuf-sarai-new-delhi,"5/1, Yusuf Sarai Main Market, Aurobindo Marg, Yusuf Sarai, New Delhi",+91 8068971485,28.56167449,77.20716119,"value for money, packaging, ambience, staff, menu, taste",not specified
EBISU Fine Japanese Cuisine,"Japanese, Sushi",1700,"sector 54, gurgaon",3.9,116,4.4,351,https://www.zomato.com/ncr/ebisu-fine-japanese-cuisine-sector-54,"18, 1st Floor, Emaar Palm Spring Plaza, Sector 54, Gurgaon",9.18527E+11,28.44537175,77.10124075,"comforting atmosphere, served quickly, clean and hygienic place, best staff, nice concept, weekend brunch",not specified
Annakoot,"Chinese, North Indian, South Indian, Fast Food, Street Food",500,"vikas marg, new delhi",3.9,69,4.1,152,https://www.zomato.com/ncr/annakoot-vikas-marg-new-delhi,"A-4, Swasthya Vihar, Vikas Marg, New Delhi",9.19097E+11,28.64100937,77.29460903,"bar, decor, elaborate menu, customizable food, fresh food, good quality",not specified
Yi Jing,"Chinese, Asian",2200,"sheraton new delhi hotel, saket, new delhi",3.9,38,0.0,0,https://www.zomato.com/ncr/yi-jing-saket-new-delhi,"District Centre, Saket, New Delhi",9.11143E+11,28.526828,77.215993,"rajma rice, masala chaap, chole bhature, lassi, naan, snacks","family crowd, yummy food, tasty, nice place, price, quantity"
Grover Sweets,"Mithai, North Indian, Fast Food, Chinese, Momos",400,"subhash nagar, new delhi",3.9,304,4.1,4151,https://www.zomato.com/ncr/grover-sweets-subhash-nagar-new-delhi,"WZ-40/2, Meenakshi Garden, Subhash Nagar, New Delhi",9.17042E+11,28.64044799,77.10569557,"authentic sweets, reasonable rates, hygiene, ambience, quality, experience",not specified
Shagun Sweets,"Mithai, Street Food",200,"ambedkar road, ghaziabad",3.9,126,4.4,152,https://www.zomato.com/ncr/shagun-sweets-ambedkar-road-ghaziabad,"III-N-36, Ambedkar Road, Ghaziabad",9.11203E+11,28.66011492,77.43585035,"finger food, continental, mediterranean, italian, asian",not specified
The Highbrooks Cafe,Beverages,500,"sda, new delhi",3.9,4,3.9,68,https://www.zomato.com/ncr/the-highbrooks-cafe-sda-new-delhi,"C-11, SDA Market, Opposite IIT, SDA, New Delhi",9.17429E+11,28.54643465,77.19692588,"wild mushroom risotto, chicken sandwich, chocolate, cheesecake, pasta","weekend brunch, vibe, concept, food presentation, good music, good wifi"
Whiz Cafe,"Cafe, Fast Food, Desserts, Beverages",800,"greater kailash 2 (gk2), new delhi",3.9,60,3.9,43,https://www.zomato.com/ncr/whiz-cafe-greater-kailash-gk-2-new-delhi,"Shop SG 1 DT, Greater Kailash 2 (GK 2), New Delhi",9.1932E+11,28.54125368,77.23992303,"chirpy crowd, lip smacking food, mouth watering food, polite staff, taste",not specified
Kallu Nihari,Mughlai,200,"daryaganj, new delhi",3.9,181,0.0,2,https://www.zomato.com/ncr/kallu-nihari-daryaganj-new-delhi,"180, Chhatta Lal Mian, Behind Delite Cinema, Daryaganj, New Delhi",9.19827E+11,28.64095822,77.23969907,"chocolate truffle pastry, blueberry cheesecake, cakes, coffee","pretty decor, vibe, hospitality, hygiene, worth the money, ambience"
Truffle Story,"Bakery, Desserts, Beverages",300,"chittaranjan park, new delhi",3.9,90,4.1,521,https://www.zomato.com/ncr/truffle-story-chittaranjan-park-new-delhi,"E 778, Ground Floor, Chittaranjan Park, New Delhi",9.17839E+11,28.53655286,77.25360665,"baked penne pasta, maggi pasta, punjabi pasta, chicken wrap, mixed sauce pasta, pastas","student friendly prices, affordable, great recommendations, casual seating area, cozy ambiance, nice crowd"
Hashtag Foods,"Burger, Pizza, Pasta, Chinese, Sandwich, Fast Food, Desserts, Beverages",500,"janakpuri, new delhi",3.9,751,3.9,15700,https://www.zomato.com/ncr/hashtag-foods-janakpuri-new-delhi,"Plot 14, Block 14, Chhoti Subji Mandi, Janakpuri, New Delhi",9.1114E+11,28.633288,77.093859,"economical, cozy ambiance, cute little place, good crowd, prompt service, great recommendations",not specified
Shilloi Restaurant,Naga,600,"safdarjung, new delhi",3.9,95,4.1,798,https://www.zomato.com/ncr/shilloi-restaurant-safdarjung-new-delhi,"86, Ground Floor, Humayunpur, Safdarjung Enclave, Safdarjung, New Delhi",9.19873E+11,28.56134615,77.19271749,"honey potato, kitkat shake, noodle, mocktails, white sauce pasta, mojito","hookah, sheesha, bartender, comfortable seating area, cooperative staff, perfect ambience"
Moh Maya Cafe,"North Indian, Continental, Chinese, Italian, Lebanese, Momos",1000,"delhi university-gtb nagar, new delhi",3.9,843,3.8,114,https://www.zomato.com/ncr/moh-maya-cafe-delhi-university-gtb-nagar,"2527, Hudson Lane, 1st Floor, Delhi University-GTB Nagar, New Delhi",9.18701E+11,28.69477191,77.20431603,"chicken nasi goreng, prawn satay, som tam salad, thai red curry, crispy vegetables, veg hakka noodles","safe delivery, perfect service, relaxed atmosphere, portion size, spill proof packaging, excellent taste"
Red Hot - The Asian Kitchen,"Asian, Chinese, Japanese, Thai",1400,"sushant lok, gurgaon",3.9,458,4.1,2440,https://www.zomato.com/ncr/red-hot-the-asian-kitchen-sushant-lok,"1, Upper Ground, Centre Point, Phase 1, Sushant Lok, Gurgaon",9.19812E+11,28.46845993,77.07460944,"comfortable seating area, family place, view, decent place, nice ambience, family crowd",not specified
Cafe 24 - Hotel City Park,"Continental, North Indian, Chinese",1200,"hotel city park, pitampura, new delhi",3.9,330,0.0,0,https://www.zomato.com/ncr/cafe-24-hotel-city-park-pitampura-new-delhi,"Hotel City Park, KP Block, Pitampura, New Delhi",9.11142E+11,28.70592127,77.14302957,"paneer tikka pizza, spring rolls, paneer lababdar, dal makhni","good music, family crowd, good wifi, seating, young crowd, food presentation"
Khawesome Cafe,"Cafe, Continental, North Indian, Chinese, Mughlai, Desserts, Beverages",1000,"janakpuri, new delhi",3.9,106,4.0,297,https://www.zomato.com/ncr/khawesome-cafe-1-janakpuri-new-delhi,"C1/1, Ground Floor, Pankha Road, Opposite Mata Channan Devi Hospital, Janakpuri, New Delhi",9.19561E+11,28.617565,77.07846,"cozy ambiance, polite staff, tasty food, worth the money, delicious food, good food",not specified
Rama Bhojnalaya Since 1975,North Indian,300,"sector 7, faridabad",3.9,257,3.9,8567,https://www.zomato.com/ncr/rama-bhojnalaya-since-1975-sector-7-faridabad,"Shop 7-10, HUDA Market, Sector 7, Faridabad",9.11292E+11,28.36385504,77.32604373,"unlimited refills, bang for the buck, economical, nice crowd, comfort food, polite staff",not specified
Amritsari Kulcha Sardar Ji,"North Indian, Beverages, Street Food",350,"pitampura, new delhi",3.9,230,3.6,1180,https://www.zomato.com/ncr/amritsari-kulcha-sardar-ji-pitampura-new-delhi,"Shop 7, BD Block, DDA Market, Pitampura, New Delhi",9.19811E+11,28.70728,77.13639,"chicken steamed momos, paneer momos, shawarma, rolls, chicken biryani, dal makhani","loved it, comforting atmosphere, fantastic decoration, clean and hygienic place, delicious taste, fresh food with good quality"
Sheikh Chang Singh,"Rolls, Momos, North Indian, Lebanese, Beverages",500,"hauz khas, new delhi",3.9,127,4.2,816,https://www.zomato.com/ncr/sheikh-chang-singh-hauz-khas-new-delhi,"Shop 5, 1 Kaushalya Park, Hauz Khas, New Delhi",9.17222E+11,28.550215,77.204105,"keema curry, keema mutton, keema kaleji, chicken biryani, meat","bang for the buck, preparation, location, worth the money, food"
Ambersari Dhaba,North Indian,450,"lajpat nagar 1, new delhi",3.9,158,4.3,201,https://www.zomato.com/ncr/ambersari-dhaba-lajpat-nagar-1-new-delhi,"C-125, Near Flyover Market, Lajpat Nagar 1, New Delhi",9.19819E+11,28.57848467,77.23906271,"mouth watering food, low price, polite staff, hygiene, perfect place, prices",not specified
Kumar Hotel,"North Indian, Mughlai, Beverages",500,"moti nagar, new delhi",3.9,245,3.9,30,https://www.zomato.com/ncr/kumar-hotel-moti-nagar-new-delhi,"A 12/12 & 13, New Market, Opposite Fun Cinema, Moti Nagar, New Delhi",9.11125E+11,28.65698107,77.13984512,"shisha, chicken spring roll, chilli potatoes, lasagna, mixed sauce pasta, maggi","good for large groups, comfortable seating area, sheesha, hookah, parking space, fancy crowd"
Chill'm Bar N Cafe,"North Indian, Italian, Chinese, Continental",600,"kamla nagar, new delhi",3.9,457,3.5,483,https://www.zomato.com/ncr/chillm-bar-n-cafe-kamla-nagar-new-delhi,"38, Bunglow Road, Kamla Nagar, New Delhi",9.19206E+11,28.68399315,77.20481493,"dahi mutton, achari chicken, kadhai mushroom, rumali roti, daal makhni, tandoori chicken","courtyard, good food good quality, family place, friendly service, staff service, live music"
Moti Mahal,"North Indian, Chinese, Mughlai",1100,"daryaganj, new delhi",3.9,1094,0.0,6,https://www.zomato.com/ncr/moti-mahal-daryaganj-delhi,"3703, Netaji Subhash Marg, Daryaganj, New Delhi",9.19014E+11,28.64647206,77.24023048,"location of the restaurant, variety of pizza, outdoor seating, weekend brunch, good music, student crowd",not specified
NYC Central & Co,"American, Fast Food, Beverages",500,"sector 37, noida",3.9,161,4.0,192,https://www.zomato.com/ncr/nyc-central-co-sector-37-noida,"Shop 4, Godavari Shopping Complex, Sector 37, Noida",9.18449E+11,28.56543574,77.34044116,"besan burfi, pyaz ki kachori, paneer kadai, aloo sabji, paneer parantha, butter naan","cashless payments, economical price, quick serving, awesome spot to hangout, excellent location, fast delivery service"
Bikaner Express,"North Indian, Chinese, Fast Food, South Indian, Street Food, Mithai, Beverages",600,"sector 9, dwarka, new delhi",3.9,103,3.9,480,https://www.zomato.com/ncr/bikaner-express-sector-9-dwarka-new-delhi,"Plot 228, Ground Floor, Sector 9, Dwarka, New Delhi",9.19999E+11,28.574746,77.065342,"onion kachori, jalebi, samosa, sweets, spring roll, gulab jamun","casual seating area, pocket friendly, comfort food, inexpensive, good crowd, prompt service"
Milan Sweet House,"North Indian, Fast Food, South Indian, Chinese, Mithai, Street Food",400,"sector 10, faridabad",3.9,706,3.9,23900,https://www.zomato.com/ncr/milan-sweet-house-sector-10-faridabad,"Shop 64-65, Sector 10, Faridabad",+91 8068974414,28.3692226,77.32851975,"customizations available, unlimited refills, pocket friendly, cute little place, nice crowd, comfort food",not specified
Pizzalicious,"Pizza, Fast Food",600,"karkardooma, new delhi",3.9,257,4.0,8606,https://www.zomato.com/ncr/pizzalicious-karkardooma,"1/60, 60 Feet Main Road, Opposite HDFC Bank, Vishwas Nagar, Karkardooma, New Delhi",9.2E+11,28.6647552,77.29396686,not specified,not specified
Amritsari Chaap Corner,"North Indian, Rolls",300,"karol bagh, new delhi",3.9,402,4.0,222,https://www.zomato.com/ncr/amritsari-chaap-corner-karol-bagh-new-delhi,"5060/1, Sant Nagar, Main Desh Bandhu Gupta Road, Karol Bagh, New Delhi",9.1981E+11,28.65468006,77.18923163,"plenty of vegetarian options, inexpensive, pocket friendly, great ambiance, prompt service, quantity",not specified
Kashyap Chole Kulche,North Indian,250,"sector 21, faridabad",3.9,151,4.0,3925,https://www.zomato.com/ncr/kashyap-chole-kulche-sector-21-faridabad,"53, Basement, Huda Market, Sector 21C, Faridabad",9.188E+11,28.430233,77.296896,"filtered coffee, healthy breakfast, mysore masala dosa, sambhar, tea","polite staff, breakfast, crowd, value for money, food, taste"
Mysore Cafe,South Indian,200,"india gate, new delhi",3.9,83,0.0,1,https://www.zomato.com/ncr/mysore-cafe-india-gate-new-delhi,"12, South Avenue Market, Near Sena Bhawan, India Gate, New Delhi",9.11123E+11,28.60830883,77.20150039,"student crowd, young crowd, good music, family crowd, customizable food, fresh food",not specified
Darjeeling Fast Food,"Chinese, Fast Food, Momos",150,"nit, faridabad",3.9,197,3.0,789,https://www.zomato.com/ncr/darjeeling-fast-food-1-nit-faridabad,"1540-A/33 Foot Road, S.G.M Nagar, Near Wakil Ki Kothi, Sector 48, NIT, Faridabad",9.17828E+11,28.40533551,77.287605,"best staff, best in service, comforting atmosphere, great menu, served quickly, food tastes great",not specified
Snacker's Cup,"Fast Food, Desserts, Chinese",300,"indirapuram, ghaziabad",3.9,70,3.9,34,https://www.zomato.com/ncr/snackers-cup-indirapuram-ghaziabad,"Shop 2, GC Grand Complex, Vaibhav Khand 1, Indirapuram, Ghaziabad",9.19971E+11,28.63643429,77.36231424,"crowd, friendly staff, management, courteous staff, main course, music",not specified
4S Chinese Restaurant,"Chinese, Asian",700,"defence colony main market, defence colony, new delhi",3.9,272,3.9,20,https://www.zomato.com/ncr/4s-chinese-restaurant-defence-colony-new-delhi,"A-26, Defence Colony Market, Defence Colony, New Delhi",9.11142E+11,28.57310447,77.23030731,"boti tikka, tawa chaap masala, tandoori mushrooms, achari chaap, jalebi, rumali roti","not very crowded, cute little place, pocket friendly, seating area, prompt service, polite staff"
Jaiveer Naan & Chaap,"North Indian, Mughlai",300,"paschim vihar, new delhi",3.9,670,3.9,25400,https://www.zomato.com/ncr/jaiveer-naan-chaap-paschim-vihar-new-delhi,"BG-8, DDA Market, Paschim Vihar, New Delhi",9.1981E+11,28.66234521,77.10028119,"economical, prompt service, prices, quantity, menu, staff",not specified
Oh! Assam,"Assamese, Naga",400,"safdarjung, new delhi",3.9,178,4.2,1209,https://www.zomato.com/ncr/oh-assam-safdarjung-new-delhi,"100A, First Floor, Humayunpur, Near NCC Gate, Safdarjung, New Delhi",9.1114E+11,28.561361,77.193206,"eggless pineapple pastry, choco truffle, pastries, chilli garlic noodles, cakes, snacks","pretty decor, self service, young crowd, cafe, prices, ambience"
Gayway Bakers,"Bakery, Fast Food, Desserts",350,"rajouri garden, new delhi",3.9,264,3.9,20,https://www.zomato.com/ncr/gayway-bakers-rajouri-garden-new-delhi,"J-76, Ground Floor, Rajouri Garden, New Delhi",9.11146E+11,28.64666067,77.12127518,"pizza strips supreme, cheesecake, pizzas, garlic bread, pasta","quick serving, variety of pizza, customizable dishes, weekend brunch, family crowd, good wifi"
Pizza Workshop,"Pizza, Fast Food, Beverages",500,"chander nagar, new delhi",3.9,130,4.1,1787,https://www.zomato.com/ncr/pizza-workshop-chander-nagar-new-delhi,"Shop 104, Ram Nagar Extnension, Chander Nagar, New Delhi",9.18182E+11,28.6550643,77.28205115,"vada sambar, lemon rice, filter coffee, sambhar, masala dosa","cozy ambiance, lip smacking food, great recommendations, south indian food, reasonable prices, food presentation"
Southy,South Indian,400,"connaught place, new delhi",3.9,157,3.6,3101,https://www.zomato.com/ncr/southy-connaught-place-new-delhi,"Shop 9, Ground Floor, Arunachal Building, Connaught Place, New Delhi",9.1114E+11,28.62879079,77.22489696,"low price, amazing food, prices, staff, quantity, service",not specified
South Indian Cafe,"South Indian, Chinese",300,"vikaspuri, new delhi",3.9,267,0.0,0,https://www.zomato.com/ncr/south-indian-cafe-vikaspuri-new-delhi,"591, Site 1, Main Mod, Vikaspuri, New Delhi",9.11126E+11,28.62739998,77.06991926,"elegantly decorated, economical, nice crowd, great recommendations, polite staff, amazing food",not specified
The Baking Paradise,"Chinese, Fast Food, Bakery, Desserts",400,"vasant kunj, new delhi",3.9,164,3.8,391,https://www.zomato.com/ncr/the-baking-paradise-vasant-kunj-new-delhi,"8A, Bhawani Kunj, Behind D 2, Vasant Kunj, New Delhi",9.2E+11,28.50953232,77.164676,"pork momo, fried rice chicken, sizzlers, chopsuey, drums of heaven, chicken momos","family place, recommended place, preparation, owner, best place, portions"
Chimney Sizzlers,"Chinese, Fast Food, Asian, Momos, Tibetan",700,"yashwant place commercial complex, chanakyapuri, new delhi",3.9,379,4.2,1084,https://www.zomato.com/ncr/chimney-sizzlers-chanakyapuri-new-delhi,"V-10 & 16, Yashwant Place Commercial Complex, Chanakyapuri, New Delhi",9.1981E+11,28.58412662,77.19169255,"keto options, jain food options, good for large groups, fast delivery, young crowd, good service",not specified
Royal Kitchen,"North Indian, Chinese, Mughlai, Biryani",600,"knowledge park, greater noida",3.9,180,3.7,3646,https://www.zomato.com/ncr/royal-kitchen-knowledge-park-greater-noida,"Shop 19, OP Plaza, Near Kailash Hospital, Knowledge Park, Greater Noida",9.17828E+11,28.47312783,77.50385743,"raspberry lemonade, nacho fries, oreo milkshake, peri peri fries, strawberry shake, sandwich","drive through, bang for the buck, cozy ambiance, elegantly decorated, outdoor sitting, nice crowd"
Jack 'n' Chill - All American Creamery,"Fast Food, Sandwich, Desserts, Beverages",500,"greater kailash 1 (gk1), new delhi",3.9,382,3.9,2229,https://www.zomato.com/ncr/jack-n-chill-all-american-creamery-greater-kailash-gk-1-new-delhi,"M-69, Block M, Greater Kailash 1 (GK 1), New Delhi",9.11147E+11,28.55105699,77.23409493,"not very crowded, cozy ambiance, prompt service, reasonable prices, meals, good place",not specified
Friends Restaurant,North Indian,300,"rajinder nagar, new delhi",3.9,436,3.8,14100,https://www.zomato.com/ncr/friends-restaurant-rajinder-nagar-new-delhi,"27-A, Main Market, Opposite Syndicate Bank, Old Rajinder Nagar, Rajinder Nagar, New Delhi",9.19972E+11,28.64172327,77.18555264,"chur chur naan thali, lassi, chole bhature, raita, thali, dal","pocket friendly, good crowd, polite staff, reasonable prices, decor, tasty food"
Ramji Di Hatti & Caterers,"North Indian, Chinese, Fast Food",450,"mayapuri phase 2, new delhi",3.9,234,4.0,3157,https://www.zomato.com/ncr/ramji-di-hatti-caterers-mayapuri-phase-2-new-delhi,"BE 324, Hari Nagar, Gali 4, Opposite M.I.G. Flats, Mayapuri Phase 2, New Delhi",9.1965E+11,28.63081251,77.11984623,"extensive food menu, view, great service, menu, staff, ambience",not specified
OKO - A Pan Asian Destination - The Lalit New Delhi,"Japanese, Thai, Chinese",4500,"the lalit new delhi, barakhamba road, new delhi",3.9,70,0.0,0,https://www.zomato.com/ncr/oko-a-pan-asian-destination-the-lalit-new-delhi-barakhamba-road-new-delhi,"Barakhamba Avenue, Barakhamba Road, New Delhi",9.19667E+11,28.63044702,77.22750507,"finger food, continental, mediterranean, italian, asian",not specified
Sagar Chole Bhature,"Street Food, North Indian",150,"tilak nagar, new delhi",3.9,170,4.2,1827,https://www.zomato.com/ncr/sagar-chole-bhature-tilak-nagar-new-delhi,"Vishnu Garden,Mukherji Park, Punjabi Market, Tilak Nagar, New Delhi",9.19812E+11,28.64477372,77.10078076,"salami pizza, spicy paneer, garlic bread, pizzas, pasta","great ambiance, great taste, good taste, prices, staff"
Pizza And More,"Pizza, Fast Food",400,"sector 45, noida",3.9,231,3.8,3990,https://www.zomato.com/ncr/pizza-and-more-sector-45-noida,"Main Road, Sadarpur, Near Som Bazar, Sector 45, Noida",9.18447E+11,28.55576629,77.34796576,"meat pulao, mutton biryani, chicken biryani, butter chicken","low price, polite staff, quick service, amazing food, best place, good place"
Tee Pee O Restaurant,"North Indian, Mughlai, Biryani",650,"connaught place, new delhi",3.9,253,3.8,79,https://www.zomato.com/ncr/tee-pee-o-restaurant-connaught-place-new-delhi,"118-119, Mohan Singh Place, Connaught Place, New Delhi",9.11123E+11,28.63096318,77.21628673,"finger food, continental, mediterranean, italian, asian",not specified
Mr. Sandwiches,"Sandwich, Fast Food, Beverages",300,"sector 22, gurgaon",3.9,273,4.1,4014,https://www.zomato.com/ncr/mr-sandwiches-sector-22,"Shop 69, Huda Market, Sector 22, Gurgaon",9.189E+11,28.50285396,77.06324592,"finger food, continental, mediterranean, italian, asian",not specified
De Cakery,"Bakery, Desserts",600,"south point mall, golf course road, gurgaon",3.9,83,3.8,28,https://www.zomato.com/ncr/de-cakery-golf-course-road,"Shop 201, 2nd Floor, South Point Mall, Golf Course Road, Gurgaon",9.188E+11,28.44810744,77.0992472,"maska chicken, khameeri roti, tandoori platter, malai kofta, dal tadka, mocktails","ample seating area, relaxed atmosphere, good quality food, crowd, nice ambience, courteous staff"
Beliram Degchiwala,"North Indian, Mughlai, Chinese",1000,"malviya nagar, new delhi",3.9,495,4.1,3935,https://www.zomato.com/ncr/beliram-degchiwala-malviya-nagar-new-delhi,"Shop 10 & 11, Corner Market, Malviya Nagar, New Delhi",9.1114E+11,28.5389086,77.21371181,"crispy jalebi, poori chole, kalakand, sweets, samosa, lassi","not very crowded, pocket friendly, great recommendations, great ambiance, good taste, food presentation"
Monga Sweets,"Mithai, North Indian, Street Food",350,"subhash nagar, new delhi",3.9,308,4.2,8734,https://www.zomato.com/ncr/monga-sweets-subhash-nagar-new-delhi,"35/13, Ashok Nagar Market, Subhash Nagar, New Delhi",9.19212E+11,28.63746422,77.10128099,"italian pizza, cheese burst, choco lava, white sauce pasta, cheesecake, pasta","variety of pizza, quick delivery, contactless delivery, wonderful presentation, tandoori, yummy food"
Pizza Galleria,"Pizza, Fast Food, Beverages",400,"shalimar bagh, new delhi",3.9,156,4.0,4682,https://www.zomato.com/ncr/pizza-galleria-shalimar-bagh,"Ground Floor, 54-A, KH 262/258/217/4, Block A, Adarsh Nagar, Rajan Babu Road, Shalimar Bagh, New Delhi",9.19718E+11,28.71820736,77.17200916,"hot n sour soup, fried momo, chicken chowmein, hakka noodles, momos","polite staff, good quantity, reasonable prices, hygiene, good taste, nice place"
The Spot,Chinese,500,"karol bagh, new delhi",3.9,317,0.0,0,https://www.zomato.com/ncr/the-spot-karol-bagh-new-delhi,"3379, Near Police Station, DB Gupta Road, Karol Bagh, New Delhi",9.11129E+11,28.65316896,77.19183873,"low price, good crowd, polite staff, quantity, service, food",not specified
Shree Manakamna Fast Food,"Chinese, Momos",300,"laxmi nagar, new delhi",3.9,198,0.0,3,https://www.zomato.com/ncr/shree-manakamna-fast-food-laxmi-nagar-new-delhi,"267, Gali 6, Ek Minar Masjid Road, Lalita Park, Laxmi Nagar, New Delhi",9.19811E+11,28.63010065,77.27319315,"finger food, continental, mediterranean, italian, asian",not specified
Your's Chole Bhature,"North Indian, Street Food",300,"sector 7, dwarka, new delhi",3.9,4,3.9,68,https://www.zomato.com/ncr/yours-chole-bhature-sector-7-dwarka-new-delhi,"Shop C-713, Palam Extension Road, Sector 7, Dwarka, New Delhi",9.19892E+11,28.58522265,77.06771422,"finger food, continental, mediterranean, italian, asian",not specified
Ice N Fire,"Chinese, North Indian, Mughlai, Beverages, Desserts",500,"alpha 2, greater noida",3.9,6,3.9,48,https://www.zomato.com/ncr/ice-n-fire-alpha-2-greater-noida,"Shop 1 & 2, First Floor, KB Complex, Alpha 2, Greater Noida",9.19821E+11,28.47757096,77.51744751,"relaxed atmosphere, family place, excellent place, good value, hospitality, main course",not specified
Cafe Rouge - Ramada,"Italian, Continental, South Indian, North Indian, Asian, European, Desserts, Beverages",1500,"ramada gurgaon central, sector 44, gurgaon",3.9,309,0.0,1,https://www.zomato.com/ncr/cafe-rouge-ramada-sector-44,"Ramada Gurgaon Central, Site 2, Sector 44, Gurgaon",9.19718E+11,28.44910265,77.07177401,"light music, good music, atmosphere, vibe, best food under best budget, portion size",not specified
Rigo Bistro,"Continental, Momos, Salad, Thai, Chinese, Italian, Beverages, Desserts",1000,"majnu ka tila, new delhi",3.9,174,0.0,0,https://www.zomato.com/ncr/rigo-bistro-majnu-ka-tila-new-delhi,"5th Floor, Nyingma House, Majnu ka Tila, New Delhi",9.1893E+11,28.701956,77.228323,"relaxed atmosphere, family place, portions, timely service, worth the money, delicious food",not specified
The Bibimbab - Myung Ga,Korean,2200,"south point mall, golf course road, gurgaon",3.9,108,4.3,346,https://www.zomato.com/ncr/the-bibimbab-myung-ga-golf-course-road,"202 A, 2nd Floor, DLF South Point Mall, Golf Course Road, Gurgaon",9.11242E+11,28.44805969,77.09912751,"customizations available, plenty of vegetarian options, chirpy crowd, casual seating area, good crowd, cordial staff",not specified
Vaishno Corner,North Indian,300,"azadpur, new delhi",3.9,288,3.9,1900,https://www.zomato.com/ncr/vaishno-corner-1-azadpur-new-delhi,"Near Azadpur Bus Terminal, Azadpur, New Delhi",9.19319E+11,28.70764538,77.1773025,"pocket friendly, casual seating area, good crowd, great recommendations, polite staff, low price",not specified
Crispy Bites,"Chinese, North Indian, Momos, Rolls",400,"rohini, new delhi",3.9,421,3.6,9797,https://www.zomato.com/ncr/crispy-bites-3-rohini-new-delhi,"G-5, Plot 1, Ground Floor, R.G Complex. Setor 14, Rohini, New Delhi",9.17828E+11,28.71603324,77.13501714,"finger food, continental, mediterranean, italian, asian",not specified
Dhannuram Sweets & Restaurant,"North Indian, Street Food, South Indian, Chinese",500,"loni, ghaziabad",3.9,242,0.0,1,https://www.zomato.com/ncr/dhannuram-sweets-restaurant-loni-ghaziabad,"Gate 1, Khanna Nagar, Delhi Saharanpur Road, Loni, Ghaziabad",9.19311E+11,28.75640905,77.28459321,"humble staff, fresh food, good quality, value for money, taste",not specified
Cuoco,"Fast Food, Pizza",400,"prashant vihar, new delhi",3.9,9,0.0,3,https://www.zomato.com/ncr/cuoco-prashant-vihar-new-delhi,"Shop 3, B 63, Opposite CRPF School, Prashant Vihar, New Delhi",9.19821E+11,28.71120949,77.13245095,"fish tikka, veg platter, tandoori roti, salad, rolls","customizations available, plenty of vegetarian options, not very crowded, chirpy crowd, casual seating area, cute little place"
Veerji Malai Chaap Wale,"North Indian, Rolls",400,"rohini, new delhi",3.9,248,3.6,3302,https://www.zomato.com/ncr/veerji-malai-chaap-wale-rohini-new-delhi,"House 1, Pocket- F 24, Sector 7, Rohini, New Delhi",9.17827E+11,28.70922068,77.11211342,"finger food, continental, mediterranean, italian, asian",not specified
The Kathi Rolls,"Rolls, Fast Food",400,"sector 31, gurgaon",3.9,216,4.1,3252,https://www.zomato.com/ncr/the-kathi-rolls-sector-31,"Shop 150, HUDA Market, Sector 31, Gurgaon",9.19712E+11,28.45284581,77.05047894,"best food under best budget, prices, menu, quantity, food",not specified
Loving Hut - The Vegan Paradise,"North Indian, Fast Food, Chinese, Healthy Food, Italian, Continental",500,"south city 1, gurgaon",3.9,62,4.1,371,https://www.zomato.com/ncr/loving-hut-the-vegan-paradise-south-city-1,"Shop 10, PGM Plaza Mall, Sector 41, Opposite Mayom Hospital, South City 1, Gurgaon",9.19872E+11,28.4583253,77.06292842,"mysore pak, appam, mysore masala dosa, filter coffee, sambar, chutneys","family restaurant, decent place, quick service, good place, ambience, good service"
Adyar Ananda Bhavan,"South Indian, North Indian, Chinese, Fast Food, Beverages, Street Food",500,"green park, new delhi",3.9,611,4.2,923,https://www.zomato.com/ncr/adyar-ananda-bhavan-green-park-new-delhi,"S-18, Main Market, Green Park, New Delhi",9.11146E+11,28.5573524,77.20249314,"paneer lollipop, red thai curry, chilli potatoes, noodle, momos","elegantly decorated, not very crowded, cozy ambiance, great recommendations, prompt service, reasonable prices"
Town Darbar,"North Indian, Chinese, Mughlai, Beverages",650,"nit, faridabad",3.9,166,4.1,1195,https://www.zomato.com/ncr/town-darbar-nit-faridabad,"1K/2, Opposite Balaji Auto Sales, NIT Faridabad",9.19874E+11,28.38513105,77.30154108,"drive through, cozy ambiance, nice crowd, good crowd, great recommendations, customer service",not specified
New Durga Dosa Corner,"South Indian, Chinese",300,"paschim vihar, new delhi",3.9,461,3.9,18800,https://www.zomato.com/ncr/new-durga-dosa-corner-paschim-vihar-new-delhi,"GH 14/753, Gate 6, Paschim Vihar, New Delhi",9.19313E+11,28.67015454,77.08462346,"bacon omelette, peri chicken, pizza toppings, poha, wrap, pasta","office crowd, economical, elegantly decorated, inexpensive, healthy food, great ambiance"
Mr. Diet,"Healthy Food, Fast Food, Continental, American",700,"kamla nagar, new delhi",3.9,272,3.6,5099,https://www.zomato.com/ncr/mr-diet-kamla-nagar-new-delhi,"E-45, Kamla Nagar, New Delhi",9.19991E+11,28.68186332,77.20367767,"authentic taste, concept, spicy, price, timely service, staff",not specified
Champaran Meat House,North Indian,500,"janakpuri, new delhi",3.9,266,3.7,1536,https://www.zomato.com/ncr/champaran-meat-house-janakpuri-new-delhi,"DDA 1, District Center, Janakpuri, New Delhi",9.18825E+11,28.63062358,77.08141856,"polite staff, spicy, worth the money, timely service, great portions, delicious food",not specified
Oberoi Dhaba,"North Indian, Mughlai",400,"mehrauli, new delhi",3.9,262,4.0,943,https://www.zomato.com/ncr/oberoi-dhaba-mehrauli-new-delhi,"Opposite Mehrauli Police Station, Mehrauli, New Delhi",9.11127E+11,28.52133383,77.17996962,"plenty of vegetarian options, reasonable prices, polite staff, amazing food, quantity, price",not specified
Swamy Dosa,South Indian,300,"sector 5, dwarka, new delhi",3.9,169,4.1,2617,https://www.zomato.com/ncr/swamy-dosa-sector-5-dwarka-new-delhi,"11-12, Plot 18/12, DDA Market, Sector 5, Dwarka, New Delhi",9.2E+11,28.59950701,77.05448046,"finger food, continental, mediterranean, italian, asian",not specified
Nagpal's,"Street Food, North Indian",150,"lawrence road, new delhi",3.9,187,4.0,1309,https://www.zomato.com/ncr/nagpals-lawrence-road-new-delhi,"G-2, Aggarwal Modern Bazaar, Lawrence Road, New Delhi",9.19213E+11,28.68158889,77.15451915,"gajar halwa, honey chilli potatoes, masala dosa, sweets, malai chaap, naan","quality and quantity, ample seating area, large servings, family crowd, decor, best food under best budget"
Anupam Restaurant & Cafe,"North Indian, South Indian, Fast Food, Street Food, Chinese, Mithai",600,"sector 28, faridabad",3.9,394,4.0,2100,https://www.zomato.com/ncr/anupam-restaurant-cafe-sector-28-faridabad,"183/1, Shop 3 & 4, Main Link Road, Sector 28, Faridabad",9.1981E+11,28.43011658,77.315966,"family restaurant, family place, south indian food, courteous staff, good service, ambiance",not specified
Hotel Krishna Sagar,"South Indian, North Indian, Chinese, Fast Food",600,"raj nagar, ghaziabad",3.9,358,4.0,5088,https://www.zomato.com/ncr/hotel-krishna-sagar-raj-nagar-ghaziabad,"C 48, RDC, Raj Nagar, Ghaziabad",9.11203E+11,28.67627045,77.44369145,"paneer pizza, waffle, oreo shake, chilli potatoes, malai kofta, afghani chicken","intimate seating, bottomless brunch, variety of pizza, fancy crowd, weekend brunch, spill proof packaging"
The Mask Cafe & Lounge,"Cafe, Chinese, North Indian, Italian",850,"crossing republik, ghaziabad",3.9,284,3.5,2115,https://www.zomato.com/ncr/the-mask-cafe-lounge-crossing-republik-ghaziabad,"32, 33, Kingswood Avenue, Crossing Republik, Ghaziabad",9.19999E+11,28.62603417,77.43561901,"comfortable seating area, bartender, venue, dj, bar, courteous staff",not specified
The Ark,"Finger Food, North Indian, Fast Food, Beverages",1600,"sector 56, gurgaon",3.9,197,0.0,0,https://www.zomato.com/ncr/the-ark-sector-56,"Level 2, Baani Address One, Sector 56, Gurgaon",9.2E+11,28.42172005,77.10430149,"pastries, cakes, sandwich, chocolate, white sauce pasta, snacks","packing, worth the money, timely service, quality, staff, ambience"
Oasis Baklawa,"Bakery, Desserts, Fast Food, Beverages",500,"paschim vihar, new delhi",3.9,247,4.1,1932,https://www.zomato.com/ncr/oasis-baklawa-paschim-vihar-new-delhi,"B 2/9, Near HDFC Bank, Paschim Vihar, New Delhi",9.1813E+11,28.66927791,77.10456971,not specified,not specified
Emperor's Lounge - The Taj Mahal Hotel,Cafe,2500,"the taj mahal hotel, mansingh road, new delhi",3.9,113,0.0,0,https://www.zomato.com/ncr/emperor-lounge-the-taj-mahal-hotel-mansingh-road-new-delhi,"The Taj Mahal Hotel, 1, Mansingh Road, New Delhi",9.11123E+11,28.6049247,77.2242937,"fries and the service, good and nice to enjoy, ambience was super cool, variety of pizza, weekend brunch, good music",not specified
Bites And Brew,"Chinese, Fast Food, Salad, Burger, Pizza, Wraps, Beverages",500,"vikaspuri, new delhi",3.9,142,0.0,10,https://www.zomato.com/ncr/bites-and-brew-vikaspuri-new-delhi,"B 50, New Krishna Park, Vikaspuri, New Delhi",9.17304E+11,28.62949295,77.07604945,"very nice place for dining, amazing music, served quickly, nice concept, good music, good wifi",not specified
Chevron,"Continental, European, Asian",3000,"gwal pahari, gurgaon",3.9,167,0.0,3,https://www.zomato.com/ncr/chevron-gwal-pahari,"Ground Floor, Prism Tower, Faridabad-Delhi NCR Road, Sector 2, Gwal Pahari, Gurgaon",9.18595E+11,28.42706395,77.14240179,"panneer butter masala, gulab jamun, shahi paneer, thali, spring roll, dal makhani","family restaurant, family place, family crowd, nice food, interior, best food"
Rajshree Restaurant,"North Indian, Chinese, Fast Food",800,"krishna nagar, new delhi",3.9,377,4.1,5256,https://www.zomato.com/ncr/rajshree-restaurant-2-krishna-nagar-new-delhi,"9, Shiv Puri, Krishna Nagar, New Delhi",9.2E+11,28.6522513,77.27789138,"crispy momos, kit kat shake, chilli potatoes, white sauce pasta, pasta, shakes","gastronomical experience, pretty place, good for large groups, ample seating area, fancy crowd, live music"
Boh•me - Best Of Hudson,"Cafe, Continental, North Indian, Italian, Chinese, Street Food, Fast Food, Beverages",850,"delhi university-gtb nagar, new delhi",3.9,196,0.0,2,https://www.zomato.com/ncr/boh-me-best-of-hudson-delhi-university-gtb-nagar-new-delhi,"2523, 2nd Floor, Hudson Lane, Delhi University-GTB Nagar, New Delhi",9.17065E+11,28.69487338,77.20437638,"food delivery, awesome food, portion, good service, tasty food, spicy",not specified
Rubaab Restaurant,"North Indian, Chinese, Mughlai",600,"gamma 1, greater noida",3.9,404,4.0,9884,https://www.zomato.com/ncr/rubaab-restaurant-gamma-1,"S 2, 1st Floor, Gamma Shopping Complex, Jagat Farm Main Market, Near Canara Bank, Gamma 1, Greater Noida",9.19711E+11,28.48191842,77.4983418,"honey chilli potatoes, noodle, white sauce pasta, paneer butter masala, shahi paneer, snacks","good for large groups, family place, fancy crowd, good ambience, environment, nice ambience"
Food Sixteen,"North Indian, Chinese",500,"shalimar bagh, new delhi",3.9,306,3.8,1769,https://www.zomato.com/ncr/food-sixteen-shalimar-bagh,"A-16, Metro Station, GT Road, Near Adarsh Nagar, Near Shalimar Bagh, New Delhi",9.11128E+11,28.71692654,77.17059128,not specified,not specified
Raifu Tei - Dia Park Premier,Japanese,1200,"dia park premier, sector 29, gurgaon, gurgaon",3.9,55,3.9,82,https://www.zomato.com/ncr/raifu-tei-dia-park-premier-sector-29,"Dia Park Premier, SCO 353-357, Sector 29, Gurgaon",9.19999E+11,28.46221079,77.06734836,"great food, good place, ambience, staff, quality, service",not specified
Shaan E Awadh,"North Indian, Mughlai, Chinese",700,"mukherjee nagar, new delhi",3.9,128,4.1,729,https://www.zomato.com/ncr/shaan-e-awadh-mukherjee-nagar-new-delhi,"Shop 6, 7 & 8, 996, Mukharjee Nagar, New Delhi",9.17043E+11,28.71511965,77.21616335,"shahi paneer platter, dak makhani, deluxe thali, malai kofta, pastries, butter naan","casual seating area, pocket friendly, great recommendations, prompt service, polite staff, reasonable price"
Apsara Restaurant,"Fast Food, North Indian, Desserts",450,"rohini, new delhi",3.9,621,4.0,8865,https://www.zomato.com/ncr/apsara-restaurant-rohini-new-delhi,"B-1/115, 113, Sector 17, Rohini, New Delhi",9.11128E+11,28.7400754,77.11853866,"view, main course, courteous staff, table, ambiance, great place",not specified
Cafe - Hyatt Regency,"Fast Food, Continental, North Indian",3500,"hyatt regency, bhikaji cama place, new delhi",3.9,364,3.9,31,https://www.zomato.com/ncr/cafe-hyatt-regency-bhikaji-cama-place-new-delhi,"Hyatt Regency Delhi, Ring Road, Bhikaji Cama Place, New Delhi",9.19958E+11,28.56939767,77.18593955,"value for money experience, sophisticated, worth the price, view, live music, courteous staff",not specified
Cascades - The Grand New Delhi,"North Indian, Continental, Asian",3200,"the grand new delhi, vasant kunj, new delhi",3.9,272,3.8,16,https://www.zomato.com/ncr/cascades-the-grand-new-delhi-vasant-kunj-new-delhi,"The Grand New Delhi, Phase 2, Nelson Mandela Road, Vasant Kunj, New Delhi",9.196E+11,28.53900727,77.15327863,"smoked salmon, mezze platter, sunday brunch, buffet, salads, deserts","sophisticated, bar counter, relaxed atmosphere, worth the price, courteous staff, great service"
Blooms - Eros Hotel,"Continental, North Indian, Asian, European",3500,"eros hotel, nehru place, new delhi",3.9,323,0.0,0,https://www.zomato.com/ncr/blooms-eros-hotel-nehru-place-new-delhi,"Eros Hotel, American Plaza, Nehru Place, New Delhi",9.11141E+11,28.54993934,77.24943347,"customizations available, cute little place, lights, polite staff, prompt service, tandoori",not specified
Game Of Momos,"Momos, North Indian, Mughlai, Chinese, Rolls",300,"raja garden, new delhi",3.9,141,3.9,1508,https://www.zomato.com/ncr/game-of-momos-raja-garden-new-delhi,"H 7, Bali Nagar, Near Kheterpal Hosptial, Raja Garden, New Delhi",9.18882E+11,28.652823,77.130076,"pocket friendly, tandoori, polite staff, spicy, best place, good food",not specified
Tmos Moving Feast,"Chinese, North Indian, Momos",550,"sector 17, faridabad",3.9,285,4.0,4923,https://www.zomato.com/ncr/tmos-moving-feast-sector-17-faridabad,"156, Main Market, Sector 17, Faridabad",9.11295E+11,28.41032174,77.32644204,"customizable food, fresh food, good quality, quantity, service",not specified
The Dhokla House,Gujarati,150,"ardee city, gurgaon",3.9,108,4.0,844,https://www.zomato.com/ncr/the-dhokla-house-ardee-city,"1586, Sector 52 A, Ardee City, Gurgaon",9.19898E+11,28.43938805,77.08381243,"extensive bar menu, comfortable seating area, family place, view, server, excellent service",not specified
Bohemia,"North Indian, Chinese, Continental, Italian",850,"the grand venice mall, jaypee greens, greater noida, greater noida",3.9,217,3.6,214,https://www.zomato.com/ncr/bohemia-1-jaypee-greens-greater-noida,"SH 3, The Grand Venice Mall, Site 4, Jaypee Greens, Greater Noida",9.19906E+11,28.45366706,77.52532382,"dragon noodles, veg manchurian, prawns, spring rolls, fried rice, chinese food","chinese, nice food, portions, reasonable price, tasty, good taste"
Dragon Noodles,"Chinese, Fast Food, Momos",600,"vaishali, ghaziabad",3.9,316,3.9,6537,https://www.zomato.com/ncr/dragon-noodles-vaishali-ghaziabad,"17, Ground Floor, Gaur Gravity Heights, Opposite Chandralakshmi Hospital, Vaishali, Ghaziabad",9.18801E+11,28.64658564,77.33991042,"dj, crowd, music, great ambience, nice food, location",not specified
After Office,"North Indian, Continental, Chinese, Fast Food, Beverages",700,"mg road, gurgaon",3.9,209,0.0,9,https://www.zomato.com/ncr/after-office-mg-road,"108 - 110, Near The Bristol Hotel, MG Road, Gurgaon",9.1892E+11,28.4803126,77.08921976,"drums of heaven, butter naan, white sauce pasta, butter chicken, dal makhni, biryani","environment, cute packaging, cafe, food presentation, extensive menu, ambiance"
Savory Cafe & Restaurant,"North Indian, Chinese, Kebab, Mughlai, Fast Food",800,"chi 4, greater noida",3.9,241,3.9,4156,https://www.zomato.com/ncr/savory-cafe-restaurant-chi-4-greater-noida,"Shop 2, ATS Paradiso, Chi 4, Greater Noida",9.19811E+11,28.42933908,77.5184349,"loved it, very affordable, cafe, food quality, ambiance, nice place",not specified
Cafe Junk,"Cafe, Burger, Italian, Fast Food",500,"mayur vihar phase 2, new delhi",3.9,105,3.5,791,https://www.zomato.com/ncr/cafe-junk-mayur-vihar-phase-2-new-delhi,"Shop G5, Pocket B, Vardhaman Shrenik Plaza, Mayur Vihar Phase 2, Delhi",9.1999E+11,28.61987089,77.30185188,"outdoor seating, variety of pizza, good music, family crowd, good wifi, young crowd",not specified
Bounce Lounge And Bar,"North Indian, Chinese, Italian, Continental",1600,"rajouri garden, new delhi",3.9,86,0.0,0,https://www.zomato.com/ncr/bounce-lounge-and-bar-rajouri-garden-new-delhi,"J-1/164, Ground Floor, BK Dutta Market, Rajouri Garden, New Delhi",9.18921E+11,28.64788351,77.12070186,"staff very polite, classy decor, comforting atmosphere, fantastic decoration, clean and hygienic place, served quickly",not specified
The Burger Company,"Burger, Fast Food, Beverages, Cafe",250,"sector 50, gurgaon",3.9,120,4.1,284,https://www.zomato.com/ncr/the-burger-company-sector-50,"G67, Ground Floor, B Block, Baani Square, Sector 50, Gurgaon",9.19712E+11,28.425448,77.057431,"young crowd, elaborate menu, student crowd, amazing place, customizable food, presentation",not specified
Momo Nation Cafe,"Chinese, Fast Food, North Indian, Rolls, Momos, Beverages",300,"tagore garden, new delhi",3.9,56,3.8,136,https://www.zomato.com/ncr/momo-nation-cafe-1-tagore-garden-new-delhi,"368, Four Storey Flats, Tagore Garden Extension, New Delhi",9.1813E+11,28.6485314,77.11644217,"special dal makhani, chana masala, dal fry, panneer butter masala, daal makhni, shahi paneer","seating, good service, best place, good place, prices, good food"
Tera Hotel,North Indian,350,"karol bagh, new delhi",3.9,317,4.1,1769,https://www.zomato.com/ncr/tera-hotel-karol-bagh-new-delhi,"4, Ghaffar Market, Karol Bagh, New Delhi",9.19311E+11,28.64926992,77.19127111,"office crowd, plenty of vegetarian options, lip smacking food, cute little place, casual seating area, inexpensive",not specified
Chaska 18,"Chinese, Fast Food, North Indian",450,"sector 18, noida",3.9,333,3.5,6693,https://www.zomato.com/ncr/chaska-18-sector-18-noida,"Shop G 26, Savitri Market, Sector 18, Noida",9.18588E+11,28.56999999,77.32647649,not specified,not specified
Ye Old Bakery - The Claridges,"Bakery, Desserts",1000,"the claridges, aurangzeb road, new delhi",3.9,106,0.0,0,https://www.zomato.com/ncr/ye-old-bakery-the-claridges-dr-apj-abdul-kalam-road,"12, The Claridges, Dr. A.P.J. Abdul Kalam Road, New Delhi",9.1114E+11,28.6003652,77.2169587,not specified,not specified
Baljee Restaurant,"Street Food, Mithai, Beverages",200,"sadar bazar, gurgaon",3.9,182,0.0,1,https://www.zomato.com/ncr/baljee-restaurant-sadar-bazar,"Yashin Plaza, Sadar Bazar, Gurgaon",9.11242E+11,28.45989755,77.0270998,"luxury, best services, design, best quality, wonderful presentation, tamper proof packaging",not specified
Online Cake,Bakery,450,"gaur city 1, greater noida",3.9,143,4.1,623,https://www.zomato.com/ncr/online-cake-gaur-city-1-greater-noida,"Shop 1, Taj Highway, Brahama Ji Mandir Waali Gali, Gaur City 1, Greater Noida",9.19911E+11,28.618889,77.415917,"chocolate caramel, brownie cake, fresh fruit cake, butterscotch cake, strawberry cake, yummy cake","hygienic packaging, design, delivery services, decoration, good packing, best service"
Cake Inventor,"Desserts, Bakery",500,"dlf phase 4, gurgaon",3.9,116,3.9,948,https://www.zomato.com/ncr/cake-inventor-dlf-phase-4,"Plot 448, Near Super Mart I, Sector 27, DLF Phase 4, Gurgaon",9.19654E+11,28.4643433,77.0899795,"fattoush, falafel, hummus, shawarma, mocktail, kebabs","comfortable seating, great value, server, vibe, good ambience, interior"
Zizo,"Lebanese, North Indian, Mughlai, Biryani, Tex-Mex",1600,"dlf mall of india, sector 18,  noida, noida",3.9,1061,3.9,379,https://www.zomato.com/ncr/zizo-sector-18-noida,"405-406, 3rd Floor, DLF Mall Of India, Sector 18, Noida",9.11207E+11,28.56696016,77.32149068,"owner, management, presentation, flavour, good food, ambience",not specified
Chawla Dillivala,"Raw Meats, North Indian, Chinese",600,"sector 43, faridabad",3.9,215,3.4,4558,https://www.zomato.com/ncr/chawla-dillivala-sector-43-faridabad,"C-3552, Green Field Colony, Sector 43, Faridabad",9.1886E+11,28.46214447,77.28948958,not specified,not specified
BonJuz,"Healthy Food, Fast Food, Beverages, Juices",600,"spark mall, kamla nagar, new delhi",3.9,8,3.9,61,https://www.zomato.com/ncr/bonjuz-kamla-nagar-new-delhi,"2nd Floor, Food Court, Spark Mall, C-Block, Kamla Nagar, New Delhi",9.19655E+11,28.680874,77.203807,"veg keema, butter chaap, masala chaap, kadhai paneer, dal makhni, salad","pocket friendly, inexpensive, good crowd, great recommendations, great ambiance, polite staff"
Annapurna Pure Veg,"North Indian, Chinese",500,"nit, faridabad",3.9,322,3.9,15100,https://www.zomato.com/ncr/annapurna-pure-veg-nit-faridabad,"3C 185, NIT, Faridabad",9.19266E+11,28.39526266,77.28999116,not specified,not specified
Tite Da Dhaba,North Indian,500,"rajouri garden, new delhi",3.9,182,4.1,1464,https://www.zomato.com/ncr/tite-da-dhaba-rajouri-garden-new-delhi,"B 595-596, Shivaji College Road, Raghubir Nagar, Rajouri Garden, New Delhi",9.19892E+11,28.653997,77.115696,"tandoor paneer pizza, double cheese pizza, farmhouse pizza, choco lava cake, margarita pizza, cheese garlic bread","pocket friendly, great recommendations, good packaging, wonderful presentation, perfect presentation, portion size"
Pizza Inn,"Pizza, Fast Food",400,"sector 7, dwarka, new delhi",3.9,191,3.9,2615,https://www.zomato.com/ncr/pizza-inn-sector-7-dwarka-new-delhi,"A-119/120, Near Ramphal Chowk, Sector 7, Dwarka, New Delhi",9.199E+11,28.5872335,77.07140721,"jalebi with rabri, gujiya, samosa, sweets, lassi, snacks","customizable dishes, family crowd, food presentation, elaborate menu, good music, amazing place"
Aggarwals,"Street Food, Fast Food, Chinese, Beverages, Desserts, Mithai",200,"central market, lajpat nagar 2, new delhi",3.9,127,4.1,1001,https://www.zomato.com/ncr/aggarwals-lajpat-nagar-2-new-delhi,"J-35B, Block J, Market Road, Central Market, Lajpat Nagar 2, New Delhi",9.19971E+11,28.56898661,77.24375322,"pizza waffle, farm fresh pizza, choco lava, paneer pizza, cheesecake, burgers","variety of pizza, good wifi, weekend brunch, student crowd, best food under best budget, family crowd"
The Hot Pizza,"Pizza, Fast Food",400,"sector 63, noida",3.9,220,3.8,1574,https://www.zomato.com/ncr/the-hot-pizza-sector-63-noida,"Near Prakhar Shri Ram Homes, Chhijarsi, Sector 63 Noida",9.17303E+11,28.627604,77.391022,not specified,not specified
Singh's Vada Pav,"Street Food, Fast Food",150,"delhi university-gtb nagar, new delhi",3.9,134,4.0,1699,https://www.zomato.com/ncr/singhs-vada-pav-delhi-university-gtb-nagar-new-delhi,"D-47, Old Gupta Colony, Near Shani Mandir, Delhi University-GTB Nagar, New Delhi",9.1856E+11,28.69495661,77.2039479,"fried momo, kit kat shake, peri peri fries, chai, chicken burger, oreo shake","casual seating area, great ambiance, reasonable prices, polite staff, prompt service, spill proof packaging"
Chai Garam,"Beverages, Fast Food, Tea",300,"malviya nagar, new delhi",3.9,164,3.9,422,https://www.zomato.com/ncr/chai-garam-malviya-nagar-new-delhi,"B-2, Local Shopping Complex, STC/MMTC Market, Near Sri Aurobindo College, Malviya Nagar, New Delhi",9.11141E+11,28.53283829,77.20369376,"bacon, dumplings, cocktail, chocolate cake, chicken pizza, dimsums","theme, cool place, comfortable seating, live music, vibe, decor"
What A Comic Show,"Continental, Italian, Chinese, Pizza, Beverages",1200,"greater kailash 2 (gk2), new delhi",3.9,518,4.1,139,https://www.zomato.com/ncr/what-a-comic-show-greater-kailash-gk-2-new-delhi,"M-1, 1st Floor, M Block Market, Greater Kailash 2 (GK 2), New Delhi",9.18448E+11,28.53455966,77.24368785,"afghani soya chaap, malai kofta, sweets, paneer lababdar, mocktails, starters","relaxed atmosphere, good for large groups, family restaurant, street food, best food, nice ambience"
Bite Bikaner,"North Indian, Chinese, Kebab",600,"janakpuri, new delhi",3.9,340,4.2,1083,https://www.zomato.com/ncr/bite-bikaner-janakpuri-new-delhi,"C-1/1, First Floor, Near Mata Channan Devi Hospital, Janakpuri, New Delhi",9.19891E+11,28.6178828,77.07816202,"ambiance, presentation, music, staff, good food, menu",not specified
3 Storey,"North Indian, Cafe, Italian, Beverages, Chinese",600,"sector 15, gurgaon",3.9,152,3.9,423,https://www.zomato.com/ncr/3-storey-sector-15,"Plot 1, Kirti Nagar, Jharsa Road, Sector 15, Gurgaon",9.18881E+11,28.45567653,77.03764591,"variety of beer, breweed beer, extensive mocktail menu, vintage decor, live sports screening, happy hour",not specified
Connexions - Crowne Plaza,North Indian,2500,"crowne plaza, sector 29, gurgaon",3.9,132,0.0,0,https://www.zomato.com/ncr/connexions-crowne-plaza-sector-29,"Crowne Plaza, National Highway 8, Sector 29, Gurgaon",9.1886E+11,28.46808768,77.06044402,"plenty of vegetarian options, great recommendations, spicy, worth the money, price, good quality",not specified
Haryana Sweets & Restaurant,"North Indian, South Indian, Chinese, Mithai",400,"pandav nagar, new delhi",3.9,216,4.0,6885,https://www.zomato.com/ncr/haryana-sweets-restaurant-pandav-nagar-new-delhi,"D 132, South Ganesh Nagar, Opposite Mother Dairy, Pandav Nagar, New Delhi",9.1981E+11,28.62225066,77.28501029,"good value, perfect presentation, customizable food, elaborate menu, fresh food, worth the money",not specified
Jay Bhavani Vadapav,"Street Food, Fast Food, Sandwich",300,"supermart 1, dlf phase 4, gurgaon",3.9,86,4.1,1537,https://www.zomato.com/ncr/jay-bhavani-vadapav-dlf-phase-4,"Shop B-133, Supermart 1, DLF Phase 4, Gurgaon",9.11244E+11,28.46213651,77.08743777,"staff service, variety of pizza, weekend brunch, good wifi, great ambiance, family crowd",not specified
Poornatva Organic Cafe,"Cafe, Italian, Bakery, Desserts",1000,"sector 110, noida",3.9,122,3.7,128,https://www.zomato.com/ncr/poornatva-organic-cafe-sector-110-noida,"Plot 2, 3rd Floor, Block NL, Sector 104, Near Sector 110, Noida",9.19655E+11,28.53992916,77.3678131,"elaborate menu, fresh food, customizable food, good quality, ambience",not specified
Saio Pizzeria & Cafe,"Italian, Pizza, Beverages",1100,"kailash colony, new delhi",3.9,47,0.0,0,https://www.zomato.com/ncr/saio-pizzeria-cafe-kailash-colony-new-delhi,"HS-17, Kailash Colony Market, Greater Kailash 1 (GK 1), Kailash Colony, New Delhi",9.19569E+11,28.5530116,77.2408765,"menu options, variety of pizza, awesome place, good wifi, good music, elaborate menu",not specified
Sugar Magik,"Cafe, Fast Food, Pizza, Desserts, Beverages",500,"sector 72, noida",3.9,75,3.7,64,https://www.zomato.com/ncr/sugar-magik-sector-72-noida,"Shop 14, Ground Floor, Amrapali Crystal Homes Shopping Arcade, Sector 76, Near Sector 72, Noida",9.17982E+11,28.57124122,77.38281202,"aloo poori, mushroom sandwich, pancakes, omelette, parathas, chole bhature","breakfast, portion size, owner, great service, cafe, menu"
The Breakfast Club,"Cafe, North Indian, Continental",800,"dlf galleria, dlf phase 4, gurgaon",3.9,336,4.0,3774,https://www.zomato.com/ncr/the-breakfast-club-dlf-phase-4,"SF-35, 1st Floor, DLF Galleria Market, DLF Phase 4, Gurgaon",9.19016E+11,28.46704136,77.08230536,"garlic bread sides, sweet corn pizza, red pasta, paneer pizza, pizzas, sides","affordable rate, cozy ambiance, economical, booking, great recommendations, great value"
Not Just Pizzas,"Pizza, Fast Food",600,"sector 7, dwarka, new delhi",3.9,447,4.1,8594,https://www.zomato.com/ncr/not-just-pizzas-sector-7-dwarka,"C-713, Lower Ground Floor, Palam Extension, Opposite Shiksha Bharti School, Sector 7, Dwarka, New Delhi",9.18376E+11,28.5852492,77.06753913,"pastries, cookies, cakes, sandwiches, breads, snacks","great place, nice place, good place, ambiance, price, taste"
Bakington,"Bakery, Fast Food, Chinese, Momos, Desserts, Beverages",500,"janakpuri, new delhi",3.9,369,4.1,2012,https://www.zomato.com/ncr/bakington-janakpuri-new-delhi,"A3/230, Near Saint Francis School, Janakpuri, New Delhi",9.11145E+11,28.62389758,77.08013747,not specified,not specified
Zayka Delhi-6,"North Indian, Mughlai, Rolls, Biryani",550,"subhash nagar, new delhi",3.9,213,3.8,5192,https://www.zomato.com/ncr/zayka-delhi-6-subhash-nagar-new-delhi,"Shop 3, Near Ajanta Cinema, Subhash Nagar Bike Market, Ajay Enclave, Subhash Nagar, New Delhi",9.199E+11,28.63888343,77.10768811,"yellow dal tadka, loaded pizzas, shahi paneer, dal makhani","comfort food, pocket friendly, great recommendations, seating arrangement, spicy, timely service"
Shri Kanha Restaurant,North Indian,500,"beta 1, greater noida",3.9,191,3.9,1100,https://www.zomato.com/ncr/shri-kanha-restaurant-1-beta-1-greater-noida,"Rampur Jagir, Near CM Market Golchakkar, Beta 1, Greater Noida",9.19892E+11,28.48561768,77.50674918,"nalli gosht, nalli nihari, mutton rogan josh, lamb, mutton, meat","excellent variety, packing, good food, prices, quality"
Mutton King,"North Indian, Mughlai",700,"golf course road, gurgaon",3.9,7,4.0,899,https://www.zomato.com/ncr/mutton-king-golf-course-road,"Shop 2, Sector 42, Golf Course Road, Gurgaon",9.11244E+11,28.460565,77.096454,not specified,not specified
Vaishnav Chat & Caterers,"Street Food, North Indian",400,"pitampura, new delhi",3.9,158,3.9,32,https://www.zomato.com/ncr/vaishnav-chat-caterers-pitampura-new-delhi,"2 & 3, Rohit Kunj Market, Pitampura, New Delhi",9.19818E+11,28.69177498,77.14031216,"phirni, mutton seekh, fish tikka, afghani chicken, kebabs, dal","trained staff, good quality food, waiter, food taste, quick service, environment"
Chic Fish,"North Indian, Chinese, Mughlai",850,"malviya nagar, new delhi",3.9,539,4.1,3316,https://www.zomato.com/ncr/chic-fish-malviya-nagar-new-delhi,"32, Corner Market, Maharishi Dayanand Marg, Malviya Nagar, New Delhi",9.1991E+11,28.53844971,77.21445143,"beef chilli, tingmo, pork, chilli garlic noodles, chilli potato, momos","pocket friendly restaurant, comfortable seating area, lovely ambience, amazing ambience, decor, awesome place"
Himalayan Restaurant,"Tibetan, Chinese, Thai",800,"majnu ka tila, new delhi",3.9,330,4.2,122,https://www.zomato.com/ncr/himalayan-restaurant-majnu-ka-tila-new-delhi,"House 26, New Tibetan Camp, Majnu ka Tila, New Delhi",9.19654E+11,28.70318903,77.22879186,"rabri parantha, jodhpuri parantha, paneer makhmali, parathas, butter chicken, dal makhani","combos, concept, awesome food, nice food, ambiance, decor"
More Than Paranthas,"North Indian, Rajasthani",500,"crown plaza mall, sector 15, faridabad, faridabad",3.9,445,4.1,2161,https://www.zomato.com/ncr/more-than-paranthas-sector-15-faridabad,"Shop 6 & 8, Second Floor, Crown Plaza Mall, Sector 15, Faridabad",9.11294E+11,28.39766285,77.312917,"main course, tasty food, ambience, good food, staff, quality",not specified
Mini Mughal,"North Indian, Mughlai",1200,"greater kailash 2 (gk2), new delhi",3.9,344,4.1,161,https://www.zomato.com/ncr/mini-mughal-greater-kailash-gk-2-new-delhi,"M-71, 1st Floor, M-Block Market, Greater Kailash (GK) 2, New Delhi",9.11141E+11,28.53292401,77.24365834,"panneer butter masala, kebabs, tandoori chicken, rolls, butter chicken","main course, good place, prices, quality, food, service"
The Tandoor,"North Indian, Mughlai",700,"green park, new delhi",3.9,186,4.1,919,https://www.zomato.com/ncr/the-tandoor-green-park-new-delhi,"G 15, D 1, Aashirwaad Complex, Green Park, New Delhi",9.19818E+11,28.55702641,77.20506705,"inexpensive, comfort food, good crowd, polite staff, flavour, price",not specified
Dil Pasand Biryani Point,Biryani,300,"jama masjid, new delhi",3.9,192,0.0,0,https://www.zomato.com/ncr/dil-pasand-biryani-point-jama-masjid-new-delhi,"735, Haveli Azam Khan, Chitli Qabar Chowk, Jama Masjid, New Delhi",9.19716E+11,28.64703317,77.23501895,"portion size, elaborate menu, fresh food, timely service, good quality, price",not specified
Bakeburry,"Bakery, Desserts, Fast Food",400,"hauz khas, new delhi",3.9,91,4.2,821,https://www.zomato.com/ncr/bakeburry-hauz-khas-new-delhi,"15, Kaushalya Park, Chaudhary Dilip Singh Marg, Hauz Khas, New Delhi",9.19897E+11,28.55001886,77.20545765,not specified,not specified
The Chef Restaurant,"Chinese, Momos, Naga, Tibetan",500,"safdarjung, new delhi",3.9,180,4.3,1881,https://www.zomato.com/ncr/the-chef-restaurant-safdarjung-new-delhi,"66B, Garawd, Humayunpur, Safdarjung, New Delhi",9.19899E+11,28.56191596,77.19383128,"order online, low price, polite staff, food quality, experience, service",not specified
Bhai Ji Shawarma,"Lebanese, Fast Food",300,"dlf phase 5, gurgaon",3.9,166,4.1,5861,https://www.zomato.com/ncr/bhai-ji-shawarma-dlf-phase-5,"Shop 3, Near American Express, DLF Phase 5, Gurgaon",9.17839E+11,28.4543694,77.0974518,"chicken doner platter, chicken gyro, hummus falafel, falafel platter, paneer platter, cheesy fries","inexpensive, good crowd, amazing restaurant, prompt service, low price, polite staff"
Doner And Gyros,"Fast Food, Wraps, Kebab, Lebanese, Salad, Mexican, Beverages",400,"worldmark 1, aerocity, new delhi",3.9,212,3.8,119,https://www.zomato.com/ncr/doner-and-gyros-aerocity-new-delhi,"13, Lower Ground, Worldmark 1, Aerocity, New Delhi",9.11146E+11,28.550337,77.122113,"value for money, packing, great place, worth the money, delicious food, good quality",not specified
Radhey Shyam Choley Bhature,North Indian,200,"sector 18, noida",3.9,62,4.3,2494,https://www.zomato.com/ncr/radhey-shyam-choley-bhature-sector-18-noida,"Shop J 25, Near Center State Mall, Sector 18, Noida",9.19959E+11,28.56838239,77.32397575,not specified,not specified
Pizza On Wheels,Pizza,300,"sector 6, dwarka, new delhi",3.9,97,3.7,0,https://www.zomato.com/ncr/pizza-on-wheels-sector-6-dwarka-new-delhi,"Behind Canara Bank, Sector 6 Market, Sector 6, Dwarka",9.199E+11,28.59146927,77.05887292,"andhra chicken, authentic hyderabadi biryani, chicken 65, spicy food","hygiene, owner, best place, flavour, delicious food, quality"
New Angaar Hyderabadi Cuisine,"Hyderabadi, Chinese, Iranian",750,"karol bagh, new delhi",3.9,343,3.9,1984,https://www.zomato.com/ncr/new-angaar-hyderabadi-cuisine-karol-bagh-new-delhi,"11747/4, Sant Nagar, Karol Bagh, New Delhi",9.19812E+11,28.64848315,77.18415555,"dahi bhalla papdi, rajma rice, kulfi, thali, chaap, dal makhani","family restaurant, great recommendations, great ambiance, interior, environment, nice food"
RP's Standard Punjabi Khana,"North Indian, Chinese, Beverages",500,"nit, faridabad",3.9,519,4.1,11400,https://www.zomato.com/ncr/rps-standard-punjabi-khana-nit-faridabad,"Shop 1, Fruit Garden, Neelam Railway Road, NH-5, NIT, Faridabad",9.19651E+11,28.39827011,77.30663661,"mushroom ragout, stroganoff, hummus, salads, pizzas, pasta","silent place, free wifi, cozy place, servings, decent place, seating"
Cafe Red,"Cafe, Italian, Sandwich, Salad, Fast Food, Beverages",900,"shahpur jat, new delhi",3.9,381,3.9,70,https://www.zomato.com/ncr/cafe-red-shahpur-jat-new-delhi,"5-G, Dada Jungi House, Shahpur Jat, New Delhi",9.1813E+11,28.5494855,77.21231673,not specified,not specified
Miam,"Bakery, Desserts",800,"lado sarai, new delhi",3.9,128,3.9,78,https://www.zomato.com/ncr/miam-lado-sarai-new-delhi,"F-321A, Old MB Road, Lado Sarai, New Delhi",9.19871E+11,28.52388404,77.19385374,"cold coffee shake, peri fries, cheese sandwich, spring roll, burger, drinks","quaint little place, variation, self service, good options, fancy crowd, theme"
The Hipsters Cafe,"Cafe, Chinese, Fast Food, Beverages",500,"raj nagar, ghaziabad",3.9,319,3.9,563,https://www.zomato.com/ncr/the-hipsters-cafe-raj-nagar-ghaziabad,"R - 1/76, RDC, Raj Nagar, Ghaziabad",9.17504E+11,28.67780503,77.44196612,"excellent variety, wonderful presentation, perfect presentation, customizable food, good wifi, elaborate menu",not specified
Chaska- Malai Chaap Wale,"North Indian, Rolls",300,"amrapali dream valley, greater noida",3.9,180,3.9,845,https://www.zomato.com/ncr/chaska-malai-chaap-wale-amrapali-dream-valley-greater-noida,"Shop 08, Lower Ground, Greenarch Commercial Sector, Techzone 4, Gautam Buddha Nagar, Amrapali Dream Valley, Greater Noida",9.17841E+11,28.60084579,77.44814627,"decent ambience, comfortable seating, live music, family restaurant, environment, main course",not specified
Above & Beyond,"North Indian, Chinese, Mughlai, Continental, Beverages, Kebab",1200,"kirti nagar, new delhi",3.9,290,3.7,236,https://www.zomato.com/ncr/above-beyond-kirti-nagar-new-delhi,"A 25A, Tagore Market, Kirti Nagar, New Delhi",9.196E+11,28.65477362,77.13767923,"butterscotch pastry, truffle pastry, chocolate truffle cake, pastries, waffle, cakes","pretty decor, perfect presentation, tamper proof packaging, worth the money, packing, food quality"
Six Degree Cakes And Coffees,"Bakery, Fast Food, Desserts, Beverages",500,"safdarjung, new delhi",3.9,202,4.1,3374,https://www.zomato.com/ncr/six-degree-cakes-and-coffees-safdarjung-new-delhi,"B6, Shop 3, Shopping Center, Safdarjung Enclave, Safdarjung, New Delhi",9.19954E+11,28.55927891,77.19672505,"butterscotch pastry, truffle pastry, chocolate truffle cake, pastries, waffle, cakes","pretty decor, perfect presentation, tamper proof packaging, worth the money, packing, food quality"
Polka,"Bakery, Fast Food, Chinese, Beverages",400,"uttam nagar, new delhi",3.9,284,4.0,3584,https://www.zomato.com/ncr/polka-uttam-nagar-new-delhi,"F-160, Arya Samaj Road, Uttam Nagar, New Delhi",9.19583E+11,28.62100339,77.06034444,"paneer chowmein, blueberry pastry, fried momo, pastries, snacks, momos","courteous staff, young crowd, cafe, good service, good place, nice place"
Gupha Restaurant,"North Indian, Chinese, Mughlai",600,"ballabhgarh, faridabad",3.9,276,3.9,969,https://www.zomato.com/ncr/gupha-restaurant-ballabhgarh-faridabad,"10, New Complex Market, Near Ambedkar Chowk, Ballabhgarh, Faridabad",9.11292E+11,28.33935564,77.32118223,not specified,not specified
Namaste Punjab,"North Indian, Chinese, Mughlai",700,"indirapuram, ghaziabad",3.9,141,3.8,1177,https://www.zomato.com/namastepunjabindirapuram,"Shop 13, 14, Plot 5, Ground Floor, Windsor Park, Vaibhav Khand, Indirapuram, Ghaziabad",9.19319E+11,28.638597,77.366024,"chaap butter masala, chicken manchurian, veg soup, chaap tikka, mutton rogan josh, cheesecake","spill proof packaging, fast delivery, healthy food, perfect presentation, affordable price, wonderful presentation"
Yo! China,"Chinese, Momos",1300,"crown interiorz mall, sector 35, faridabad, faridabad",3.9,457,3.9,3328,https://www.zomato.com/ncr/yo-china-sector-35-faridabad,"S-2, 2nd Floor, Crown Interiorz Mall, Sector 35, Faridabad",9.1991E+11,28.46948767,77.30723239,"dimsum, chilli garlic noodles, mojito, mocktails, starters, drinks","chinese, appetizers, server, decent place, good ambience, main course"
Flaming Wok,"Chinese, Thai, Seafood",1000,"chittaranjan park, new delhi",3.9,423,4.1,2081,https://www.zomato.com/ncr/flaming-wok-chittaranjan-park-new-delhi,"K-1/46, Chittaranjan Park, New Delhi",9.11126E+11,28.53984228,77.25187059,"crispy lamb, soups, buffet, prawns, dimsums, hakka noodles","decent place, manager, portions, decor, good ambience, courteous staff"
Mosaic - Country Inn & Suites,"North Indian, Chinese, Mughlai, Beverages",1500,"country inn & suites by carlson, gurgaon, gurgaon",3.9,188,0.0,1,https://www.zomato.com/ncr/mosaic-country-inn-suites-sector-29,"Country Inn & Suites By Radisson, Sector 29, Gurgaon",9.11245E+11,28.46193873,77.06711635,"dinner buffet, sunday brunch, salads, desserts, soup, paneer tikka","singer, comfortable seating area, family place, main course, hospitality, courteous staff"
Desi Thaath,"Chinese, North Indian, Continental, Desserts, Fast Food",800,"raj nagar, ghaziabad",3.9,138,4.0,119,https://www.zomato.com/ncr/desi-thaath-raj-nagar-ghaziabad,"C-67, RDC, Raj Nagar, Ghaziabad",9.19999E+11,28.67705466,77.44302224,"paneer lababdar, shahi paneer, white sauce pasta, paneer tikka, dal makhni","variety of pizza, outdoor seating, family crowd, good music, good wifi, young crowd"
Barfi,"North Indian, South Indian, Chinese, Street Food, Mithai, Beverages",500,"hajipur, noida",3.9,500,3.9,12500,https://www.zomato.com/ncr/barfi-hajipur,"514 & 515, Hajipur Village, Sector 104, Near Hajipur, Noida",9.19999E+11,28.53846,77.36726,"barfi, raj kachori, deluxe thali, rasmalai, chaat, masala dosa","nice food, hygiene, good taste, quality food, good food, good service"
Waffle Street,"Desserts, Beverages, Fast Food",400,"janakpuri, new delhi",3.9,249,4.3,2389,https://www.zomato.com/ncr/waffle-street-1-janakpuri-new-delhi,"C-4B, 294-A, Ground Floor, Lal Sain Mandir Marg, Janakpuri, New Delhi",9.11149E+11,28.6192858,77.09176283,"ferrero rocher waffle, kitkat waffle, brownie waffle, death by chocolate, red velvet, dessert","totally worth it, table service, preparation, best place, packaging, ambience"
Restro La Waffle,"Cafe, Desserts, Italian, Wraps, Fast Food, Salad, Beverages",450,"sector 17, faridabad",3.9,224,3.7,2535,https://www.zomato.com/ncr/restro-la-waffle-sector-17-faridabad,"Shop 32, First Floor, Main Market, Sector 17, Faridabad",9.18861E+11,28.41053907,77.32899249,"blueberry cooler, ferrero rocher waffle, dessert counter, nutella waffle, waffles, burgers","sit and read, fancy crowd, cute packaging, food presentation, great portions, timely service"
Ashirbad Snack Corner,"North Indian, Rolls",250,"chittaranjan park, new delhi",3.9,142,4.1,1836,https://www.zomato.com/ncr/ashirbad-snack-corner-chittaranjan-park-new-delhi,"Shop 3, Market 3, Chittaranjan Park, New Delhi",9.19811E+11,28.54095149,77.24320102,not specified,not specified
Moustache Coffee,"Cafe, Continental, Italian",400,"mayur vihar phase 2, new delhi",3.9,258,4.0,2317,https://www.zomato.com/ncr/moustache-coffee-mayur-vihar-phase-2-new-delhi,"Shop G8, Manish Chamber LSC, Pocket B, Mayur Vihar Phase 2, New Delhi",9.18827E+11,28.61971283,77.30158234,"moustache coffee, choco caramel, cheesy fries, shakes, sandwich, burgers","couple friendly, affordable, cafe, friendly staff, owner, crowd"
Wangshi's,"Chinese, Thai, Seafood",700,"the sapphire mall, sector 49, gurgaon, gurgaon",3.9,386,4.1,2173,https://www.zomato.com/ncr/wangshis-sector-49,"G 52, The Sapphire Mall, Sector 49, Delhi NCR, Delhi NCR",9.11244E+11,28.41196076,77.04847667,"vegetable spring roll, honey chilli potatoes, noodle, dimsum, manchow soup, veg hakka noodles","office crowd, on time delivery, elegantly decorated, amazing packaging, pocket friendly, comfort food"
Fruit Crux,"Salad, Beverages, Healthy Food, Fast Food",300,"vaishali, ghaziabad",3.9,153,4.1,3145,https://www.zomato.com/ncr/fruit-crux-vaishali-ghaziabad,"Shop 5, Plot 574, Opposite Gulati Vardi Wala, Sector 5, Vaishali, Ghaziabad",9.11204E+11,28.646493,77.347708,"owner, worth the money, timely service, prices, great portions, staff",not specified
Mehfil Chicken,North Indian,400,"gamma 1, greater noida",3.9,280,0.0,0,https://www.zomato.com/ncr/mehfil-chicken-gamma-1,"Main Market, Jagat Farms, Gamma 1, Noida",9.19643E+11,28.48020739,77.50007685,"biryani, north indian, mughlai, hyderabadi, kebab, rolls",not specified
Break Fast Point,Street Food,250,"chander nagar, new delhi",3.9,172,4.1,1088,https://www.zomato.com/ncr/break-fast-point-chander-nagar-new-delhi,"27, Satnam Park, Bhagat Singh Road, Chander Nagar, New Delhi",9.1981E+11,28.65544824,77.28224527,not specified,not specified
Gopala,"Mithai, Street Food, Beverages",250,"sector 93, noida",3.9,111,0.0,0,https://www.zomato.com/ncr/gopala-sector-93-noida,"Eldeco Convenience Shopping Area, GF, Eldeco Studio Apartments, Sector 93A, Sector 93, Noida",9.18589E+11,28.51452895,77.38531619,"very clean place, parking space available, management, great taste, location, good place",not specified
Ravi Baati Chokha & Food Corner,North Indian,400,"gamma 1, greater noida",3.9,4,4.2,421,https://www.zomato.com/ncr/ravi-baati-chokha-food-corner-gamma-1-greater-noida,"Shop 10, Savitri Market, Amritpuram Market, Jagat Farm, Gamma 1, Greater Noida",9.19774E+11,28.480017,77.500676,not specified,not specified
Veer Ji Naan Wale,North Indian,200,"paschim vihar, new delhi",3.9,247,3.9,10700,https://www.zomato.com/ncr/veer-ji-naan-wale-paschim-vihar-new-delhi,"A-2, Shop-18, Paschim Vihar, New Delhi",9.19556E+11,28.66898197,77.102031,"good portions, inexpensive, mouth watering food, nice food, awesome food, great taste",not specified
Bombay Dhaba,North Indian,400,"sector 31, gurgaon",3.9,313,3.8,8394,https://www.zomato.com/ncr/bombay-dhaba-sector-31,"Main Jhadsa Road, Near Sector 31, Gurgaon",9.17983E+11,28.44876483,77.04509541,"plenty of vegetarian options, drive through, office crowd, elegantly decorated, bang for the buck, pocket friendly",not specified
Pinch of Punjab,"North Indian, Rolls",300,"rohini, new delhi",3.9,307,3.7,9571,https://www.zomato.com/ncr/pinch-of-punjab-rohini-new-delhi,"Flat 125, Pocket 7, Sector 2, Rohini, New Delhi",9.19953E+11,28.70043879,77.10188515,"amritsari thali, afghani chaap, paneer lababdar, naan, paneer tikka, dal makhni","good taste, good service, good food, delicious food, price, good quality"
Bunny's Bite N Sip,"North Indian, Chinese, Fast Food, Mughlai",500,"najafgarh, new delhi",3.9,378,3.8,5207,https://www.zomato.com/ncr/bunnys-bite-n-sip-najafgarh-new-delhi,"1631, Opposite Canara Bank, Najafgarh, New Delhi",9.18751E+11,28.61015788,76.98168665,"pocket friendly, good crowd, good taste, tasty, great service, price",not specified
Wicked Waffles,"Desserts, Fast Food",300,"vikas marg, new delhi",3.9,202,4.1,1907,https://www.zomato.com/ncr/wicked-waffles-vikas-marg-new-delhi,"G-85, Preet Vihar Main Road, Vikas Marg, New Delhi",9.19712E+11,28.64229176,77.29694344,"cute little place, prompt service, cafe, nice place, presentation, good place",not specified
Al-Nawab Restaurant,"Mughlai, North Indian, Biryani",450,"hajipur, noida",3.9,192,3.9,3006,https://www.zomato.com/ncr/al-nawab-restaurant-hajipur,"Shop 1, Main Market, Sector 104, Hajipur, Noida",9.18506E+11,28.538582,77.364543,"khameeri roti, chicken korma, chicken biryani, chutney","economical, good portions, amazing food, menu, experience"
The 56th Street,"North Indian, Rolls",600,"sector 56, gurgaon",3.9,199,4.2,3384,https://www.zomato.com/ncr/the-56th-street-sector-56,"4, District Shopping Center, Sector 56, Gurgaon",9.17503E+11,28.42871165,77.10005321,"prompt delivery, prompt service, polite staff, excellent food, owner, good place",not specified
Tandoori King,"North Indian, Momos, Mughlai",500,"aditya city centre, indirapuram, ghaziabad",3.9,82,4.1,1521,https://www.zomato.com/ncr/tandoori-king-indirapuram-ghaziabad,"Shop SG 1, 1A, Aditya City Centre, Indirapuram, Ghaziabad",9.18178E+11,28.63908617,77.36114882,"masala chaap, panner tikka, veg biryani, tandoori chicken","prompt service, reasonable prices, main course, delicious food, staff, quality"
Brown Bites,Bakery,200,"sector 135, noida",3.9,124,4.1,1009,https://www.zomato.com/ncr/brown-bites-sector-135-noida,"Shop 5, Tower 1, Paras Seasons Apartment, Sector 135, Noida",9.18447E+11,28.49610358,77.40792856,"good taste, presentation, prices, worth the money, quality, staff",not specified
Deepak Vaishno Dhaba,North Indian,400,"jail road, new delhi",3.9,138,0.0,1,https://www.zomato.com/ncr/deepak-vaishno-dhaba-jail-road-new-delhi,"Stalls A-F, DDA Market, Jail Road, New Delhi",9.11126E+11,28.63138665,77.09812202,"achari chaap, malai chaap, shahi paneer, dal makhani",not specified
Bubble Waffle,"Fast Food, Desserts",550,"karkardooma, new delhi",3.9,327,4.0,4753,https://www.zomato.com/ncr/bubble-waffle-2-karkardooma-new-delhi,"G-2, Rishabh Vihar, DDA Market, Karkardooma, New Delhi",9.19316E+11,28.65348142,77.30256602,"milky way, kitkat waffle, choco truffle, churros, peri fries, maggi","totally worth it, table service, pretty decor, pocket friendly, packed on weekends, fancy crowd"
Ssence - A Culinary Showcase - The Suryaa New Delhi,"North Indian, Pizza, Desserts, Fast Food, Pasta, Sandwich",3000,"the suryaa new delhi, new friends colony, new delhi",3.9,168,0.0,3,https://www.zomato.com/ncr/ssence-a-culinary-showcase-the-suryaa-new-delhi-new-friends-colony-new-delhi,"The Suryaa New Delhi, New Friends Colony, New Delhi",9.11148E+11,28.5610022,77.26939179,"sophisticated, live kitchen, chef, great service, ambiance, staff",not specified
Sampan - The Suryaa New Delhi,"Chinese, Sushi, North Indian, Fast Food, Sandwich",2500,"the suryaa new delhi, new friends colony, new delhi",3.9,172,0.0,0,https://www.zomato.com/ncr/sampan-the-suryaa-new-delhi-new-friends-colony-new-delhi,"The Suryaa, New Friends Colony, New Delhi",9.11148E+11,28.56102252,77.26945918,"sophisticated, beautiful view, great view, rooftop ambience, roof, comfortable seating",not specified
Polo Lounge - Hyatt Regency,Finger Food,2500,"hyatt regency, bhikaji cama place, new delhi",3.9,89,0.0,0,https://www.zomato.com/ncr/polo-lounge-hyatt-regency-bhikaji-cama-place-new-delhi,"Hyatt Regency, Bhikaji Cama Place, New Delhi",9.11167E+11,28.56844276,77.18697421,"extensive mocktail menu, vintage decor, live sports screening, bar, excellent service, nice place",not specified
Mayur's Urban Spice,"Street Food, Fast Food, Chinese, North Indian, Desserts, Beverages",750,"durga puri, new delhi",3.9,5,3.7,34,https://www.zomato.com/ncr/mayurs-urban-spice-durga-puri-new-delhi,"B-1, Main 100 Feet Road, Chhajjupur, Near Durgapuri Chowk, Durga Puri, New Delhi",9.19811E+11,28.68952,77.28702,not specified,not specified
Kathi Junction,"Rolls, North Indian, Chinese",300,"gamma 1, greater noida",3.9,349,3.7,5873,https://www.zomato.com/ncr/kathi-junction-gamma-1,"35, Jagat Plaza, Jagat Farm, Gamma 1, Greater Noida",9.18883E+11,28.48148256,77.49913942,"pocket friendly, good value, environment, awesome food, nice place, great taste",not specified
Singh Sahab Chaap Wale,North Indian,150,"vijay nagar, new delhi",3.9,94,3.7,618,https://www.zomato.com/ncr/singh-sahab-chaap-wale-vijay-nagar-new-delhi,"Shop E 20, Single Story, Near Shani Mandir, Vijay Nagar, New Delhi",9.196E+11,28.69330493,77.20176626,not specified,not specified
Shandong,"Chinese, Thai, North Indian",700,"alpha 2, greater noida",3.9,114,4.0,246,https://www.zomato.com/ncr/shandong-alpha-2-greater-noida,"Shop 57, Lower Ground Floor, KB Complex, Alpha 2, Greater Noida",9.17409E+11,28.47768324,77.5174579,"best food under best budget, young crowd, customizable food, music, elaborate menu, fresh food",not specified
Cake-O-Licious,Bakery,400,"rajouri garden, new delhi",3.9,53,0.0,0,https://www.zomato.com/ncr/cake-o-licious-rajouri-garden-new-delhi,"Rajouri Garden, New Delhi",9.18448E+11,28.64040179,77.11990189,"highly customizable cakes, great taste, presentation, best place, packaging, price",not specified
Telegram,"North Indian, Fast Food, Chinese, Mughlai",800,"vijay nagar, new delhi",3.9,771,3.8,2033,https://www.zomato.com/ncr/telegram-vijay-nagar-new-delhi,"F 21/B, Opposite NDPL Office, Vijay Nagar, New Delhi",9.11147E+11,28.69382667,77.20441528,"mozzarella cheese sticks, dahi ke sholey, kitkat shake, spaghetti, virgin mojito, mocktail","hospitable staff, sheesha, cosy place, theme, cafe, friendly place"
Joy Luck Moon,Chinese,1800,"select citywalk mall, saket, new delhi",3.9,684,3.9,113,https://www.zomato.com/ncr/joy-luck-moon-saket-new-delhi,"S-10, 2nd Floor, Select Citywalk Mall, Saket, New Delhi",9.19873E+11,28.52854007,77.21937496,"crispy noodle, kung pao chicken, crispy chicken, sweet corn soup, dimsums, prawns","chinese, good value, nice staff, seat, sitting area, outdoor seating"
Relax Restaurant,"North Indian, Mughlai, Chinese, Kebab, Fast Food",600,"lajpat nagar 1, new delhi",3.9,308,4.2,6289,https://www.zomato.com/ncr/relax-restaurant-lajpat-nagar-1-new-delhi,"E-86, Lajpat Nagar 1, New Delhi",9.11142E+11,28.57322872,77.24144988,"dahi kebab, tawa chicken, malai tikka, butter chicken, dal makhani, paneer tikka","family restaurant, good ambience, main course, packing, great food, nice place"
Glasshouse - DoubleTree by Hilton,"European, North Indian",2500,"hilton garden inn, sector 50, gurgaon, gurgaon",3.9,264,3.9,105,https://www.zomato.com/ncr/glasshouse-doubletree-by-hilton-sector-50-gurgaon,"Hilton Garden Inn, Khewat 28/35, Hotel Block, Baani Square, Sector 50, Gurgaon",9.188E+11,28.42570861,77.05769811,"glass house, peaceful ambience, worth the price, beautiful place, courteous staff, excellent service",not specified
Bamboo Hut,"Naga, Tibetan",700,"safdarjung, new delhi",3.9,197,4.1,2961,https://www.zomato.com/ncr/bamboo-hut-safdarjung-new-delhi,"298, Humayunpur, B6 Market, Safdarjung Enclave, Opposite Deer Park, Safdarjung, New Delhi",9.17043E+11,28.55950537,77.19583388,"portion, nice place, prices, quantity, ambience, service",not specified
Hyde by Plan B,"North Indian, Chinese",1000,"sector 21, gurgaon",3.9,237,0.0,10,https://www.zomato.com/ncr/hyde-by-plan-b-sector-21,"14/3, Old Delhi Gurgaon Road, Near Infocity, Sector 21, Gurgaon",9.2E+11,28.50829167,77.07190175,"crowd, environment, good ambience, music, great service, nice place",not specified
Golden Bake & Cakes,"Bakery, Fast Food, Desserts",350,"sector 15, dwarka, new delhi",3.9,274,3.7,3732,https://www.zomato.com/ncr/golden-bake-cakes-sector-15-dwarka-new-delhi,"67, Sewak Park, Dwarka Mor, Near Metro Pillar 778, Sector 15, Dwarka, New Delhi",9.1801E+11,28.61896382,77.03319948,"choco vanilla cake, chocolate truffle pastry, paneer tikka pizza, cookies, deserts, chocolate","delivery person, decoration, good packaging, best quality, hospitality, proper packaging"
Captain Bill$ Deliverz,"North Indian, Chinese, Fast Food",600,"sector 53, gurgaon",3.9,305,3.8,2239,https://www.zomato.com/ncr/captain-bill-deliverz-sector-53,"Plot 458, Sarasvati Kunj 2, Sector 53, Gurgaon",9.18751E+11,28.43733,77.09593,"rara ghost, veg club sandwich, chilli potatoes, soya chaap, paneer butter masala, veg biryani","great concept, proper packaging, delivery services, prompt delivery, best restaurant, prompt service"
DW Cafe,"Cafe, North Indian, Fast Food",400,"rajinder nagar, new delhi",3.9,82,3.6,80,https://www.zomato.com/ncr/dw-cafe-rajinder-nagar-new-delhi,"J-424, Ground floor, New Rajinder Nagar, New Delhi",9.19718E+11,28.637955,77.18293,"affordable, weekend brunch, interior, student crowd, good music, young crowd",not specified
Chaudhary Dhaba,North Indian,300,"sector 31, faridabad",3.9,154,3.5,288,https://www.zomato.com/ncr/chaudhary-dhaba-sector-31-faridabad,"14, Million Store, NHPC Metro Station, DLF Industrial Area, Sector 31, Faridabad",9.18587E+11,28.45638839,77.30761662,not specified,not specified
#Rolls,"Rolls, Lebanese",600,"jaipuria sunrise plaza, indirapuram, ghaziabad",3.9,133,3.6,581,https://www.zomato.com/ncr/rolls-indirapuram-ghaziabad,"Jaipuria Sunrise Green Mall Road, Ahinsa Khand 1, Indirapuram, Ghaziabad",9.18883E+11,28.64138724,77.37599149,"peri peri roll, crispy chicken roll, egg roll, corn, rolls, mutton","perfect service, good packing, contactless delivery, friendly place, best quality, perfect presentation"
N D Chicken Corner,"North Indian, Chinese",400,"indirapuram, ghaziabad",3.9,49,3.3,191,https://www.zomato.com/ncr/n-d-chicken-corner-indirapuram-ghaziabad,"Shop 11, Shri Ram Commercial Complex, Nyay Khand 1, Indirapuram, Ghaziabad",9.16396E+11,28.64112948,77.34760199,not specified,not specified
Hungry La,"North Indian, Fast Food",200,"dlf phase 3, gurgaon",3.9,5,0.0,1,https://www.zomato.com/ncr/hungry-la-dlf-phase-3,"Shop 3, U51/44, Ground Floor, U Block, DLF Phase 3, Gurgaon",9.19644E+11,28.49188725,77.09378857,not specified,not specified
Dawat Xpress,"North Indian, Mughlai, Rolls",450,"kalkaji, new delhi",3.9,312,4.2,1899,https://www.zomato.com/ncr/dawat-xpress-kalkaji-new-delhi,"Shop 2, Krishna Market, Opposite Desh Bandhu College, Kalkaji, New Delhi",9.11126E+11,28.54163186,77.25543458,"lemon chicken, rajma rice, shawarma, tandoori chicken, dal, rolls","takeaway, owner, nice food, portions, best place, good food"
Aman-Deep Pure Veg,"North Indian, Chinese",400,"shalimar bagh, new delhi",3.9,281,4.0,2158,https://www.zomato.com/ncr/aman-deep-pure-veg-shalimar-bagh-new-delhi,"Shop G 3, BN Block Market, Shalimar Bagh, New Delhi",9.11127E+11,28.70628885,77.16250543,"panneer butter masala, masala chaap, shahi paneer, dal, naan","seating, worth the money, prices, timely service, quantity, packaging"
All Biryani King,"Mughlai, North Indian",400,"uttam nagar, new delhi",3.9,223,3.5,1042,https://www.zomato.com/ncr/all-biryani-king-uttam-nagar-new-delhi,"D-443, 1st Floor, Gali 16, Mahavir Enclave Part-3, Uttam Nagar, New Delhi",9.19838E+11,28.60310059,77.06876054,"muradabadi chicken biryani, cheesecake, dal makhani, naan, chicken","variety of pizza, customizable dishes, weekend brunch, food quantity, student crowd, young crowd"
Grills & Platters By Pind Balluchi,"North Indian, Mughlai, Kebab",2000,"greater kailash 1 (gk1), new delhi",3.9,282,4.1,171,https://www.zomato.com/ncr/grills-platters-by-pind-balluchi-greater-kailash-gk-1-new-delhi,"A-3, First Floor, Pamposh Enclave, Main Ring Road, Greater Kailash 1 (GK 1), New Delhi",9.19819E+11,28.54496117,77.24704765,"pricing is reasonable, parking space, chair, comfortable seating area, booking, servings",not specified
Chilli Dragon,"Chinese, Tibetan, Thai, Seafood",700,"malviya nagar, new delhi",3.9,252,4.1,4685,https://www.zomato.com/ncr/chilli-dragon-malviya-nagar-new-delhi,"C-2, Ground Floor, Panchsheel Vihar, Malviya Nagar, New Delhi",9.1113E+11,28.534271,77.2187034,"fried rice chicken, chicken momo, noodle, spring roll, dimsums, chilli potato","casual seating area, chinese restaurant, nice crowd, great recommendations, polite staff, perfect presentation"
Playboy Tap,"European, Continental",1600,"global foyer mall, golf course road, gurgaon",3.9,265,0.0,0,https://www.zomato.com/ncr/playboy-tap-golf-course-road,"Global Foyer Mall, Sector 43, Golf Course Road, Gurgaon",9.19892E+11,28.46445913,77.09475752,"cigar roll, chicken tikka pizza, crispy corn, mutton seekh, cocktails, brownie","live entertainment, good bartenders, beautiful interior, recommend place, dj, cool place"
Ricks Bar - The Taj Mahal Hotel,"Malaysian, Thai",4200,"the taj mahal hotel, mansingh road, new delhi",3.9,95,0.0,0,https://www.zomato.com/ncr/ricks-bar-the-taj-mahal-hotel-mansingh-road-new-delhi,"The Taj Mahal Hotel, 1, Mansingh Road, New Delhi",9.11123E+11,28.6049763,77.2242174,not specified,not specified
Glued Reloaded,"Cafe, Fast Food, Rolls",1000,"sector 41, noida",3.9,455,0.0,0,https://www.zomato.com/ncr/glued-reloaded-sector-41-noida,"Glued Reloaded, Dynamic House, Next HP Petrol Pump, Sector 41, Noida",9.1954E+11,28.56168862,77.36093994,"fun place, hookah, sheesha, cool place, decent place, concept",not specified
Cocoberry,"Frozen Yogurt, Desserts, Beverages",400,"m block market, greater kailash 1 (gk1), new delhi",3.9,219,4.2,1822,https://www.zomato.com/ncr/cocoberry-greater-kailash-gk-1-new-delhi,"Shop 2, Ground Floor, Building C-44, Greater Kailash 1 (GK 1), New Delhi",9.11142E+11,28.54825092,77.23943587,not specified,not specified
Bablu Chic-Inn,"Mughlai, North Indian, Chinese, Fast Food",500,"ashok vihar phase 3, new delhi",3.9,183,4.1,545,https://www.zomato.com/ncr/bablu-chic-inn-ashok-vihar-phase-3-new-delhi,"Shop 9, Pocket B, DDA Market, Ashok Vihar Phase 3, New Delhi",9.2E+11,28.69247261,77.17800424,"great recommendations, tamper proof packaging, prices, good food, menu, service",not specified
Kovilakam,South Indian,350,"dilshad garden, new delhi",3.9,114,0.0,1,https://www.zomato.com/ncr/kovilakam-dilshad-garden-new-delhi,"F-1, Lower Ground 2, Mrignaini Chowk, Dilshad Colony, Dilshad Garden, New Delhi",9.19654E+11,28.6841008,77.32672501,"kerala parotta, roasted chicken, chicken curry, veg biryani","lip smacking food, amazing food, owner, good place, good food, quality"
Krips Restaurant,"North Indian, Chinese, Mughlai",900,"basant lok market, vasant vihar, new delhi",3.9,316,3.9,2977,https://www.zomato.com/ncr/krips-restaurant-vasant-vihar-new-delhi,"59, Community Centre, Basant Lok Market, Vasant Vihar, New Delhi",9.11141E+11,28.55731029,77.16394275,"excellent food, good ambience, courteous staff, awesome food, great food, ambiance",not specified
Cafe 147,"Cafe, North Indian, Chinese, Kashmiri, Rolls, Pizza, Beverages",800,"sainik farms, new delhi",3.9,120,3.8,196,https://www.zomato.com/ncr/cafe-147-sainik-farms-new-delhi,"Shop A1/7, Ground Floor, Main IGNOU Road, Neb Sarai, Sainik Farms, New Delhi",9.19812E+11,28.5103384,77.20205594,"pool, live music, cafe, environment, good place, staff",not specified
Pizzasia,"Pizza, Fast Food, Beverages",500,"gaur city 2, greater noida",3.9,165,3.9,5196,https://www.zomato.com/ncr/pizzasia-gaur-city-2-greater-noida,"Shop 14, Ground Floor, Bhawishya India Tower, Gaur City 2, Greater Noida",9.18861E+11,28.61825,77.427417,"cordial staff, great recommendations, mouth watering food, reasonable prices, quantity, ambience",not specified
